PV093025/NA/NA/Neogale-vison/2023	PV093025/NA/NA/Neogale-vison/2023	1.0
PV093025/NA/NA/Neogale-vison/2023	MN725025/NA/NA/chicken/2018	1.0
PV093025/NA/NA/Neogale-vison/2023	OR545548/NA/AAstV-Chicken-CHN-2022-SQ2201/chicken/2022	1.0
PV093025/NA/NA/Neogale-vison/2023	MN807051/NA/AAstV-Chicken-CHN-2018-CZ1801/Gallus-gallus/2018	1.0
PV093025/NA/NA/Neogale-vison/2023	OP169001/NA/AAstV-Chicken-CHN-2021-HA2101/chicken/2021	1.0
PV093025/NA/NA/Neogale-vison/2023	MK746105/NA/AAstV-Chicken-CHN-2017-NJ1701/chicken/2017	1.0
PV093025/NA/NA/Neogale-vison/2023	PV093029/NA/NA/Neogale-vison/2023	1.0
PV093025/NA/NA/Neogale-vison/2023	PV093028/NA/NA/Neogale-vison/2023	1.0
PV093025/NA/NA/Neogale-vison/2023	PV093027/NA/NA/Neogale-vison/2023	1.0
PV093025/NA/NA/Neogale-vison/2023	PV093026/NA/NA/Neogale-vison/2023	1.0
PV093025/NA/NA/Neogale-vison/2023	MN725026/NA/NA/chicken/2018	1.0
OP484924/NA/NA/goose/2018	OP484924/NA/NA/goose/2018	2.0
OP484924/NA/NA/goose/2018	OM100594/NA/AstV-HB03-Goose-0810-19/goose/2019	2.0
OP484924/NA/NA/goose/2018	MZ648231/NA/AAstV-Goose-CHN-2021-ZM/goose/2021	2.0
OP484924/NA/NA/goose/2018	MN127959/NA/NA/goose/2018	2.0
OP484924/NA/NA/goose/2018	MN307115/NA/AstV-AH01-Goose-0512-18/goose/2018	2.0
OP484924/NA/NA/goose/2018	OP484923/NA/NA/goose/2018	2.0
OP484924/NA/NA/goose/2018	OM100593/NA/AstV-AN06-Goose-0714-19/goose/2019	2.0
OP484924/NA/NA/goose/2018	MN127958/NA/NA/goose/2018	2.0
OP484924/NA/NA/goose/2018	MN307114/NA/AstV-HN01-Goose-0103-18/goose/2018	2.0
OP484924/NA/NA/goose/2018	MN068024/NA/GTF-07/goose/2018	2.0
OP484924/NA/NA/goose/2018	ON954324/NA/NA/goose/2021	2.0
OP484924/NA/NA/goose/2018	OM100592/NA/AstV-AH05-Goose-0711-19/goose/2019	2.0
OP484924/NA/NA/goose/2018	MZ819184/NA/ZJLD/goose/2020	2.0
OP484924/NA/NA/goose/2018	MN127957/NA/NA/goose/2018	2.0
OP484924/NA/NA/goose/2018	MN894548/NA/NA/goose/2019	2.0
OP484924/NA/NA/goose/2018	MN068023/NA/GTF-04/goose/2018	2.0
OP484924/NA/NA/goose/2018	OM100591/NA/AstV-AH04-Goose-0614-19/goose/2019	2.0
OP484924/NA/NA/goose/2018	MZ819183/NA/JRMS/goose/2020	2.0
OP484924/NA/NA/goose/2018	MN127956/NA/NA/goose/2018	2.0
OP484924/NA/NA/goose/2018	MN337323/NA/XX/goose/2018	2.0
OP484924/NA/NA/goose/2018	OM100590/NA/AstV-AH03-Goose-0422-19/goose/2019	2.0
OP484924/NA/NA/goose/2018	MW536497/NA/YC20/goose/2020	2.0
OP484924/NA/NA/goose/2018	MN127955/NA/NA/goose/2019	2.0
OP484924/NA/NA/goose/2018	MN399857/NA/SDXT/duck/2019	2.0
OP484924/NA/NA/goose/2018	PV780437/NA/JX05/Anser-anser/2025	2.0
OP484924/NA/NA/goose/2018	OM455389/NA/HeB-BD4-2019/goose/2019	2.0
OP484924/NA/NA/goose/2018	OK148600/NA/NA/goose/2020	2.0
OP484924/NA/NA/goose/2018	MN127954/NA/NA/goose/2019	2.0
OP484924/NA/NA/goose/2018	PV780436/NA/JX04/Anser-anser/2023	2.0
OP484924/NA/NA/goose/2018	OQ787033/NA/JL01-0801-19/goose/2019	2.0
OP484924/NA/NA/goose/2018	OM455388/NA/HeB-BD1-2021/goose/2021	2.0
OP484924/NA/NA/goose/2018	OM273310/NA/NA/goose/2021	2.0
OP484924/NA/NA/goose/2018	MN127953/NA/NA/goose/2019	2.0
OP484924/NA/NA/goose/2018	MK125058/NA/JSHA/gosling/2016	2.0
OP484924/NA/NA/goose/2018	PV780435/NA/JX03/Anser-anser/2023	2.0
OP484924/NA/NA/goose/2018	PQ740944/NA/CH-HBXT-2022/goose/2022	2.0
OP484924/NA/NA/goose/2018	ON400505/NA/GAstV-GD2104/goose/2021	2.0
OP484924/NA/NA/goose/2018	OM273309/NA/NA/goose/2021	2.0
OP484924/NA/NA/goose/2018	MN127952/NA/NA/goose/2018	2.0
OP484924/NA/NA/goose/2018	PV780434/NA/JX02/Anser-anser/2023	2.0
OP484924/NA/NA/goose/2018	OQ909424/NA/Sichuan/goose/2021	2.0
OP484924/NA/NA/goose/2018	OM273308/NA/NA/goose/2021	2.0
OP484924/NA/NA/goose/2018	MN127951/NA/NA/goose/2018	2.0
OP484924/NA/NA/goose/2018	ON382522/NA/GAstV-GD2105/goose/2022	2.0
OP484924/NA/NA/goose/2018	OM273307/NA/NA/goose/2021	2.0
OP484924/NA/NA/goose/2018	MN103532/NA/NA/goose/2018	2.0
OP484924/NA/NA/goose/2018	ON382521/NA/GAstV-GD2103/goose/2021	2.0
OP484924/NA/NA/goose/2018	OM273306/NA/NA/goose/2021	2.0
OP484924/NA/NA/goose/2018	PQ552759/NA/NA/duck/2024	2.0
OP484924/NA/NA/goose/2018	ON382520/NA/GAstV-GD2102/goose/2021	2.0
OP484924/NA/NA/goose/2018	ON205965/NA/AAstv-CHN-Goose-2018/goose/2018	2.0
OP484924/NA/NA/goose/2018	OM273305/NA/NA/goose/2021	2.0
OP484924/NA/NA/goose/2018	MT708902/NA/AAstV-Goose-CHN-2019-DY-19/Anser-anser/2019	2.0
OP484924/NA/NA/goose/2018	MH807626/NA/NA/goose/2018	2.0
OP484924/NA/NA/goose/2018	PQ435198/NA/NA/goose/2023	2.0
OP484924/NA/NA/goose/2018	ON382519/NA/GAstV-GD2101/goose/2021	2.0
OP484924/NA/NA/goose/2018	OM811458/NA/Astv-Goose-Heilongjiang-ZYL01-2018/goose/2018	2.0
OP484924/NA/NA/goose/2018	OL982615/NA/JSZ29/goose/2020	2.0
OP484924/NA/NA/goose/2018	OM273304/NA/NA/goose/2021	2.0
OP484924/NA/NA/goose/2018	KY807085/NA/HN1G/Lingxian-White-Goose/2014	2.0
OP484924/NA/NA/goose/2018	PQ308726/NA/GAstV-GDFS-Goose-2024/goose/2024	2.0
OP484924/NA/NA/goose/2018	ON156528/NA/NA/goose/2022	2.0
OP484924/NA/NA/goose/2018	OL982614/NA/JSCZ15/goose/2015	2.0
OP484924/NA/NA/goose/2018	OM273303/NA/NA/goose/2021	2.0
OP484924/NA/NA/goose/2018	PV600843/NA/HNJZ-2023/goose/2023	2.0
OP484924/NA/NA/goose/2018	PP382210/NA/J2-2021/Jiangnan-White-Goose/2021	2.0
OP484924/NA/NA/goose/2018	OL982613/NA/XSSH/goose/2020	2.0
OP484924/NA/NA/goose/2018	OM273302/NA/NA/goose/2021	2.0
OP484924/NA/NA/goose/2018	PV524668/NA/JXNC1/goose/2025	2.0
OP484924/NA/NA/goose/2018	ON745304/NA/ZJCX/landaise/2021	2.0
OP484924/NA/NA/goose/2018	OL963558/NA/JSW10/goose/2020	2.0
OP484924/NA/NA/goose/2018	OP776629/NA/NA/goose/2021	2.0
OP484924/NA/NA/goose/2018	OM937013/NA/NA/goose/2017	2.0
OP484924/NA/NA/goose/2018	OL963557/NA/JSW1/goose/2020	2.0
OP484924/NA/NA/goose/2018	MZ540211/NA/NA/goose/2019	2.0
OP484924/NA/NA/goose/2018	OR902765/NA/NA/goose/2023	2.0
OP484924/NA/NA/goose/2018	OL762473/NA/JXGZ/goose/2020	2.0
OP484924/NA/NA/goose/2018	OL963556/NA/JSSQ/goose/2020	2.0
OP484924/NA/NA/goose/2018	MN809622/NA/AstV-SDTA/duck/NA	2.0
OP484924/NA/NA/goose/2018	OR902764/NA/NA/goose/2023	2.0
OP484924/NA/NA/goose/2018	OM066895/NA/AAstV-Goose-CHN-2021-ZY02/goose/2021	2.0
OP484924/NA/NA/goose/2018	OL963555/NA/JSCZ/goose/2020	2.0
OP484924/NA/NA/goose/2018	MW592379/NA/HNXX-6-China-2020/goose/2020	2.0
OP484924/NA/NA/goose/2018	MG934571/NA/GD/goose/2017	2.0
OP484924/NA/NA/goose/2018	OR902763/NA/NA/goose/2023	2.0
OP484924/NA/NA/goose/2018	OP179660/NA/NA/goose/2022	2.0
OP484924/NA/NA/goose/2018	OM066894/NA/AAstV-Goose-CHN-2021-HR2110-1/goose/2021	2.0
OP484924/NA/NA/goose/2018	OP020131/NA/NA/50-day-old-Landes-geese/2022	2.0
OP484924/NA/NA/goose/2018	MW592378/NA/HNSQ-6-China-2020/goose/2020	2.0
OP484924/NA/NA/goose/2018	PP966939/NA/GZ2301/goose/2023	2.0
OP484924/NA/NA/goose/2018	OR902762/NA/NA/goose/2023	2.0
OP484924/NA/NA/goose/2018	OP621341/NA/NA/goose/2019	2.0
OP484924/NA/NA/goose/2018	OM066893/NA/AAstV-Goose-CHN-2021-HR2105-2/goose/2021	2.0
OP484924/NA/NA/goose/2018	OL536330/NA/HeB-BD1-2020/goose/2020	2.0
OP484924/NA/NA/goose/2018	OK571390/NA/JRMS/goose/2020	2.0
OP484924/NA/NA/goose/2018	MW592377/NA/HNKF-1-China-2020/goose/2020	2.0
OP484924/NA/NA/goose/2018	MH052598/NA/NA/goose/2017	2.0
OP484924/NA/NA/goose/2018	OR902761/NA/NA/goose/2023	2.0
OP484924/NA/NA/goose/2018	OP621340/NA/NA/goose/2019	2.0
OP484924/NA/NA/goose/2018	OM066892/NA/AAstV-Goose-CHN-2021-HR2105-1/goose/2021	2.0
OP484924/NA/NA/goose/2018	OK571389/NA/ZJLD/goose/2020	2.0
OP484924/NA/NA/goose/2018	MW345727/NA/SDPD/goose/2019	2.0
OP484924/NA/NA/goose/2018	MF772821/NA/NA/Lande-geese/2017	2.0
OP484924/NA/NA/goose/2018	OP621339/NA/NA/goose/2019	2.0
OP484924/NA/NA/goose/2018	OL853843/NA/HLJ/goose/2019	2.0
OP484924/NA/NA/goose/2018	PP444710/NA/GAstV-GDCS-Goose-2023/goose/2023	2.0
OP484924/NA/NA/goose/2018	OP621338/NA/NA/goose/2018	2.0
OP484924/NA/NA/goose/2018	OM100603/NA/AstV-JS04-Goose-0919-20/goose/2020	2.0
OP484924/NA/NA/goose/2018	MW505493/NA/NA/goose/2019	2.0
OP484924/NA/NA/goose/2018	MZ576222/NA/JX01-China-2021/goose/2021	2.0
OP484924/NA/NA/goose/2018	MW413813/NA/XT1/goose/2020	2.0
OP484924/NA/NA/goose/2018	MN428645/NA/AHAU5/goose/2018	2.0
OP484924/NA/NA/goose/2018	PP444709/NA/GAstV-GXNN-Goose-2023/goose/2023	2.0
OP484924/NA/NA/goose/2018	OP621337/NA/NA/goose/2018	2.0
OP484924/NA/NA/goose/2018	OM100602/NA/AstV-JS03-Goose-0702-20/goose/2020	2.0
OP484924/NA/NA/goose/2018	MW505492/NA/NA/goose/2019	2.0
OP484924/NA/NA/goose/2018	MT934439/NA/NA/goose/2019	2.0
OP484924/NA/NA/goose/2018	MN428644/NA/AHAU4/goose/2018	2.0
OP484924/NA/NA/goose/2018	OP621336/NA/NA/goose/2018	2.0
OP484924/NA/NA/goose/2018	OM100601/NA/AstV-JS02-Goose-0518-20/goose/2020	2.0
OP484924/NA/NA/goose/2018	MW505491/NA/NA/goose/2019	2.0
OP484924/NA/NA/goose/2018	MZ367612/NA/HNNY0620/Muscovy-duck/2020	2.0
OP484924/NA/NA/goose/2018	MT934438/NA/NA/goose/2019	2.0
OP484924/NA/NA/goose/2018	MN428643/NA/AHAU3/goose/2018	2.0
OP484924/NA/NA/goose/2018	OP621335/NA/NA/goose/2021	2.0
OP484924/NA/NA/goose/2018	OM100600/NA/AstV-JS01-Goose-0518-20/goose/2020	2.0
OP484924/NA/NA/goose/2018	MW505490/NA/NA/goose/2019	2.0
OP484924/NA/NA/goose/2018	MT934437/NA/NA/goose/2019	2.0
OP484924/NA/NA/goose/2018	MN428642/NA/GD-AHAU2/goose/2018	2.0
OP484924/NA/NA/goose/2018	OR965521/NA/AAstV-Goose-CHN-2023-MG-23/goose/2023	2.0
OP484924/NA/NA/goose/2018	OP621334/NA/NA/goose/2019	2.0
OP484924/NA/NA/goose/2018	OM100599/NA/AstV-HN05-Goose-0514-20/goose/2020	2.0
OP484924/NA/NA/goose/2018	MW505489/NA/NA/goose/2019	2.0
OP484924/NA/NA/goose/2018	MN307120/NA/AstV-HN03-Goose-0402-19/goose/2019	2.0
OP484924/NA/NA/goose/2018	MN428641/NA/AHAU1/goose/2018	2.0
OP484924/NA/NA/goose/2018	OR958817/NA/AAstV-Goose-CHN-2023-HR2306-1/goose/2023	2.0
OP484924/NA/NA/goose/2018	OP621333/NA/NA/goose-embryo/2019	2.0
OP484924/NA/NA/goose/2018	OM100598/NA/AstV-HN04-Goose-0514-20/goose/2020	2.0
OP484924/NA/NA/goose/2018	MW505488/NA/NA/goose/2019	2.0
OP484924/NA/NA/goose/2018	MN109957/NA/NA/goose/2018	2.0
OP484924/NA/NA/goose/2018	MN307119/NA/AstV-HB02-Goose-0310-19/goose/2019	2.0
OP484924/NA/NA/goose/2018	MN175321/NA/NA/goose/2018	2.0
OP484924/NA/NA/goose/2018	OR906208/NA/HNxy2111/goose/2021	2.0
OP484924/NA/NA/goose/2018	OP946449/NA/GAstV-SDHZ/laying-hens/2022	2.0
OP484924/NA/NA/goose/2018	OP621332/NA/NA/goose/2020	2.0
OP484924/NA/NA/goose/2018	OM100597/NA/AstV-HB06-Goose-1226-19/goose/2019	2.0
OP484924/NA/NA/goose/2018	MW505487/NA/NA/goose/2019	2.0
OP484924/NA/NA/goose/2018	MN109956/NA/NA/goose/2018	2.0
OP484924/NA/NA/goose/2018	MN307118/NA/AstV-HB01-Goose-0123-19/goose/2019	2.0
OP484924/NA/NA/goose/2018	OR906207/NA/HNxy2106/goose/2021	2.0
OP484924/NA/NA/goose/2018	OP621331/NA/NA/goose/2019	2.0
OP484924/NA/NA/goose/2018	OM100596/NA/AstV-HB05-Goose-0812-19/goose/2019	2.0
OP484924/NA/NA/goose/2018	MW505486/NA/NA/goose/2019	2.0
OP484924/NA/NA/goose/2018	MN109955/NA/NA/goose/2018	2.0
OP484924/NA/NA/goose/2018	MN307117/NA/AstV-HN02-Goose-1119-18/goose/2018	2.0
OP484924/NA/NA/goose/2018	OP621330/NA/NA/goose/2021	2.0
OP484924/NA/NA/goose/2018	OM100595/NA/AstV-HB04-Goose-0811-19/goose/2019	2.0
OP484924/NA/NA/goose/2018	MW505485/NA/NA/goose/2019	2.0
OP484924/NA/NA/goose/2018	MN109954/NA/NA/goose/2018	2.0
OP484924/NA/NA/goose/2018	MN307116/NA/AstV-AH02-Goose-0715-18/goose/2018	2.0
FJ434664/NA/NA/duck/2008	FJ434664/NA/NA/duck/2008	3.0
FJ434664/NA/NA/duck/2008	MH712856/NA/NA/duck/2012	3.0
FJ434664/NA/NA/duck/2008	MW217578/NA/DAstV-SDZZ/duck/2020	3.0
FJ434664/NA/NA/duck/2008	MN149395/NA/D390/Jinding-ducks/2013	3.0
FJ434664/NA/NA/duck/2008	PV169360/NA/NA/duck/2024	3.0
FJ434664/NA/NA/duck/2008	MN149394/NA/D200/Jinding-ducks/2013	3.0
FJ434664/NA/NA/duck/2008	OR134528/NA/NA/Muscovy-duck/2022	3.0
FJ434664/NA/NA/duck/2008	OL652659/NA/DAstV-SDWF/duck/2021	3.0
FJ434664/NA/NA/duck/2008	MN149393/NA/D120/Jinding-ducks/2013	3.0
FJ434664/NA/NA/duck/2008	NC_012437/NA/NA/duck/2008	3.0
FJ434664/NA/NA/duck/2008	OR134527/NA/NA/Muscovy-duck/2022	3.0
FJ434664/NA/NA/duck/2008	OR134526/NA/NA/Muscovy-duck/2022	3.0
FJ434664/NA/NA/duck/2008	OR134525/NA/NA/Muscovy-duck/2022	3.0
FJ434664/NA/NA/duck/2008	OR134524/NA/NA/Muscovy-duck/2022	3.0
FJ434664/NA/NA/duck/2008	OR134523/NA/NA/Muscovy-duck/2022	3.0
FJ434664/NA/NA/duck/2008	MN149392/NA/D17/Jinding-ducks/2013	3.0
FJ434664/NA/NA/duck/2008	KY646154/NA/HB2015/Beijing-duck/2015	3.0
FJ434664/NA/NA/duck/2008	OR134522/NA/NA/Muscovy-duck/2022	3.0
FJ434664/NA/NA/duck/2008	OR134521/NA/NA/Muscovy-duck/2022	3.0
FJ434664/NA/NA/duck/2008	OR134520/NA/NA/Muscovy-duck/2022	3.0
FJ434664/NA/NA/duck/2008	OR134519/NA/NA/Muscovy-duck/2022	3.0
FJ434664/NA/NA/duck/2008	FJ919228/NA/NA/duck/NA	3.0
FJ434664/NA/NA/duck/2008	OR134518/NA/NA/Muscovy-duck/2022	3.0
FJ434664/NA/NA/duck/2008	FJ919227/NA/NA/duck/NA	3.0
FJ434664/NA/NA/duck/2008	FJ919226/NA/NA/duck/NA	3.0
FJ434664/NA/NA/duck/2008	FJ919225/NA/NA/duck/NA	3.0
FJ434664/NA/NA/duck/2008	JX439643/NA/NA/duck/2012	3.0
PV793827/NA/AstroviridaeCranefe81/Leucogeranus-leucogeranus/2024	PV793827/NA/AstroviridaeCranefe81/Leucogeranus-leucogeranus/2024	4.0
JF832365/NA/4175/Gallus-gallus/2006	JF832365/NA/4175/Gallus-gallus/2006	5.0
JF832365/NA/4175/Gallus-gallus/2006	OR286521/NA/SDAU2022-2/chicken/2022	5.0
JF832365/NA/4175/Gallus-gallus/2006	OR351273/NA/JS202103/Gallus-gallus/2021	5.0
JF832365/NA/4175/Gallus-gallus/2006	MW684823/NA/Chicken-NLD-2019-V-M-038-astro-4/Gallus-gallus-domesticus-(broiler)/2019	5.0
JF832365/NA/4175/Gallus-gallus/2006	KT886453/NA/CAstV-Poland-G059-2014/Gallus-gallus/2014	5.0
JF832365/NA/4175/Gallus-gallus/2006	PP871812/NA/astro-vt-94/Canis-lupus-familiaris/2014	5.0
JF832365/NA/4175/Gallus-gallus/2006	MW684817/NA/Environment-NLD-2019-VE-7-astro-14/Gallus-gallus-domesticus-(broiler)/2019	5.0
JF832365/NA/4175/Gallus-gallus/2006	MT491732/NA/IBS543-2017/Gallus-gallus/2017	5.0
JF832365/NA/4175/Gallus-gallus/2006	PP871804/NA/astro-vt-86/Canis-lupus-familiaris/2014	5.0
JF832365/NA/4175/Gallus-gallus/2006	MT491731/NA/UPM1019-2018/Gallus-gallus/2018	5.0
JF832365/NA/4175/Gallus-gallus/2006	MT491730/NA/IBS503-2017/Gallus-gallus/2017	5.0
JF832365/NA/4175/Gallus-gallus/2006	OQ685946/NA/CAstV-ck-TZ-Iringa-2151-IM162-2019/Gallus-gallus/2019	5.0
JF832365/NA/4175/Gallus-gallus/2006	MT789787/NA/CAstV-CA-SK-Chicken-19-0981-19/chicken/2019	5.0
JF832365/NA/4175/Gallus-gallus/2006	MT789786/NA/CAstV-CA-SK-Chicken-19-0935-19/chicken/2019	5.0
JF832365/NA/4175/Gallus-gallus/2006	MT789785/NA/CAstV-CA-SK-Chicken-18-0942-18/chicken/2018	5.0
JF832365/NA/4175/Gallus-gallus/2006	MT789784/NA/CAstV-CA-AB-Chicken-17-0823-17/chicken/2017	5.0
JF832365/NA/4175/Gallus-gallus/2006	MT789783/NA/CAstV-CA-AB-Chicken-17-0773b-17/chicken/2017	5.0
JF832365/NA/4175/Gallus-gallus/2006	MT789782/NA/CAstV-CA-AB-Chicken-17-0773a-17/chicken/2017	5.0
JF832365/NA/4175/Gallus-gallus/2006	MT789781/NA/CAstV-CA-AB-Chicken-15-1262d-15/chicken/2015	5.0
JF832365/NA/4175/Gallus-gallus/2006	MT789780/NA/CAstV-CA-AB-Chicken-15-1262c-15/chicken/2015	5.0
JF832365/NA/4175/Gallus-gallus/2006	MT789779/NA/CAstV-CA-AB-Chicken-15-1262b-15/chicken/2015	5.0
JF832365/NA/4175/Gallus-gallus/2006	MT789778/NA/CAstV-CA-AB-Chicken-15-1262a-15/chicken/2015	5.0
JF832365/NA/4175/Gallus-gallus/2006	MT789777/NA/CAstV-CA-AB-Chicken-14-1235d-14/chicken/2014	5.0
JF832365/NA/4175/Gallus-gallus/2006	MT789776/NA/CAstV-CA-AB-Chicken-14-1235c-14/chicken/2014	5.0
JF832365/NA/4175/Gallus-gallus/2006	KY038163/NA/CAstV-INDIA-ANAND-2016/chicken/2016	5.0
JF832365/NA/4175/Gallus-gallus/2006	KX397576/NA/CkP5/chicken/NA	5.0
JF832365/NA/4175/Gallus-gallus/2006	MT789775/NA/CAstV-CA-AB-Chicken-14-1235b-14/chicken/2014	5.0
JF832365/NA/4175/Gallus-gallus/2006	JF414802/NA/GA2011/chicken/2007	5.0
JF832365/NA/4175/Gallus-gallus/2006	KX397575/NA/CC-CkAstV/chicken/NA	5.0
JF832365/NA/4175/Gallus-gallus/2006	MT789774/NA/CAstV-CA-AB-Chicken-14-1235a-14/chicken/2014	5.0
JF832365/NA/4175/Gallus-gallus/2006	MW846319/NA/CAstV-Chicken-CHN-2020-GD202013/chicken/2020	5.0
JF832365/NA/4175/Gallus-gallus/2006	OR571426/NA/SDAU2022-3/chicken/2023	5.0
JF832365/NA/4175/Gallus-gallus/2006	MW684831/NA/Chicken-NLD-2019-V-M-047-astro-4/Gallus-gallus-domesticus-(broiler)/2019	5.0
JF832365/NA/4175/Gallus-gallus/2006	OR286522/NA/SDAU2022-1/chicken/2022	5.0
JF832365/NA/4175/Gallus-gallus/2006	MW684830/NA/Chicken-NLD-2019-V-M-046-astro-12/Gallus-gallus-domesticus-(broiler)/2019	5.0
PV793829/NA/AstroviridaeGoosefe94/Anser-sp-/2024	PV793829/NA/AstroviridaeGoosefe94/Anser-sp-/2024	6.0
PV793828/NA/AstroviridaeGoosefe87/Anser-sp-/2024	PV793828/NA/AstroviridaeGoosefe87/Anser-sp-/2024	7.0
PV093021/NA/NA/Neogale-vison/2023	PV093021/NA/NA/Neogale-vison/2023	8.0
PV093021/NA/NA/Neogale-vison/2023	PV093020/NA/NA/Neogale-vison/2023	8.0
PV093021/NA/NA/Neogale-vison/2023	PV093019/NA/NA/Neogale-vison/2023	8.0
PV093021/NA/NA/Neogale-vison/2023	PV093018/NA/NA/Neogale-vison/2023	8.0
PV093021/NA/NA/Neogale-vison/2023	NC_002470/NA/NA/turkey/NA	8.0
PV093021/NA/NA/Neogale-vison/2023	Y15936/NA/NA/turkey/NA	8.0
PV793826/NA/AstroviridaeCranefe67/Leucogeranus-leucogeranus/2024	PV793826/NA/AstroviridaeCranefe67/Leucogeranus-leucogeranus/2024	9.0
OR924088/NA/NA/Duck/2021	OR924088/NA/NA/Duck/2021	10.0
OR924088/NA/NA/Duck/2021	OR924089/NA/NA/Duck/2021	10.0
OR924088/NA/NA/Duck/2021	OR924087/NA/NA/Duck/2021	10.0
OR924088/NA/NA/Duck/2021	OR924086/NA/NA/Duck/2021	10.0
OR924088/NA/NA/Duck/2021	OR907130/NA/NA/Duck/2022	10.0
OR924088/NA/NA/Duck/2021	OR907129/NA/NA/Duck/2023	10.0
OR924088/NA/NA/Duck/2021	OR907128/NA/NA/Duck/2023	10.0
OR924088/NA/NA/Duck/2021	OR907127/NA/NA/Goose/2023	10.0
OR924088/NA/NA/Duck/2021	OR907126/NA/NA/Duck/2023	10.0
OR924088/NA/NA/Duck/2021	OR907125/NA/NA/Duck/2023	10.0
OR924088/NA/NA/Duck/2021	KJ020899/NA/NA/duck/2013	10.0
MW826483/NA/YSN01/bird/2019	MW826483/NA/YSN01/bird/2019	11.0
MW588064/NA/NA/NA/NA	MW588064/NA/NA/NA/NA	12.0
MW826482/NA/YSN02/bird/2019	MW826482/NA/YSN02/bird/2019	13.0
MT138010/NA/prf037ast2/NA/2018	MT138010/NA/prf037ast2/NA/2018	14.0
MT138010/NA/prf037ast2/NA/2018	MT138011/NA/prf038ast1/NA/2018	14.0
MT138007/NA/ltr178ast1/NA/2018	MT138007/NA/ltr178ast1/NA/2018	15.0
MW588062/NA/NA/NA/NA	MW588062/NA/NA/NA/NA	16.0
MW588062/NA/NA/NA/NA	MW588063/NA/NA/NA/NA	16.0
OQ986679/NA/GEIG/NA/2021	OQ986679/NA/GEIG/NA/2021	17.0
MZ375139/NA/3PE-RDRP-2/Phrynocephalus-erythrurus/2020	MZ375139/NA/3PE-RDRP-2/Phrynocephalus-erythrurus/2020	18.0
PP352010/NA/Hunan-CHN-2022/Pelophylax-nigromaculatus/2022	PP352010/NA/Hunan-CHN-2022/Pelophylax-nigromaculatus/2022	19.0
OQ986609/NA/RHFU/NA/2021/reverse	OQ986609/NA/RHFU/NA/2021/reverse	20.0
OQ986608/NA/RHFU/NA/2021	OQ986608/NA/RHFU/NA/2021	21.0
MW826371/NA/XZN01/bird/2018	MW826371/NA/XZN01/bird/2018	22.0
OQ986607/NA/GEIG/NA/2021	OQ986607/NA/GEIG/NA/2021	23.0
KF753807/NA/NA/NA/2012	KF753807/NA/NA/NA/2012	24.0
KF753807/NA/NA/NA/2012	KF753806/NA/NA/NA/2012	24.0
KF753807/NA/NA/NA/2012	KF753805/NA/NA/NA/2012	24.0
KF753807/NA/NA/NA/2012	KF753804/NA/NA/NA/2012	24.0
OQ986606/NA/GEIG/NA/2021	OQ986606/NA/GEIG/NA/2021	25.0
JX624774/NA/NA/Pekin-duck/NA	JX624774/NA/NA/Pekin-duck/NA	26.0
JX624774/NA/NA/Pekin-duck/NA	OR924092/NA/NA/Duck/2021	26.0
JX624774/NA/NA/Pekin-duck/NA	OR924091/NA/NA/Goose/2021	26.0
JX624774/NA/NA/Pekin-duck/NA	OR924090/NA/NA/Goose/2021	26.0
JX624774/NA/NA/Pekin-duck/NA	OR902760/NA/NA/goose/2023	26.0
JX624774/NA/NA/Pekin-duck/NA	OR902759/NA/NA/goose/2023	26.0
MT138005/NA/hwf041ast1/NA/2018	MT138005/NA/hwf041ast1/NA/2018	27.0
MK096775/NA/PasAstV-3/Passeriformes/2016	MK096775/NA/PasAstV-3/Passeriformes/2016	28.0
MT138002/NA/cra070ast1/NA/2018	MT138002/NA/cra070ast1/NA/2018	29.0
MK096774/NA/PasAstV-2/Passeriformes/2016	MK096774/NA/PasAstV-2/Passeriformes/2016	30.0
PQ893528/NA/NSW-2021/Eolophus-roseicapilla/2021	PQ893528/NA/NSW-2021/Eolophus-roseicapilla/2021	31.0
AF206663/NA/NA/NA/NA	AF206663/NA/NA/NA/NA	32.0
AF206663/NA/NA/NA/NA	EU143851/NA/NA/NA/NA	32.0
AF206663/NA/NA/NA/NA	EU143850/NA/NA/NA/NA	32.0
AF206663/NA/NA/NA/NA	EU143849/NA/NA/NA/NA	32.0
AF206663/NA/NA/NA/NA	EU143848/NA/NA/NA/NA	32.0
AF206663/NA/NA/NA/NA	EU143847/NA/NA/NA/NA	32.0
AF206663/NA/NA/NA/NA	EU143846/NA/NA/NA/NA	32.0
AF206663/NA/NA/NA/NA	EU143845/NA/NA/NA/NA	32.0
AF206663/NA/NA/NA/NA	EU143844/NA/NA/NA/NA	32.0
AF206663/NA/NA/NA/NA	EU143843/NA/NA/NA/NA	32.0
AF206663/NA/NA/NA/NA	NC_005790/NA/NA/NA/NA	32.0
PQ893527/NA/QLD-2021/Alisterus-scapularis/2021	PQ893527/NA/QLD-2021/Alisterus-scapularis/2021	33.0
MT137996/NA/cfe153ast01/NA/2018	MT137996/NA/cfe153ast01/NA/2018	34.0
MT138009/NA/prf037ast1nc/NA/2018	MT138009/NA/prf037ast1nc/NA/2018	35.0
MT993596/NA/MW10-1o/Arenaria-interpres-(ruddy-turnstone)/2015	MT993596/NA/MW10-1o/Arenaria-interpres-(ruddy-turnstone)/2015	36.0
MT137994/NA/bsk136ast01/NA/2018	MT137994/NA/bsk136ast01/NA/2018	37.0
MT993595/NA/MW09-1o/Arenaria-interpres-(ruddy-turnstone)/2015	MT993595/NA/MW09-1o/Arenaria-interpres-(ruddy-turnstone)/2015	38.0
MH453801/NA/AstV-Red-necked-Avocet-MW09-Interior/Red-necked-Avocet/2013	MH453801/NA/AstV-Red-necked-Avocet-MW09-Interior/Red-necked-Avocet/2013	39.0
MH453801/NA/AstV-Red-necked-Avocet-MW09-Interior/Red-necked-Avocet/2013	MT993583/NA/MW06-2o/Arenaria-interpres-(ruddy-turnstone)/2014	39.0
MT137991/NA/bbr144ast1/NA/2018	MT137991/NA/bbr144ast1/NA/2018	40.0
MH453800/NA/AstV-Red-necked-Avocet-MW08-Interior/Red-necked-Avocet/2013	MH453800/NA/AstV-Red-necked-Avocet-MW08-Interior/Red-necked-Avocet/2013	41.0
KT946718/NA/D11-139-HK/house-crow/NA	KT946718/NA/D11-139-HK/house-crow/NA	42.0
KT946718/NA/D11-139-HK/house-crow/NA	KT946720/NA/D11-515-HK/house-crow/NA	42.0
KT946718/NA/D11-139-HK/house-crow/NA	KT946719/NA/D11-467-HK/house-crow/NA	42.0
PP623814/NA/MP22-196/Mareca-falcata/2022	PP623814/NA/MP22-196/Mareca-falcata/2022	43.0
MN920671/NA/ytb089ast01/NA/2018	MN920671/NA/ytb089ast01/NA/2018	44.0
MN920671/NA/ytb089ast01/NA/2018	MT137992/NA/bfb201ast01/NA/2018	44.0
MN920671/NA/ytb089ast01/NA/2018	MN920672/NA/ytb090ast01/NA/2018	44.0
MN920670/NA/ybw202ast01/NA/2018	MN920670/NA/ybw202ast01/NA/2018	45.0
PP478076/NA/PL-pigeon-24-2023/carrier-pigeon/2023	PP478076/NA/PL-pigeon-24-2023/carrier-pigeon/2023	46.0
PP478076/NA/PL-pigeon-24-2023/carrier-pigeon/2023	PX237222/NA/pigeon-FSU1/pigeon/2025	46.0
PP478076/NA/PL-pigeon-24-2023/carrier-pigeon/2023	KT946725/NA/D10-5628-HK/spotted-dove/NA	46.0
PP478076/NA/PL-pigeon-24-2023/carrier-pigeon/2023	KT946724/NA/D11-440-HK/feral-pigeon/NA	46.0
PP478076/NA/PL-pigeon-24-2023/carrier-pigeon/2023	KT946723/NA/D11-336-2-HK/spotted-dove/NA	46.0
PP478076/NA/PL-pigeon-24-2023/carrier-pigeon/2023	KT946722/NA/D11-116-HK/spotted-dove/NA	46.0
PP478076/NA/PL-pigeon-24-2023/carrier-pigeon/2023	PP478075/NA/PL-pigeon-4a-2023/carrier-pigeon/2023	46.0
PP478076/NA/PL-pigeon-24-2023/carrier-pigeon/2023	MF768270/NA/NA/pigeon/2014	46.0
MZ150559/NA/ANV-Chicken-CHN-2020-AH202017/chicken/2020	MZ150559/NA/ANV-Chicken-CHN-2020-AH202017/chicken/2020	47.0
MZ150559/NA/ANV-Chicken-CHN-2020-AH202017/chicken/2020	MW684829/NA/Chicken-NLD-2019-V-M-041-astro-13/Gallus-gallus-domesticus-(broiler)/2019	47.0
MZ150559/NA/ANV-Chicken-CHN-2020-AH202017/chicken/2020	PV093023/NA/NA/Neogale-vison/2023	47.0
MZ150559/NA/ANV-Chicken-CHN-2020-AH202017/chicken/2020	MW684826/NA/Chicken-NLD-2019-V-M-039-astro-2/Gallus-gallus-domesticus-(broiler)/2019	47.0
MZ150559/NA/ANV-Chicken-CHN-2020-AH202017/chicken/2020	PV093022/NA/NA/Neogale-vison/2023	47.0
MZ150559/NA/ANV-Chicken-CHN-2020-AH202017/chicken/2020	MW684825/NA/Chicken-NLD-2019-V-M-038-astro-6/Gallus-gallus-domesticus-(broiler)/2019	47.0
MZ150559/NA/ANV-Chicken-CHN-2020-AH202017/chicken/2020	HQ889774/NA/NA/pigeon/2010	47.0
MZ150559/NA/ANV-Chicken-CHN-2020-AH202017/chicken/2020	OM469236/NA/ANV-PB5-HI5-Switzerland-2019/Gallus-gallus-domesticus-(broiler)/2019	47.0
MZ150559/NA/ANV-Chicken-CHN-2020-AH202017/chicken/2020	MW684824/NA/Chicken-NLD-2019-V-M-038-astro-5/Gallus-gallus-domesticus-(broiler)/2019	47.0
MZ150559/NA/ANV-Chicken-CHN-2020-AH202017/chicken/2020	HM029238/NA/NA/chicken/2009	47.0
MZ150559/NA/ANV-Chicken-CHN-2020-AH202017/chicken/2020	OM469235/NA/ANV-PB15-HI11-Switzerland-2019/Gallus-gallus-domesticus-(broiler)/2019	47.0
MZ150559/NA/ANV-Chicken-CHN-2020-AH202017/chicken/2020	OM469234/NA/ANV-PB1-HI5-Switzerland-2019/Gallus-gallus-domesticus-(broiler)/2019	47.0
MZ150559/NA/ANV-Chicken-CHN-2020-AH202017/chicken/2020	MW684822/NA/Chicken-NLD-2019-V-M-036-astro-4/Gallus-gallus-domesticus-(broiler)/2019	47.0
MZ150559/NA/ANV-Chicken-CHN-2020-AH202017/chicken/2020	OM469233/NA/ANV-PB11-HI6-Switzerland-2019/Gallus-gallus-domesticus-(broiler)/2019	47.0
MZ150559/NA/ANV-Chicken-CHN-2020-AH202017/chicken/2020	MW684821/NA/Chicken-NLD-2019-V-M-034-astro-2/Gallus-gallus-domesticus-(broiler)/2019	47.0
MZ150559/NA/ANV-Chicken-CHN-2020-AH202017/chicken/2020	OM469232/NA/ANV-PB7-HI6-Switzerland-2019/Gallus-gallus-domesticus-(broiler)/2019	47.0
MZ150559/NA/ANV-Chicken-CHN-2020-AH202017/chicken/2020	MW684820/NA/Chicken-NLD-2019-V-M-033-astro-3/Gallus-gallus-domesticus-(broiler)/2019	47.0
MZ150559/NA/ANV-Chicken-CHN-2020-AH202017/chicken/2020	OM469231/NA/ANV-PB21-SI5-Switzerland-2019/Gallus-gallus-domesticus-(broiler)/2019	47.0
MZ150559/NA/ANV-Chicken-CHN-2020-AH202017/chicken/2020	MW684819/NA/Chicken-NLD-2019-V-M-030-astro-12/Gallus-gallus-domesticus-(broiler)/2019	47.0
MZ150559/NA/ANV-Chicken-CHN-2020-AH202017/chicken/2020	OM469230/NA/ANV-PB31-SI19-Switzerland-2019/Gallus-gallus-domesticus-(broiler)/2019	47.0
MZ150559/NA/ANV-Chicken-CHN-2020-AH202017/chicken/2020	MW684818/NA/Chicken-NLD-2019-V-M-015-astro-2/Gallus-gallus-domesticus-(broiler)/2019	47.0
MZ150559/NA/ANV-Chicken-CHN-2020-AH202017/chicken/2020	PP871808/NA/astro-vt-90/Gallus-gallus/2015	47.0
MZ150559/NA/ANV-Chicken-CHN-2020-AH202017/chicken/2020	OM469229/NA/ANV-PB23-SI7-Switzerland-2019/Gallus-gallus-domesticus-(broiler)/2019	47.0
MZ150559/NA/ANV-Chicken-CHN-2020-AH202017/chicken/2020	HV511037/NA/NA/NA/NA	47.0
MZ150559/NA/ANV-Chicken-CHN-2020-AH202017/chicken/2020	AB033998/NA/NA/NA/NA	47.0
MZ150559/NA/ANV-Chicken-CHN-2020-AH202017/chicken/2020	PP871798/NA/astro-vt-80/Sus-scrofa-(wild-boar)/2015	47.0
MZ150559/NA/ANV-Chicken-CHN-2020-AH202017/chicken/2020	PP871786/NA/astro-vt-68/Gallus-gallus/2014	47.0
MZ150559/NA/ANV-Chicken-CHN-2020-AH202017/chicken/2020	OQ685945/NA/ANV-ck-TZ-Iringa-2151-IM162-2019/Gallus-gallus/2019	47.0
MZ150559/NA/ANV-Chicken-CHN-2020-AH202017/chicken/2020	ON964512/NA/NA/Gallus-gallus/2020	47.0
MZ150559/NA/ANV-Chicken-CHN-2020-AH202017/chicken/2020	MT585643/NA/VF14-92-A2/Gallus-gallus-broiler-chicken/NA	47.0
MZ150559/NA/ANV-Chicken-CHN-2020-AH202017/chicken/2020	MT585644/NA/VF16-03-164b/Gallus-gallus-broiler-chicken/2016	47.0
MZ150559/NA/ANV-Chicken-CHN-2020-AH202017/chicken/2020	MW684833/NA/Chicken-NLD-2019-V-M-053-astro-2/Gallus-gallus-domesticus-(broiler)/2019	47.0
MZ150559/NA/ANV-Chicken-CHN-2020-AH202017/chicken/2020	MN732559/NA/NA/Gallus-gallus-(broiler)/2017	47.0
MZ150559/NA/ANV-Chicken-CHN-2020-AH202017/chicken/2020	MN732558/NA/NA/Gallus-gallus-(broiler)/2018	47.0
MN920669/NA/ybb150ast01/NA/2018	MN920669/NA/ybb150ast01/NA/2018	48.0
MK096773/NA/PasAstV-1/Passeriformes/NA	MK096773/NA/PasAstV-1/Passeriformes/NA	49.0
MN920668/NA/war204ast1/NA/2018	MN920668/NA/war204ast1/NA/2018	50.0
MG599918/NA/NA/Hemidactylus-bowringii/NA	MG599918/NA/NA/Hemidactylus-bowringii/NA	51.0
MN920667/NA/tom152ast2/NA/2018	MN920667/NA/tom152ast2/NA/2018	52.0
MN920667/NA/tom152ast2/NA/2018	MT137999/NA/coa196ast1/NA/2018	52.0
MG599917/NA/NA/Gekko-similignum/NA	MG599917/NA/NA/Gekko-similignum/NA	53.0
PP711188/NA/Hplan-A-304122/Heteronotia-planiceps/2017	PP711188/NA/Hplan-A-304122/Heteronotia-planiceps/2017	54.0
MW385412/NA/NA/Crow/2017	MW385412/NA/NA/Crow/2017	55.0
MN920663/NA/spa143ast1/NA/2018	MN920663/NA/spa143ast1/NA/2018	56.0
MG599910/NA/NA/Duttaphrynus-melanostictus/NA	MG599910/NA/NA/Duttaphrynus-melanostictus/NA	57.0
MG599910/NA/NA/Duttaphrynus-melanostictus/NA	MG661261/NA/NA/NA/2015	57.0
PP763758/NA/AAstV-Goose-CHN-2023-C102/goose/2023	PP763758/NA/AAstV-Goose-CHN-2023-C102/goose/2023	58.0
PP763758/NA/AAstV-Goose-CHN-2023-C102/goose/2023	MZ819185/NA/ZJC14/goose/2020	58.0
PP763758/NA/AAstV-Goose-CHN-2023-C102/goose/2023	OR211592/NA/GAstV-HBLY/goose/2023	58.0
PP763758/NA/AAstV-Goose-CHN-2023-C102/goose/2023	OR907134/NA/NA/Goose/2022	58.0
PP763758/NA/AAstV-Goose-CHN-2023-C102/goose/2023	OM264914/NA/NA/goslings/2019	58.0
PP763758/NA/AAstV-Goose-CHN-2023-C102/goose/2023	OL762472/NA/JXYC/goose/NA	58.0
PP763758/NA/AAstV-Goose-CHN-2023-C102/goose/2023	PP786658/NA/JY202323/goose/2023	58.0
PP763758/NA/AAstV-Goose-CHN-2023-C102/goose/2023	OR907133/NA/NA/Goose/2023	58.0
PP763758/NA/AAstV-Goose-CHN-2023-C102/goose/2023	OM264913/NA/NA/goslings/2019	58.0
PP763758/NA/AAstV-Goose-CHN-2023-C102/goose/2023	OL762471/NA/JXGZ/goose/NA	58.0
PP763758/NA/AAstV-Goose-CHN-2023-C102/goose/2023	OR907132/NA/NA/Goose/2023	58.0
PP763758/NA/AAstV-Goose-CHN-2023-C102/goose/2023	OM264912/NA/NA/goslings/2019	58.0
PP763758/NA/AAstV-Goose-CHN-2023-C102/goose/2023	OR907131/NA/NA/Goose/2023	58.0
PP763758/NA/AAstV-Goose-CHN-2023-C102/goose/2023	OM264911/NA/NA/goslings/2019	58.0
PP763758/NA/AAstV-Goose-CHN-2023-C102/goose/2023	OM200916/NA/NA/goslings/2019	58.0
PP763758/NA/AAstV-Goose-CHN-2023-C102/goose/2023	PP382209/NA/J3-2021/Jiangnan-White-Goose/2021	58.0
PP763758/NA/AAstV-Goose-CHN-2023-C102/goose/2023	OP776630/NA/NA/goose/2021	58.0
PP763758/NA/AAstV-Goose-CHN-2023-C102/goose/2023	MH410610/NA/NA/goslings/2017	58.0
PP763758/NA/AAstV-Goose-CHN-2023-C102/goose/2023	NC_034567/NA/FLX/Hortobagy-goose/2014	58.0
PP763758/NA/AAstV-Goose-CHN-2023-C102/goose/2023	OR827024/NA/GAstV-JSXZ/goose/2022	58.0
PP763758/NA/AAstV-Goose-CHN-2023-C102/goose/2023	OP272633/NA/AH33-3/goose/2021	58.0
PP763758/NA/AAstV-Goose-CHN-2023-C102/goose/2023	OK571391/NA/ZJC14/goslings/2020	58.0
PP763758/NA/AAstV-Goose-CHN-2023-C102/goose/2023	MW786757/NA/SCCD/goose/2018	58.0
PP763758/NA/AAstV-Goose-CHN-2023-C102/goose/2023	MW353015/NA/TZ03/goose/2019	58.0
PP763758/NA/AAstV-Goose-CHN-2023-C102/goose/2023	MW340534/NA/SCCD/goose/2019	58.0
PP763758/NA/AAstV-Goose-CHN-2023-C102/goose/2023	KY271027/NA/FLX/Hortobagy-goose/2014	58.0
PP763758/NA/AAstV-Goose-CHN-2023-C102/goose/2023	PP108251/NA/NA/goose/2023	58.0
PP763758/NA/AAstV-Goose-CHN-2023-C102/goose/2023	OR924093/NA/NA/Goose/2021	58.0
