ID белка,Название семейства/белка,Описание предсказания,Источник предсказания,Вхождение из orf,ORF,id_prefix
PP512783_33,-,"Region of a membrane-bound protein predicted to be outside the membrane, in the extracellular region.",Phobius,-,-,PP512783
PP512783_33,-,"Region of a membrane-bound protein predicted to be outside the membrane, in the cytoplasm.",Phobius,-,-,PP512783
PP512783_33,-,Region of a membrane-bound protein predicted to be embedded in the membrane.,TMHMM,-,-,PP512783
PP512783_33,-,Region of a membrane-bound protein predicted to be embedded in the membrane.,Phobius,-,-,PP512783
PP512783_25,-,"Region of a membrane-bound protein predicted to be outside the membrane, in the cytoplasm.",Phobius,-,-,PP512783
PP512783_25,-,Region of a membrane-bound protein predicted to be embedded in the membrane.,TMHMM,-,-,PP512783
PP512783_25,-,Region of a membrane-bound protein predicted to be embedded in the membrane.,Phobius,-,-,PP512783
PP512783_25,-,"Region of a membrane-bound protein predicted to be outside the membrane, in the extracellular region.",Phobius,-,-,PP512783
PP512783_25,-,"Region of a membrane-bound protein predicted to be outside the membrane, in the extracellular region.",Phobius,-,-,PP512783
PP512783_25,-,Region of a membrane-bound protein predicted to be embedded in the membrane.,TMHMM,-,-,PP512783
PP512783_25,-,Region of a membrane-bound protein predicted to be embedded in the membrane.,Phobius,-,-,PP512783
PP512783_25,-,"Region of a membrane-bound protein predicted to be outside the membrane, in the cytoplasm.",Phobius,-,-,PP512783
PP512783_25,-,Region of a membrane-bound protein predicted to be embedded in the membrane.,Phobius,-,-,PP512783
PP512783_25,-,Region of a membrane-bound protein predicted to be embedded in the membrane.,TMHMM,-,-,PP512783
OR800315_6,-,"Region of a membrane-bound protein predicted to be outside the membrane, in the cytoplasm.",Phobius,-,-,OR800315
OR800315_6,-,Region of a membrane-bound protein predicted to be embedded in the membrane.,Phobius,-,-,OR800315
OR800315_6,-,"Region of a membrane-bound protein predicted to be outside the membrane, in the extracellular region.",Phobius,-,-,OR800315
OR800315_6,-,Region of a membrane-bound protein predicted to be embedded in the membrane.,TMHMM,-,-,OR800315
PQ110289_11,-,"Region of a membrane-bound protein predicted to be outside the membrane, in the cytoplasm.",Phobius,-,-,PQ110289
PQ110289_11,-,"Region of a membrane-bound protein predicted to be outside the membrane, in the extracellular region.",Phobius,-,-,PQ110289
PQ110289_11,-,Region of a membrane-bound protein predicted to be embedded in the membrane.,Phobius,-,-,PQ110289
PP512783_32,-,"Region of a membrane-bound protein predicted to be outside the membrane, in the extracellular region.",Phobius,-,-,PP512783
PP512783_32,-,Region of a membrane-bound protein predicted to be embedded in the membrane.,Phobius,-,-,PP512783
PP512783_32,-,Region of a membrane-bound protein predicted to be embedded in the membrane.,TMHMM,-,-,PP512783
PP512783_32,-,"Region of a membrane-bound protein predicted to be outside the membrane, in the cytoplasm.",Phobius,-,-,PP512783
PP512783_7,"RNA-directed RNA polymerase, C-terminal domain",Viral RNA-dependent RNA polymerase,Pfam,,1B,PP512783
PP512783_7,Reverse transcriptase/Diguanylate cyclase domain,-,Gene3D,-,-,PP512783
PP512783_7,DNA/RNA polymerase superfamily,DNA/RNA polymerases,SUPERFAMILY,,1B,PP512783
OP474168_3,-,consensus disorder prediction,MobiDBLite,-,-,OP474168
PP512783_34,-,"Region of a membrane-bound protein predicted to be outside the membrane, in the cytoplasm.",Phobius,-,-,PP512783
PP512783_34,-,"Region of a membrane-bound protein predicted to be outside the membrane, in the extracellular region.",Phobius,-,-,PP512783
PP512783_34,-,Region of a membrane-bound protein predicted to be embedded in the membrane.,Phobius,-,-,PP512783
MN036159_3,-,consensus disorder prediction,MobiDBLite,-,-,MN036159
PQ110289_3,-,"Region of a membrane-bound protein predicted to be outside the membrane, in the cytoplasm.",Phobius,-,-,PQ110289
PQ110289_3,-,Region of a membrane-bound protein predicted to be embedded in the membrane.,Phobius,-,-,PQ110289
PQ110289_3,-,Region of a membrane-bound protein predicted to be embedded in the membrane.,Phobius,-,-,PQ110289
PQ110289_3,-,Region of a membrane-bound protein predicted to be embedded in the membrane.,TMHMM,-,-,PQ110289
PQ110289_3,-,"Region of a membrane-bound protein predicted to be outside the membrane, in the extracellular region.",Phobius,-,-,PQ110289
PQ110289_3,-,Region of a membrane-bound protein predicted to be embedded in the membrane.,TMHMM,-,-,PQ110289
PQ110289_3,-,"Region of a membrane-bound protein predicted to be outside the membrane, in the cytoplasm.",Phobius,-,-,PQ110289
OR800315_1,-,consensus disorder prediction,MobiDBLite,-,-,OR800315
OR800315_1,-,consensus disorder prediction,MobiDBLite,-,-,OR800315
OR800315_1,-,consensus disorder prediction,MobiDBLite,-,-,OR800315
OR800315_1,-,consensus disorder prediction,MobiDBLite,-,-,OR800315
PQ110289_14,-,Region of a membrane-bound protein predicted to be embedded in the membrane.,Phobius,-,-,PQ110289
PQ110289_14,-,"Region of a membrane-bound protein predicted to be outside the membrane, in the extracellular region.",Phobius,-,-,PQ110289
PQ110289_14,-,"Region of a membrane-bound protein predicted to be outside the membrane, in the cytoplasm.",Phobius,-,-,PQ110289
PQ110289_14,-,Region of a membrane-bound protein predicted to be embedded in the membrane.,TMHMM,-,-,PQ110289
OP474168_2,-,consensus disorder prediction,MobiDBLite,-,-,OP474168
OP474168_2,-,consensus disorder prediction,MobiDBLite,-,-,OP474168
PP512783_42,-,Region of a membrane-bound protein predicted to be embedded in the membrane.,TMHMM,-,-,PP512783
OP474168_12,-,Region of a membrane-bound protein predicted to be embedded in the membrane.,TMHMM,-,-,OP474168
OP474168_12,-,"Region of a membrane-bound protein predicted to be outside the membrane, in the cytoplasm.",Phobius,-,-,OP474168
OP474168_12,-,"Region of a membrane-bound protein predicted to be outside the membrane, in the extracellular region.",Phobius,-,-,OP474168
OP474168_12,-,Region of a membrane-bound protein predicted to be embedded in the membrane.,Phobius,-,-,OP474168
PQ110289_13,-,"Region of a membrane-bound protein predicted to be outside the membrane, in the cytoplasm.",Phobius,-,-,PQ110289
PQ110289_13,-,"Region of a membrane-bound protein predicted to be outside the membrane, in the extracellular region.",Phobius,-,-,PQ110289
PQ110289_13,-,Region of a membrane-bound protein predicted to be embedded in the membrane.,Phobius,-,-,PQ110289
PQ110289_13,-,Region of a membrane-bound protein predicted to be embedded in the membrane.,TMHMM,-,-,PQ110289
MN036159_13,-,"Region of a membrane-bound protein predicted to be outside the membrane, in the cytoplasm.",Phobius,-,-,MN036159
MN036159_13,-,"Region of a membrane-bound protein predicted to be outside the membrane, in the extracellular region.",Phobius,-,-,MN036159
MN036159_13,-,"Region of a membrane-bound protein predicted to be outside the membrane, in the extracellular region.",Phobius,-,-,MN036159
MN036159_13,-,Region of a membrane-bound protein predicted to be embedded in the membrane.,TMHMM,-,-,MN036159
MN036159_13,-,Region of a membrane-bound protein predicted to be embedded in the membrane.,Phobius,-,-,MN036159
MN036159_13,-,Region of a membrane-bound protein predicted to be embedded in the membrane.,Phobius,-,-,MN036159
MN036159_13,-,Region of a membrane-bound protein predicted to be embedded in the membrane.,TMHMM,-,-,MN036159
PP512783_38,-,"Region of a membrane-bound protein predicted to be outside the membrane, in the extracellular region.",Phobius,-,-,PP512783
PP512783_38,-,Region of a membrane-bound protein predicted to be embedded in the membrane.,TMHMM,-,-,PP512783
PP512783_38,-,"Region of a membrane-bound protein predicted to be outside the membrane, in the cytoplasm.",Phobius,-,-,PP512783
PP512783_38,-,Region of a membrane-bound protein predicted to be embedded in the membrane.,Phobius,-,-,PP512783
PP512783_10,"Astrovirus capsid protein, inner core domain",Astrovirus capsid protein nucleoplasmin-like domain,Pfam,,2,PP512783
PP512783_10,Viral coat protein subunit,-,Gene3D,-,-,PP512783
PQ110289_5,"RNA-directed RNA polymerase, C-terminal domain",Viral RNA-dependent RNA polymerase,Pfam,,1B,PQ110289
PQ110289_5,DNA/RNA polymerase superfamily,DNA/RNA polymerases,SUPERFAMILY,,1B,PQ110289
PQ110289_9,-,consensus disorder prediction,MobiDBLite,-,-,PQ110289
OP474168_4,"Astrovirus capsid protein, inner core domain",Astrovirus capsid protein nucleoplasmin-like domain,Pfam,,2,OP474168
OP474168_4,-,consensus disorder prediction,MobiDBLite,-,-,OP474168
OP474168_4,-,consensus disorder prediction,MobiDBLite,-,-,OP474168
OP474168_4,-,consensus disorder prediction,MobiDBLite,-,-,OP474168
OP474168_4,-,Capsid polyprotein VP90,FunFam,-,-,OP474168
OP474168_4,Viral coat protein subunit,-,Gene3D,-,-,OP474168
PP512783_31,-,SignalP-noTM,SignalP_EUK,-,-,PP512783
PP512783_3,-,Region of a membrane-bound protein predicted to be embedded in the membrane.,TMHMM,-,-,PP512783
PP512783_3,-,Coil,Coils,-,-,PP512783
PP512783_3,-,"Region of a membrane-bound protein predicted to be outside the membrane, in the extracellular region.",Phobius,-,-,PP512783
PP512783_3,-,"Region of a membrane-bound protein predicted to be outside the membrane, in the cytoplasm.",Phobius,-,-,PP512783
PP512783_3,-,"Region of a membrane-bound protein predicted to be outside the membrane, in the cytoplasm.",Phobius,-,-,PP512783
PP512783_3,-,Region of a membrane-bound protein predicted to be embedded in the membrane.,Phobius,-,-,PP512783
PP512783_3,-,Region of a membrane-bound protein predicted to be embedded in the membrane.,TMHMM,-,-,PP512783
PP512783_3,-,"Region of a membrane-bound protein predicted to be outside the membrane, in the extracellular region.",Phobius,-,-,PP512783
PP512783_3,-,Region of a membrane-bound protein predicted to be embedded in the membrane.,Phobius,-,-,PP512783
PP512783_3,-,Region of a membrane-bound protein predicted to be embedded in the membrane.,Phobius,-,-,PP512783
PP512783_3,-,Coil,Coils,-,-,PP512783
PP512783_3,-,Region of a membrane-bound protein predicted to be embedded in the membrane.,TMHMM,-,-,PP512783
PP512783_3,-,Region of a membrane-bound protein predicted to be embedded in the membrane.,Phobius,-,-,PP512783
PP512783_3,-,"Region of a membrane-bound protein predicted to be outside the membrane, in the cytoplasm.",Phobius,-,-,PP512783
PQ110289_4,-,"Region of a membrane-bound protein predicted to be outside the membrane, in the extracellular region.",Phobius,-,-,PQ110289
PQ110289_4,-,Region of a membrane-bound protein predicted to be embedded in the membrane.,Phobius,-,-,PQ110289
PQ110289_4,-,Region of a membrane-bound protein predicted to be embedded in the membrane.,Phobius,-,-,PQ110289
PQ110289_4,-,"Region of a membrane-bound protein predicted to be outside the membrane, in the extracellular region.",Phobius,-,-,PQ110289
PQ110289_4,-,Region of a membrane-bound protein predicted to be embedded in the membrane.,Phobius,-,-,PQ110289
PQ110289_4,-,"Region of a membrane-bound protein predicted to be outside the membrane, in the cytoplasm.",Phobius,-,-,PQ110289
PQ110289_4,-,Region of a membrane-bound protein predicted to be embedded in the membrane.,TMHMM,-,-,PQ110289
PQ110289_4,-,Region of a membrane-bound protein predicted to be embedded in the membrane.,TMHMM,-,-,PQ110289
PQ110289_4,-,"Region of a membrane-bound protein predicted to be outside the membrane, in the cytoplasm.",Phobius,-,-,PQ110289
PQ110289_1,"Peptidase S1, PA clan",Trypsin-like serine proteases,SUPERFAMILY,,1A,PQ110289
PQ110289_2,-,"Region of a membrane-bound protein predicted to be outside the membrane, in the extracellular region.",Phobius,-,-,PQ110289
PQ110289_2,-,"Region of a membrane-bound protein predicted to be outside the membrane, in the cytoplasm.",Phobius,-,-,PQ110289
PQ110289_2,-,Region of a membrane-bound protein predicted to be embedded in the membrane.,Phobius,-,-,PQ110289
MN733910_2,MFS transporter superfamily,MFS general substrate transporter like domains,Gene3D,-,-,MN733910
MN733910_2,-,"Region of a membrane-bound protein predicted to be outside the membrane, in the cytoplasm.",Phobius,-,-,MN733910
MN733910_2,-,Region of a membrane-bound protein predicted to be embedded in the membrane.,Phobius,-,-,MN733910
MN733910_2,-,Region of a membrane-bound protein predicted to be embedded in the membrane.,TMHMM,-,-,MN733910
MN733910_2,"Sugar transporter, conserved site",Sugar transport proteins signature 1.,ProSitePatterns,-,-,MN733910
MN733910_2,-,Region of a membrane-bound protein predicted to be embedded in the membrane.,Phobius,-,-,MN733910
MN733910_2,Proton-coupled symporters,ALPHA-KETOGLUTARATE PERMEASE,PANTHER,-,-,MN733910
MN733910_2,-,"Region of a membrane-bound protein predicted to be outside the membrane, in the extracellular region.",Phobius,-,-,MN733910
MN733910_2,-,"Region of a membrane-bound protein predicted to be outside the membrane, in the cytoplasm.",Phobius,-,-,MN733910
MN733910_2,"Sugar transporter, conserved site",Sugar transport proteins signature 2.,ProSitePatterns,-,-,MN733910
MN733910_2,Major facilitator superfamily domain,Major facilitator superfamily (MFS) profile.,ProSiteProfiles,-,-,MN733910
MN733910_2,-,Region of a membrane-bound protein predicted to be embedded in the membrane.,TMHMM,-,-,MN733910
MN733910_2,-,Region of a membrane-bound protein predicted to be embedded in the membrane.,TMHMM,-,-,MN733910
MN733910_2,-,"Region of a membrane-bound protein predicted to be outside the membrane, in the extracellular region.",Phobius,-,-,MN733910
MN733910_2,-,Region of a membrane-bound protein predicted to be embedded in the membrane.,Phobius,-,-,MN733910
MN733910_2,Major facilitator superfamily,Major Facilitator Superfamily,Pfam,-,-,MN733910
MN733910_2,-,"Region of a membrane-bound protein predicted to be outside the membrane, in the cytoplasm.",Phobius,-,-,MN733910
MN733910_2,-,Region of a membrane-bound protein predicted to be embedded in the membrane.,TMHMM,-,-,MN733910
MN733910_2,-,Region of a membrane-bound protein predicted to be embedded in the membrane.,Phobius,-,-,MN733910
MN733910_2,MFS transporter superfamily,MFS general substrate transporter,SUPERFAMILY,-,-,MN733910
PP512783_23,-,Region of a membrane-bound protein predicted to be embedded in the membrane.,Phobius,-,-,PP512783
PP512783_23,-,"Region of a membrane-bound protein predicted to be outside the membrane, in the cytoplasm.",Phobius,-,-,PP512783
PP512783_23,-,Region of a membrane-bound protein predicted to be embedded in the membrane.,TMHMM,-,-,PP512783
PP512783_23,-,"Region of a membrane-bound protein predicted to be outside the membrane, in the extracellular region.",Phobius,-,-,PP512783
PP512783_14,-,Coil,Coils,-,-,PP512783
MN036159_16,Reverse transcriptase/Diguanylate cyclase domain,-,Gene3D,-,-,MN036159
MN036159_16,"RNA-directed RNA polymerase, C-terminal domain",Viral RNA-dependent RNA polymerase,Pfam,,1B,MN036159
MN036159_16,"RNA-directed RNA polymerase, catalytic domain",RdRp of positive ssRNA viruses catalytic domain profile.,ProSiteProfiles,-,-,MN036159
MN036159_16,DNA/RNA polymerase superfamily,DNA/RNA polymerases,SUPERFAMILY,,1B,MN036159
PP512783_29,-,Region of a membrane-bound protein predicted to be embedded in the membrane.,TMHMM,-,-,PP512783
OP474168_13,-,Region of a membrane-bound protein predicted to be embedded in the membrane.,TMHMM,-,-,OP474168
OP474168_13,-,Region of a membrane-bound protein predicted to be embedded in the membrane.,Phobius,-,-,OP474168
OP474168_13,-,Region of a membrane-bound protein predicted to be embedded in the membrane.,Phobius,-,-,OP474168
OP474168_13,-,Region of a membrane-bound protein predicted to be embedded in the membrane.,TMHMM,-,-,OP474168
OP474168_13,-,"Region of a membrane-bound protein predicted to be outside the membrane, in the cytoplasm.",Phobius,-,-,OP474168
OP474168_13,-,"Region of a membrane-bound protein predicted to be outside the membrane, in the cytoplasm.",Phobius,-,-,OP474168
OP474168_13,-,"Region of a membrane-bound protein predicted to be outside the membrane, in the extracellular region.",Phobius,-,-,OP474168
OP474168_13,-,"Region of a membrane-bound protein predicted to be outside the membrane, in the extracellular region.",Phobius,-,-,OP474168
OP474168_13,-,Region of a membrane-bound protein predicted to be embedded in the membrane.,Phobius,-,-,OP474168
MN036159_2,-,"Region of a membrane-bound protein predicted to be outside the membrane, in the extracellular region.",Phobius,-,-,MN036159
MN036159_2,-,"Region of a membrane-bound protein predicted to be outside the membrane, in the cytoplasm.",Phobius,-,-,MN036159
MN036159_2,-,Region of a membrane-bound protein predicted to be embedded in the membrane.,Phobius,-,-,MN036159
MN036159_2,-,Region of a membrane-bound protein predicted to be embedded in the membrane.,TMHMM,-,-,MN036159
PP512783_15,-,"Region of a membrane-bound protein predicted to be outside the membrane, in the cytoplasm.",Phobius,-,-,PP512783
PP512783_15,-,"Region of a membrane-bound protein predicted to be outside the membrane, in the extracellular region.",Phobius,-,-,PP512783
PP512783_15,-,Region of a membrane-bound protein predicted to be embedded in the membrane.,TMHMM,-,-,PP512783
PP512783_15,-,Region of a membrane-bound protein predicted to be embedded in the membrane.,TMHMM,-,-,PP512783
PP512783_15,-,Region of a membrane-bound protein predicted to be embedded in the membrane.,Phobius,-,-,PP512783
PP512783_15,-,"Region of a membrane-bound protein predicted to be outside the membrane, in the cytoplasm.",Phobius,-,-,PP512783
PP512783_15,-,Region of a membrane-bound protein predicted to be embedded in the membrane.,Phobius,-,-,PP512783
OR800315_2,-,consensus disorder prediction,MobiDBLite,-,-,OR800315
OR800315_2,-,consensus disorder prediction,MobiDBLite,-,-,OR800315
OR800315_2,-,consensus disorder prediction,MobiDBLite,-,-,OR800315
OR800315_2,-,consensus disorder prediction,MobiDBLite,-,-,OR800315
OR800315_2,-,SignalP-TM,SignalP_GRAM_POSITIVE,-,-,OR800315
PP512783_8,-,consensus disorder prediction,MobiDBLite,-,-,PP512783
PP512783_8,"Astrovirus capsid protein, inner core domain",Astrovirus capsid protein nucleoplasmin-like domain,Pfam,,2,PP512783
PP512783_36,-,"Region of a membrane-bound protein predicted to be outside the membrane, in the extracellular region.",Phobius,-,-,PP512783
PP512783_36,-,"Region of a membrane-bound protein predicted to be outside the membrane, in the cytoplasm.",Phobius,-,-,PP512783
PP512783_36,-,Region of a membrane-bound protein predicted to be embedded in the membrane.,Phobius,-,-,PP512783
PP512783_36,-,Region of a membrane-bound protein predicted to be embedded in the membrane.,Phobius,-,-,PP512783
PP512783_36,-,Region of a membrane-bound protein predicted to be embedded in the membrane.,TMHMM,-,-,PP512783
PP512783_36,-,"Region of a membrane-bound protein predicted to be outside the membrane, in the cytoplasm.",Phobius,-,-,PP512783
MN036159_1,-,"Region of a membrane-bound protein predicted to be outside the membrane, in the extracellular region.",Phobius,-,-,MN036159
MN036159_1,-,"Region of a membrane-bound protein predicted to be outside the membrane, in the cytoplasm.",Phobius,-,-,MN036159
MN036159_1,-,Region of a membrane-bound protein predicted to be embedded in the membrane.,Phobius,-,-,MN036159
MN036159_1,-,Region of a membrane-bound protein predicted to be embedded in the membrane.,TMHMM,-,-,MN036159
PP512783_6,-,ps-ssRNAv_Astroviridae_RdRp,CDD,-,-,PP512783
PP512783_6,"RNA-directed RNA polymerase, catalytic domain",RdRp of positive ssRNA viruses catalytic domain profile.,ProSiteProfiles,-,-,PP512783
PP512783_6,"RNA-directed RNA polymerase, C-terminal domain",Viral RNA-dependent RNA polymerase,Pfam,,1B,PP512783
PP512783_6,DNA/RNA polymerase superfamily,DNA/RNA polymerases,SUPERFAMILY,,1B,PP512783
PP512783_19,-,"Region of a membrane-bound protein predicted to be outside the membrane, in the cytoplasm.",Phobius,-,-,PP512783
PP512783_19,-,"Region of a membrane-bound protein predicted to be outside the membrane, in the extracellular region.",Phobius,-,-,PP512783
PP512783_19,-,Region of a membrane-bound protein predicted to be embedded in the membrane.,Phobius,-,-,PP512783
PP512783_24,-,"Region of a membrane-bound protein predicted to be outside the membrane, in the extracellular region.",Phobius,-,-,PP512783
PP512783_24,-,Region of a membrane-bound protein predicted to be embedded in the membrane.,Phobius,-,-,PP512783
PP512783_24,-,Region of a membrane-bound protein predicted to be embedded in the membrane.,TMHMM,-,-,PP512783
PP512783_24,-,"Region of a membrane-bound protein predicted to be outside the membrane, in the cytoplasm.",Phobius,-,-,PP512783
PP512783_4,"Peptidase S1, PA clan, chymotrypsin-like fold",-,Gene3D,-,-,PP512783
PP512783_4,Astrovirus VPg protein,Astrovirus VPg protein,Pfam,,1A,PP512783
PP512783_4,"Peptidase S1, PA clan",Trypsin-like serine proteases,SUPERFAMILY,,1A,PP512783
MN036159_12,"Peptidase S1, PA clan, chymotrypsin-like fold",-,Gene3D,-,-,MN036159
MN036159_12,"Peptidase S1, PA clan",Trypsin-like serine proteases,SUPERFAMILY,,1A,MN036159
PP512783_37,-,"Region of a membrane-bound protein predicted to be outside the membrane, in the extracellular region.",Phobius,-,-,PP512783
PP512783_37,-,Region of a membrane-bound protein predicted to be embedded in the membrane.,TMHMM,-,-,PP512783
PP512783_37,-,"Region of a membrane-bound protein predicted to be outside the membrane, in the cytoplasm.",Phobius,-,-,PP512783
PP512783_37,-,Region of a membrane-bound protein predicted to be embedded in the membrane.,Phobius,-,-,PP512783
MN733910_4,-,consensus disorder prediction,MobiDBLite,-,-,MN733910
OR800315_3,-,consensus disorder prediction,MobiDBLite,-,-,OR800315
OR800315_3,-,consensus disorder prediction,MobiDBLite,-,-,OR800315
MN036159_9,-,C-terminal region of a signal peptide.,Phobius,-,-,MN036159
MN036159_9,-,Hydrophobic region of a signal peptide.,Phobius,-,-,MN036159
MN036159_9,-,SignalP-noTM,SignalP_EUK,-,-,MN036159
MN036159_9,-,SignalP-TM,SignalP_GRAM_POSITIVE,-,-,MN036159
MN036159_9,-,Signal peptide region,Phobius,-,-,MN036159
MN036159_9,-,"Region of a membrane-bound protein predicted to be outside the membrane, in the extracellular region.",Phobius,-,-,MN036159
MN036159_9,-,N-terminal region of a signal peptide.,Phobius,-,-,MN036159
MN035838_15,-,Region of a membrane-bound protein predicted to be embedded in the membrane.,TMHMM,-,-,MN035838
MN035838_15,-,Region of a membrane-bound protein predicted to be embedded in the membrane.,TMHMM,-,-,MN035838
MN035838_15,-,Region of a membrane-bound protein predicted to be embedded in the membrane.,Phobius,-,-,MN035838
MN035838_15,-,"Region of a membrane-bound protein predicted to be outside the membrane, in the extracellular region.",Phobius,-,-,MN035838
MN035838_15,-,"Region of a membrane-bound protein predicted to be outside the membrane, in the cytoplasm.",Phobius,-,-,MN035838
MN035838_15,-,"Region of a membrane-bound protein predicted to be outside the membrane, in the cytoplasm.",Phobius,-,-,MN035838
MN035838_15,-,Region of a membrane-bound protein predicted to be embedded in the membrane.,Phobius,-,-,MN035838
MN035574_13,-,Region of a membrane-bound protein predicted to be embedded in the membrane.,Phobius,-,-,MN035574
MN035574_13,-,"Region of a membrane-bound protein predicted to be outside the membrane, in the cytoplasm.",Phobius,-,-,MN035574
MN035574_13,-,"Region of a membrane-bound protein predicted to be outside the membrane, in the extracellular region.",Phobius,-,-,MN035574
MN035574_13,-,Region of a membrane-bound protein predicted to be embedded in the membrane.,TMHMM,-,-,MN035574
MN035429_4,"RNA-directed RNA polymerase, C-terminal domain",Viral RNA-dependent RNA polymerase,Pfam,,1B,MN035429
MN035429_4,DNA/RNA polymerase superfamily,DNA/RNA polymerases,SUPERFAMILY,,1B,MN035429
MN035429_4,Reverse transcriptase/Diguanylate cyclase domain,-,Gene3D,-,-,MN035429
MN034422_10,-,consensus disorder prediction,MobiDBLite,-,-,MN034422
MN034422_10,-,consensus disorder prediction,MobiDBLite,-,-,MN034422
MN035574_14,-,Region of a membrane-bound protein predicted to be embedded in the membrane.,Phobius,-,-,MN035574
MN035574_14,-,Region of a membrane-bound protein predicted to be embedded in the membrane.,TMHMM,-,-,MN035574
MN035574_14,-,"Region of a membrane-bound protein predicted to be outside the membrane, in the extracellular region.",Phobius,-,-,MN035574
MN035574_14,-,"Region of a membrane-bound protein predicted to be outside the membrane, in the cytoplasm.",Phobius,-,-,MN035574
MN036159_18,-,consensus disorder prediction,MobiDBLite,-,-,MN036159
MN036159_18,-,consensus disorder prediction,MobiDBLite,-,-,MN036159
MN036159_18,-,N-terminal region of a signal peptide.,Phobius,-,-,MN036159
MN036159_18,-,C-terminal region of a signal peptide.,Phobius,-,-,MN036159
MN036159_18,-,"Region of a membrane-bound protein predicted to be outside the membrane, in the extracellular region.",Phobius,-,-,MN036159
MN036159_18,-,Hydrophobic region of a signal peptide.,Phobius,-,-,MN036159
MN036159_18,-,Signal peptide region,Phobius,-,-,MN036159
MN035838_32,-,"Region of a membrane-bound protein predicted to be outside the membrane, in the extracellular region.",Phobius,-,-,MN035838
MN035838_32,"RNA-directed RNA polymerase, catalytic domain",RdRp of positive ssRNA viruses catalytic domain profile.,ProSiteProfiles,-,-,MN035838
MN035838_32,-,Region of a membrane-bound protein predicted to be embedded in the membrane.,Phobius,-,-,MN035838
MN035838_32,-,"Region of a membrane-bound protein predicted to be outside the membrane, in the cytoplasm.",Phobius,-,-,MN035838
MN035838_32,-,"Region of a membrane-bound protein predicted to be outside the membrane, in the extracellular region.",Phobius,-,-,MN035838
MN035838_32,DNA/RNA polymerase superfamily,DNA/RNA polymerases,SUPERFAMILY,,1B,MN035838
MN035838_32,-,Region of a membrane-bound protein predicted to be embedded in the membrane.,Phobius,-,-,MN035838
MN035838_32,Reverse transcriptase/Diguanylate cyclase domain,-,Gene3D,-,-,MN035838
MN035838_32,Viral coat protein subunit,-,Gene3D,-,-,MN035838
MN035838_32,-,consensus disorder prediction,MobiDBLite,-,-,MN035838
MN035838_32,-,consensus disorder prediction,MobiDBLite,-,-,MN035838
MN035838_32,-,Region of a membrane-bound protein predicted to be embedded in the membrane.,Phobius,-,-,MN035838
MN035838_32,"RNA-directed RNA polymerase, C-terminal domain",Viral RNA-dependent RNA polymerase,Pfam,,1B,MN035838
MN035838_32,-,"Region of a membrane-bound protein predicted to be outside the membrane, in the extracellular region.",Phobius,-,-,MN035838
MN035838_32,-,"Region of a membrane-bound protein predicted to be outside the membrane, in the cytoplasm.",Phobius,-,-,MN035838
MN035838_32,-,Region of a membrane-bound protein predicted to be embedded in the membrane.,Phobius,-,-,MN035838
MN035838_22,-,"Region of a membrane-bound protein predicted to be outside the membrane, in the cytoplasm.",Phobius,-,-,MN035838
MN035838_22,-,"Region of a membrane-bound protein predicted to be outside the membrane, in the extracellular region.",Phobius,-,-,MN035838
MN035838_22,-,Region of a membrane-bound protein predicted to be embedded in the membrane.,Phobius,-,-,MN035838
MN034849_8,-,"Region of a membrane-bound protein predicted to be outside the membrane, in the extracellular region.",Phobius,-,-,MN034849
MN034849_8,-,Region of a membrane-bound protein predicted to be embedded in the membrane.,Phobius,-,-,MN034849
MN034849_8,-,Region of a membrane-bound protein predicted to be embedded in the membrane.,TMHMM,-,-,MN034849
MN034849_8,-,"Region of a membrane-bound protein predicted to be outside the membrane, in the cytoplasm.",Phobius,-,-,MN034849
MN035838_26,-,"Region of a membrane-bound protein predicted to be outside the membrane, in the extracellular region.",Phobius,-,-,MN035838
MN035838_26,-,Region of a membrane-bound protein predicted to be embedded in the membrane.,Phobius,-,-,MN035838
MN035838_26,-,"Region of a membrane-bound protein predicted to be outside the membrane, in the cytoplasm.",Phobius,-,-,MN035838
MN035838_26,-,Region of a membrane-bound protein predicted to be embedded in the membrane.,TMHMM,-,-,MN035838
MN035574_4,-,SignalP-TM,SignalP_GRAM_POSITIVE,-,-,MN035574
MN035574_4,-,consensus disorder prediction,MobiDBLite,-,-,MN035574
MN035574_4,-,consensus disorder prediction,MobiDBLite,-,-,MN035574
MN035838_16,-,Region of a membrane-bound protein predicted to be embedded in the membrane.,Phobius,-,-,MN035838
MN035838_16,-,"Region of a membrane-bound protein predicted to be outside the membrane, in the cytoplasm.",Phobius,-,-,MN035838
MN035838_16,-,"Region of a membrane-bound protein predicted to be outside the membrane, in the extracellular region.",Phobius,-,-,MN035838
MN035838_16,-,Region of a membrane-bound protein predicted to be embedded in the membrane.,TMHMM,-,-,MN035838
MN035838_16,-,Region of a membrane-bound protein predicted to be embedded in the membrane.,Phobius,-,-,MN035838
MN035838_16,-,"Region of a membrane-bound protein predicted to be outside the membrane, in the cytoplasm.",Phobius,-,-,MN035838
MN035838_16,-,Region of a membrane-bound protein predicted to be embedded in the membrane.,TMHMM,-,-,MN035838
MN034849_9,-,Positive stranded ssRNA viruses,SUPERFAMILY,,NotSpecific,MN034849
MN034849_9,DNA/RNA polymerase superfamily,DNA/RNA polymerases,SUPERFAMILY,,1B,MN034849
MN034849_9,"RNA-directed RNA polymerase, catalytic domain",RdRp of positive ssRNA viruses catalytic domain profile.,ProSiteProfiles,-,-,MN034849
MN034849_9,-,consensus disorder prediction,MobiDBLite,-,-,MN034849
MN034849_9,-,consensus disorder prediction,MobiDBLite,-,-,MN034849
MN034849_9,-,consensus disorder prediction,MobiDBLite,-,-,MN034849
MN034849_9,-,consensus disorder prediction,MobiDBLite,-,-,MN034849
MN034849_9,Viral coat protein subunit,-,Gene3D,-,-,MN034849
MN034849_9,"Icosahedral viral capsid protein, S domain",Viral coat protein (S domain),Pfam,,Picorna,MN034849
MN034849_9,"RNA-directed RNA polymerase, C-terminal domain",Viral RNA-dependent RNA polymerase,Pfam,,1B,MN034849
MN035369_5,-,SignalP-noTM,SignalP_EUK,-,-,MN035369
MN035574_10,-,Region of a membrane-bound protein predicted to be embedded in the membrane.,Phobius,-,-,MN035574
MN035574_10,-,"Region of a membrane-bound protein predicted to be outside the membrane, in the extracellular region.",Phobius,-,-,MN035574
MN035574_10,-,Region of a membrane-bound protein predicted to be embedded in the membrane.,Phobius,-,-,MN035574
MN035574_10,-,"Region of a membrane-bound protein predicted to be outside the membrane, in the cytoplasm.",Phobius,-,-,MN035574
MN035574_10,-,"Region of a membrane-bound protein predicted to be outside the membrane, in the cytoplasm.",Phobius,-,-,MN035574
MN035574_12,-,Region of a membrane-bound protein predicted to be embedded in the membrane.,TMHMM,-,-,MN035574
MN036131_3,Reverse transcriptase/Diguanylate cyclase domain,-,Gene3D,-,-,MN036131
MN036131_3,"RNA-directed RNA polymerase, catalytic domain",RdRp of positive ssRNA viruses catalytic domain profile.,ProSiteProfiles,-,-,MN036131
MN036131_3,"RNA-directed RNA polymerase, C-terminal domain",Viral RNA-dependent RNA polymerase,Pfam,,1B,MN036131
MN036131_3,DNA/RNA polymerase superfamily,DNA/RNA polymerases,SUPERFAMILY,,1B,MN036131
MN035838_19,-,Hydrophobic region of a signal peptide.,Phobius,-,-,MN035838
MN035838_19,-,"Region of a membrane-bound protein predicted to be outside the membrane, in the extracellular region.",Phobius,-,-,MN035838
MN035838_19,-,Signal peptide region,Phobius,-,-,MN035838
MN035838_19,-,N-terminal region of a signal peptide.,Phobius,-,-,MN035838
MN035838_19,-,C-terminal region of a signal peptide.,Phobius,-,-,MN035838
MN034422_12,DNA/RNA polymerase superfamily,DNA/RNA polymerases,SUPERFAMILY,,1B,MN034422
MN034422_12,"RNA-directed RNA polymerase, C-terminal domain",Viral RNA-dependent RNA polymerase,Pfam,,1B,MN034422
MN035893_4,"RNA-directed RNA polymerase, C-terminal domain",Viral RNA-dependent RNA polymerase,Pfam,,1B,MN035893
MN035893_4,DNA/RNA polymerase superfamily,DNA/RNA polymerases,SUPERFAMILY,,1B,MN035893
MN035574_8,-,consensus disorder prediction,MobiDBLite,-,-,MN035574
MN035574_8,-,consensus disorder prediction,MobiDBLite,-,-,MN035574
MN035574_8,-,consensus disorder prediction,MobiDBLite,-,-,MN035574
MN035838_29,-,"Region of a membrane-bound protein predicted to be outside the membrane, in the extracellular region.",Phobius,-,-,MN035838
MN035838_29,-,Region of a membrane-bound protein predicted to be embedded in the membrane.,Phobius,-,-,MN035838
MN035838_29,-,"Region of a membrane-bound protein predicted to be outside the membrane, in the cytoplasm.",Phobius,-,-,MN035838
MN035838_29,-,"Region of a membrane-bound protein predicted to be outside the membrane, in the extracellular region.",Phobius,-,-,MN035838
MN035838_29,-,Region of a membrane-bound protein predicted to be embedded in the membrane.,Phobius,-,-,MN035838
MN035893_7,-,consensus disorder prediction,MobiDBLite,-,-,MN035893
MN035574_15,"RNA-directed RNA polymerase, C-terminal domain",Viral RNA-dependent RNA polymerase,Pfam,,1B,MN035574
MN035574_15,DNA/RNA polymerase superfamily,DNA/RNA polymerases,SUPERFAMILY,,1B,MN035574
MN035369_8,Reverse transcriptase/Diguanylate cyclase domain,-,Gene3D,-,-,MN035369
MN035369_8,"RNA-directed RNA polymerase, C-terminal domain",Viral RNA-dependent RNA polymerase,Pfam,,1B,MN035369
MN035369_8,DNA/RNA polymerase superfamily,DNA/RNA polymerases,SUPERFAMILY,,1B,MN035369
MN035369_8,"RNA-directed RNA polymerase, catalytic domain",RdRp of positive ssRNA viruses catalytic domain profile.,ProSiteProfiles,-,-,MN035369
MN036159_17,-,consensus disorder prediction,MobiDBLite,-,-,MN036159
MN035838_23,-,"Region of a membrane-bound protein predicted to be outside the membrane, in the cytoplasm.",Phobius,-,-,MN035838
MN035838_23,-,"Region of a membrane-bound protein predicted to be outside the membrane, in the extracellular region.",Phobius,-,-,MN035838
MN035838_23,-,Region of a membrane-bound protein predicted to be embedded in the membrane.,Phobius,-,-,MN035838
MN035369_7,-,Region of a membrane-bound protein predicted to be embedded in the membrane.,TMHMM,-,-,MN035369
MN035369_7,-,Region of a membrane-bound protein predicted to be embedded in the membrane.,TMHMM,-,-,MN035369
MN035369_7,-,Region of a membrane-bound protein predicted to be embedded in the membrane.,Phobius,-,-,MN035369
MN035369_7,-,"Region of a membrane-bound protein predicted to be outside the membrane, in the extracellular region.",Phobius,-,-,MN035369
MN035369_7,-,"Region of a membrane-bound protein predicted to be outside the membrane, in the cytoplasm.",Phobius,-,-,MN035369
MN035369_7,-,"Region of a membrane-bound protein predicted to be outside the membrane, in the extracellular region.",Phobius,-,-,MN035369
MN035369_7,-,Region of a membrane-bound protein predicted to be embedded in the membrane.,Phobius,-,-,MN035369
MN035369_7,-,"Region of a membrane-bound protein predicted to be outside the membrane, in the cytoplasm.",Phobius,-,-,MN035369
MN035369_7,-,Region of a membrane-bound protein predicted to be embedded in the membrane.,Phobius,-,-,MN035369
MN035369_7,-,Region of a membrane-bound protein predicted to be embedded in the membrane.,TMHMM,-,-,MN035369
MN035838_8,-,Region of a membrane-bound protein predicted to be embedded in the membrane.,Phobius,-,-,MN035838
MN035838_8,-,"Region of a membrane-bound protein predicted to be outside the membrane, in the cytoplasm.",Phobius,-,-,MN035838
MN035838_8,-,Region of a membrane-bound protein predicted to be embedded in the membrane.,TMHMM,-,-,MN035838
MN035838_8,-,"Region of a membrane-bound protein predicted to be outside the membrane, in the extracellular region.",Phobius,-,-,MN035838
MN035574_5,-,consensus disorder prediction,MobiDBLite,-,-,MN035574
MN035574_5,-,consensus disorder prediction,MobiDBLite,-,-,MN035574
MN034422_7,-,consensus disorder prediction,MobiDBLite,-,-,MN034422
MN034422_7,-,consensus disorder prediction,MobiDBLite,-,-,MN034422
MN034422_7,-,consensus disorder prediction,MobiDBLite,-,-,MN034422
MN034422_7,-,consensus disorder prediction,MobiDBLite,-,-,MN034422
MN035838_27,-,"Region of a membrane-bound protein predicted to be outside the membrane, in the extracellular region.",Phobius,-,-,MN035838
MN035838_27,-,Signal peptide region,Phobius,-,-,MN035838
MN035838_27,-,C-terminal region of a signal peptide.,Phobius,-,-,MN035838
MN035838_27,-,Hydrophobic region of a signal peptide.,Phobius,-,-,MN035838
MN035838_27,-,N-terminal region of a signal peptide.,Phobius,-,-,MN035838
MN034849_4,-,C-terminal region of a signal peptide.,Phobius,-,-,MN034849
MN034849_4,-,N-terminal region of a signal peptide.,Phobius,-,-,MN034849
MN034849_4,-,Hydrophobic region of a signal peptide.,Phobius,-,-,MN034849
MN034849_4,-,"Region of a membrane-bound protein predicted to be outside the membrane, in the extracellular region.",Phobius,-,-,MN034849
MN034849_4,-,Signal peptide region,Phobius,-,-,MN034849
MN034849_4,-,Region of a membrane-bound protein predicted to be embedded in the membrane.,TMHMM,-,-,MN034849
MN035574_16,-,consensus disorder prediction,MobiDBLite,-,-,MN035574
MN035893_2,-,"Region of a membrane-bound protein predicted to be outside the membrane, in the extracellular region.",Phobius,-,-,MN035893
MN035893_2,-,"Region of a membrane-bound protein predicted to be outside the membrane, in the cytoplasm.",Phobius,-,-,MN035893
MN035893_2,-,Region of a membrane-bound protein predicted to be embedded in the membrane.,Phobius,-,-,MN035893
MN035893_2,-,Region of a membrane-bound protein predicted to be embedded in the membrane.,TMHMM,-,-,MN035893
MN035893_2,-,consensus disorder prediction,MobiDBLite,-,-,MN035893
MN035893_2,-,consensus disorder prediction,MobiDBLite,-,-,MN035893
MN035369_6,-,C-terminal region of a signal peptide.,Phobius,-,-,MN035369
MN035369_6,-,Hydrophobic region of a signal peptide.,Phobius,-,-,MN035369
MN035369_6,-,Signal peptide region,Phobius,-,-,MN035369
MN035369_6,-,N-terminal region of a signal peptide.,Phobius,-,-,MN035369
MN035369_6,-,"Region of a membrane-bound protein predicted to be outside the membrane, in the extracellular region.",Phobius,-,-,MN035369
MN035893_1,-,"Region of a membrane-bound protein predicted to be outside the membrane, in the cytoplasm.",Phobius,-,-,MN035893
MN035893_1,-,Region of a membrane-bound protein predicted to be embedded in the membrane.,TMHMM,-,-,MN035893
MN035893_1,-,"Region of a membrane-bound protein predicted to be outside the membrane, in the extracellular region.",Phobius,-,-,MN035893
MN035893_1,-,Region of a membrane-bound protein predicted to be embedded in the membrane.,Phobius,-,-,MN035893
MN034422_1,-,"Region of a membrane-bound protein predicted to be outside the membrane, in the cytoplasm.",Phobius,-,-,MN034422
MN034422_1,-,"Region of a membrane-bound protein predicted to be outside the membrane, in the extracellular region.",Phobius,-,-,MN034422
MN034422_1,-,Region of a membrane-bound protein predicted to be embedded in the membrane.,Phobius,-,-,MN034422
MN034422_13,-,"Region of a membrane-bound protein predicted to be outside the membrane, in the cytoplasm.",Phobius,-,-,MN034422
MN034422_13,-,Region of a membrane-bound protein predicted to be embedded in the membrane.,TMHMM,-,-,MN034422
MN034422_13,-,Region of a membrane-bound protein predicted to be embedded in the membrane.,Phobius,-,-,MN034422
MN034422_13,-,Region of a membrane-bound protein predicted to be embedded in the membrane.,Phobius,-,-,MN034422
MN034422_13,-,"Region of a membrane-bound protein predicted to be outside the membrane, in the extracellular region.",Phobius,-,-,MN034422
MN034422_13,-,"Region of a membrane-bound protein predicted to be outside the membrane, in the cytoplasm.",Phobius,-,-,MN034422
MN034422_13,-,Region of a membrane-bound protein predicted to be embedded in the membrane.,TMHMM,-,-,MN034422
MN035838_6,-,"Region of a membrane-bound protein predicted to be outside the membrane, in the cytoplasm.",Phobius,-,-,MN035838
MN035838_6,-,Region of a membrane-bound protein predicted to be embedded in the membrane.,Phobius,-,-,MN035838
MN035838_6,-,Region of a membrane-bound protein predicted to be embedded in the membrane.,Phobius,-,-,MN035838
MN035838_6,-,"Region of a membrane-bound protein predicted to be outside the membrane, in the extracellular region.",Phobius,-,-,MN035838
MN035838_6,-,"Region of a membrane-bound protein predicted to be outside the membrane, in the cytoplasm.",Phobius,-,-,MN035838
MN035838_6,-,Region of a membrane-bound protein predicted to be embedded in the membrane.,TMHMM,-,-,MN035838
MN035838_6,-,Region of a membrane-bound protein predicted to be embedded in the membrane.,TMHMM,-,-,MN035838
MN032977_37,-,Region of a membrane-bound protein predicted to be embedded in the membrane.,TMHMM,-,-,MN032977
MN032977_37,-,"Region of a membrane-bound protein predicted to be outside the membrane, in the extracellular region.",Phobius,-,-,MN032977
MN032977_37,-,"Region of a membrane-bound protein predicted to be outside the membrane, in the cytoplasm.",Phobius,-,-,MN032977
MN032977_37,-,Region of a membrane-bound protein predicted to be embedded in the membrane.,Phobius,-,-,MN032977
MN033907_5,-,consensus disorder prediction,MobiDBLite,-,-,MN033907
MN033907_5,-,consensus disorder prediction,MobiDBLite,-,-,MN033907
MN032977_36,-,"Region of a membrane-bound protein predicted to be outside the membrane, in the extracellular region.",Phobius,-,-,MN032977
MN032977_36,-,Region of a membrane-bound protein predicted to be embedded in the membrane.,Phobius,-,-,MN032977
MN032977_36,-,"Region of a membrane-bound protein predicted to be outside the membrane, in the cytoplasm.",Phobius,-,-,MN032977
MN032977_36,-,Region of a membrane-bound protein predicted to be embedded in the membrane.,TMHMM,-,-,MN032977
MN032977_23,-,"Region of a membrane-bound protein predicted to be outside the membrane, in the cytoplasm.",Phobius,-,-,MN032977
MN032977_23,-,"Region of a membrane-bound protein predicted to be outside the membrane, in the extracellular region.",Phobius,-,-,MN032977
MN032977_23,-,"Region of a membrane-bound protein predicted to be outside the membrane, in the cytoplasm.",Phobius,-,-,MN032977
MN032977_23,-,Region of a membrane-bound protein predicted to be embedded in the membrane.,TMHMM,-,-,MN032977
MN032977_23,-,"Region of a membrane-bound protein predicted to be outside the membrane, in the cytoplasm.",Phobius,-,-,MN032977
MN032977_23,-,Region of a membrane-bound protein predicted to be embedded in the membrane.,Phobius,-,-,MN032977
MN032977_23,-,Region of a membrane-bound protein predicted to be embedded in the membrane.,Phobius,-,-,MN032977
MN032977_23,-,Region of a membrane-bound protein predicted to be embedded in the membrane.,TMHMM,-,-,MN032977
MN032977_23,-,Region of a membrane-bound protein predicted to be embedded in the membrane.,TMHMM,-,-,MN032977
MN032977_23,-,Region of a membrane-bound protein predicted to be embedded in the membrane.,Phobius,-,-,MN032977
MN032977_23,-,"Region of a membrane-bound protein predicted to be outside the membrane, in the extracellular region.",Phobius,-,-,MN032977
MN032977_23,-,Region of a membrane-bound protein predicted to be embedded in the membrane.,Phobius,-,-,MN032977
MN032977_23,-,Region of a membrane-bound protein predicted to be embedded in the membrane.,TMHMM,-,-,MN032977
MN032977_38,-,Region of a membrane-bound protein predicted to be embedded in the membrane.,TMHMM,-,-,MN032977
MN032977_38,-,Region of a membrane-bound protein predicted to be embedded in the membrane.,Phobius,-,-,MN032977
MN032977_38,-,Region of a membrane-bound protein predicted to be embedded in the membrane.,Phobius,-,-,MN032977
MN032977_38,-,"Region of a membrane-bound protein predicted to be outside the membrane, in the cytoplasm.",Phobius,-,-,MN032977
MN032977_38,-,Region of a membrane-bound protein predicted to be embedded in the membrane.,TMHMM,-,-,MN032977
MN032977_38,-,"Region of a membrane-bound protein predicted to be outside the membrane, in the extracellular region.",Phobius,-,-,MN032977
MN032977_38,-,"Region of a membrane-bound protein predicted to be outside the membrane, in the cytoplasm.",Phobius,-,-,MN032977
MN033177_1,-,Region of a membrane-bound protein predicted to be embedded in the membrane.,TMHMM,-,-,MN033177
MN033177_1,-,"Region of a membrane-bound protein predicted to be outside the membrane, in the cytoplasm.",Phobius,-,-,MN033177
MN033177_1,-,Region of a membrane-bound protein predicted to be embedded in the membrane.,TMHMM,-,-,MN033177
MN033177_1,-,Region of a membrane-bound protein predicted to be embedded in the membrane.,Phobius,-,-,MN033177
MN033177_1,-,Region of a membrane-bound protein predicted to be embedded in the membrane.,Phobius,-,-,MN033177
MN033177_1,-,"Region of a membrane-bound protein predicted to be outside the membrane, in the cytoplasm.",Phobius,-,-,MN033177
MN033177_1,-,"Region of a membrane-bound protein predicted to be outside the membrane, in the extracellular region.",Phobius,-,-,MN033177
MN032977_8,-,consensus disorder prediction,MobiDBLite,-,-,MN032977
MN032977_8,-,consensus disorder prediction,MobiDBLite,-,-,MN032977
MN032977_41,-,"Region of a membrane-bound protein predicted to be outside the membrane, in the extracellular region.",Phobius,-,-,MN032977
MN032977_41,-,SignalP-noTM,SignalP_GRAM_NEGATIVE,-,-,MN032977
MN032977_41,-,SignalP-TM,SignalP_GRAM_POSITIVE,-,-,MN032977
MN032977_41,-,Hydrophobic region of a signal peptide.,Phobius,-,-,MN032977
MN032977_41,-,C-terminal region of a signal peptide.,Phobius,-,-,MN032977
MN032977_41,-,Signal peptide region,Phobius,-,-,MN032977
MN032977_41,-,N-terminal region of a signal peptide.,Phobius,-,-,MN032977
MN032977_41,-,consensus disorder prediction,MobiDBLite,-,-,MN032977
MN033177_9,-,Region of a membrane-bound protein predicted to be embedded in the membrane.,Phobius,-,-,MN033177
MN033177_9,-,"Region of a membrane-bound protein predicted to be outside the membrane, in the extracellular region.",Phobius,-,-,MN033177
MN033177_9,-,Region of a membrane-bound protein predicted to be embedded in the membrane.,TMHMM,-,-,MN033177
MN033177_9,-,"Region of a membrane-bound protein predicted to be outside the membrane, in the cytoplasm.",Phobius,-,-,MN033177
MN032977_15,-,consensus disorder prediction,MobiDBLite,-,-,MN032977
MN032977_50,-,N-terminal region of a signal peptide.,Phobius,-,-,MN032977
MN032977_50,-,C-terminal region of a signal peptide.,Phobius,-,-,MN032977
MN032977_50,-,consensus disorder prediction,MobiDBLite,-,-,MN032977
MN032977_50,-,SignalP-noTM,SignalP_EUK,-,-,MN032977
MN032977_50,-,"Region of a membrane-bound protein predicted to be outside the membrane, in the extracellular region.",Phobius,-,-,MN032977
MN032977_50,-,Hydrophobic region of a signal peptide.,Phobius,-,-,MN032977
MN032977_50,-,Signal peptide region,Phobius,-,-,MN032977
MN032977_14,-,consensus disorder prediction,MobiDBLite,-,-,MN032977
MN033177_11,-,Region of a membrane-bound protein predicted to be embedded in the membrane.,TMHMM,-,-,MN033177
MN032977_52,-,consensus disorder prediction,MobiDBLite,-,-,MN032977
MN032977_52,-,consensus disorder prediction,MobiDBLite,-,-,MN032977
MN033141_7,-,SignalP-TM,SignalP_GRAM_POSITIVE,-,-,MN033141
MN032977_39,-,SignalP-TM,SignalP_GRAM_POSITIVE,-,-,MN032977
MN032977_39,-,"Region of a membrane-bound protein predicted to be outside the membrane, in the cytoplasm.",Phobius,-,-,MN032977
MN032977_39,-,Region of a membrane-bound protein predicted to be embedded in the membrane.,Phobius,-,-,MN032977
MN032977_39,-,Region of a membrane-bound protein predicted to be embedded in the membrane.,TMHMM,-,-,MN032977
MN032977_39,-,Region of a membrane-bound protein predicted to be embedded in the membrane.,Phobius,-,-,MN032977
MN032977_39,-,"Region of a membrane-bound protein predicted to be outside the membrane, in the extracellular region.",Phobius,-,-,MN032977
MN032977_39,-,"Region of a membrane-bound protein predicted to be outside the membrane, in the extracellular region.",Phobius,-,-,MN032977
MN032977_46,-,"Region of a membrane-bound protein predicted to be outside the membrane, in the cytoplasm.",Phobius,-,-,MN032977
MN032977_46,-,Region of a membrane-bound protein predicted to be embedded in the membrane.,Phobius,-,-,MN032977
MN032977_46,-,"Region of a membrane-bound protein predicted to be outside the membrane, in the extracellular region.",Phobius,-,-,MN032977
MN032977_46,-,Region of a membrane-bound protein predicted to be embedded in the membrane.,TMHMM,-,-,MN032977
MN033141_3,Reverse transcriptase/Diguanylate cyclase domain,-,Gene3D,-,-,MN033141
MN033141_3,"RNA-directed RNA polymerase, catalytic domain",RdRp of positive ssRNA viruses catalytic domain profile.,ProSiteProfiles,-,-,MN033141
MN033141_3,-,consensus disorder prediction,MobiDBLite,-,-,MN033141
MN033141_3,"RNA-directed RNA polymerase, C-terminal domain",Viral RNA-dependent RNA polymerase,Pfam,,1B,MN033141
MN033141_3,DNA/RNA polymerase superfamily,DNA/RNA polymerases,SUPERFAMILY,,1B,MN033141
MN033591_3,-,"Region of a membrane-bound protein predicted to be outside the membrane, in the cytoplasm.",Phobius,-,-,MN033591
MN033591_3,-,"Region of a membrane-bound protein predicted to be outside the membrane, in the extracellular region.",Phobius,-,-,MN033591
MN033591_3,-,Region of a membrane-bound protein predicted to be embedded in the membrane.,TMHMM,-,-,MN033591
MN033591_3,-,Region of a membrane-bound protein predicted to be embedded in the membrane.,Phobius,-,-,MN033591
MN033177_10,-,consensus disorder prediction,MobiDBLite,-,-,MN033177
MN033177_10,-,consensus disorder prediction,MobiDBLite,-,-,MN033177
MN033177_10,-,Region of a membrane-bound protein predicted to be embedded in the membrane.,Phobius,-,-,MN033177
MN033177_10,-,"Region of a membrane-bound protein predicted to be outside the membrane, in the extracellular region.",Phobius,-,-,MN033177
MN033177_10,-,"Region of a membrane-bound protein predicted to be outside the membrane, in the cytoplasm.",Phobius,-,-,MN033177
MN032977_29,-,consensus disorder prediction,MobiDBLite,-,-,MN032977
MN032977_29,-,consensus disorder prediction,MobiDBLite,-,-,MN032977
MN032977_29,-,consensus disorder prediction,MobiDBLite,-,-,MN032977
MN032977_29,-,consensus disorder prediction,MobiDBLite,-,-,MN032977
MN033907_3,-,Region of a membrane-bound protein predicted to be embedded in the membrane.,Phobius,-,-,MN033907
MN033907_3,-,"Region of a membrane-bound protein predicted to be outside the membrane, in the cytoplasm.",Phobius,-,-,MN033907
MN033907_3,-,"Region of a membrane-bound protein predicted to be outside the membrane, in the extracellular region.",Phobius,-,-,MN033907
MN033907_3,-,Region of a membrane-bound protein predicted to be embedded in the membrane.,TMHMM,-,-,MN033907
MN033591_1,-,Region of a membrane-bound protein predicted to be embedded in the membrane.,Phobius,-,-,MN033591
MN033591_1,-,"Region of a membrane-bound protein predicted to be outside the membrane, in the cytoplasm.",Phobius,-,-,MN033591
MN033591_1,"RNA-directed RNA polymerase, C-terminal domain",Viral RNA-dependent RNA polymerase,Pfam,,1B,MN033591
MN033591_1,DNA/RNA polymerase superfamily,DNA/RNA polymerases,SUPERFAMILY,,1B,MN033591
MN033591_1,-,"Region of a membrane-bound protein predicted to be outside the membrane, in the extracellular region.",Phobius,-,-,MN033591
MN033591_1,-,Region of a membrane-bound protein predicted to be embedded in the membrane.,Phobius,-,-,MN033591
MN033591_1,-,"Region of a membrane-bound protein predicted to be outside the membrane, in the cytoplasm.",Phobius,-,-,MN033591
MN032977_22,-,"Region of a membrane-bound protein predicted to be outside the membrane, in the extracellular region.",Phobius,-,-,MN032977
MN032977_22,-,Region of a membrane-bound protein predicted to be embedded in the membrane.,Phobius,-,-,MN032977
MN032977_22,-,"Region of a membrane-bound protein predicted to be outside the membrane, in the cytoplasm.",Phobius,-,-,MN032977
MN032977_22,-,Region of a membrane-bound protein predicted to be embedded in the membrane.,TMHMM,-,-,MN032977
MN033141_6,-,Region of a membrane-bound protein predicted to be embedded in the membrane.,Phobius,-,-,MN033141
MN033141_6,-,Region of a membrane-bound protein predicted to be embedded in the membrane.,TMHMM,-,-,MN033141
MN033141_6,-,"Region of a membrane-bound protein predicted to be outside the membrane, in the extracellular region.",Phobius,-,-,MN033141
MN033141_6,-,"Region of a membrane-bound protein predicted to be outside the membrane, in the cytoplasm.",Phobius,-,-,MN033141
MN032977_6,-,consensus disorder prediction,MobiDBLite,-,-,MN032977
MN032977_6,-,consensus disorder prediction,MobiDBLite,-,-,MN032977
MN034422_15,Phospholipase A2 domain superfamily,Phospholipase A2 domain,Gene3D,-,-,MN034422
MN034422_15,Phospholipase A2 domain superfamily,"Phospholipase A2, PLA2",SUPERFAMILY,-,-,MN034422
MN034422_15,-,consensus disorder prediction,MobiDBLite,-,-,MN034422
MN034422_15,-,consensus disorder prediction,MobiDBLite,-,-,MN034422
MN034422_15,-,consensus disorder prediction,MobiDBLite,-,-,MN034422
MN034422_15,-,consensus disorder prediction,MobiDBLite,-,-,MN034422
MN032977_31,-,"Region of a membrane-bound protein predicted to be outside the membrane, in the cytoplasm.",Phobius,-,-,MN032977
MN032977_31,-,"Region of a membrane-bound protein predicted to be outside the membrane, in the extracellular region.",Phobius,-,-,MN032977
MN032977_31,-,Region of a membrane-bound protein predicted to be embedded in the membrane.,Phobius,-,-,MN032977
MN033141_2,-,consensus disorder prediction,MobiDBLite,-,-,MN033141
MN033141_2,-,consensus disorder prediction,MobiDBLite,-,-,MN033141
MN033177_14,-,Region of a membrane-bound protein predicted to be embedded in the membrane.,TMHMM,-,-,MN033177
MN033177_14,-,"Region of a membrane-bound protein predicted to be outside the membrane, in the extracellular region.",Phobius,-,-,MN033177
MN033177_14,-,"Region of a membrane-bound protein predicted to be outside the membrane, in the cytoplasm.",Phobius,-,-,MN033177
MN033177_14,-,Region of a membrane-bound protein predicted to be embedded in the membrane.,TMHMM,-,-,MN033177
MN033177_14,-,Region of a membrane-bound protein predicted to be embedded in the membrane.,Phobius,-,-,MN033177
MN033177_14,-,"Region of a membrane-bound protein predicted to be outside the membrane, in the cytoplasm.",Phobius,-,-,MN033177
MN033177_14,-,Region of a membrane-bound protein predicted to be embedded in the membrane.,Phobius,-,-,MN033177
MN032977_4,-,consensus disorder prediction,MobiDBLite,-,-,MN032977
MN032977_4,-,consensus disorder prediction,MobiDBLite,-,-,MN032977
MN032977_4,-,consensus disorder prediction,MobiDBLite,-,-,MN032977
MN033591_2,-,Region of a membrane-bound protein predicted to be embedded in the membrane.,TMHMM,-,-,MN033591
MN033591_2,-,"Region of a membrane-bound protein predicted to be outside the membrane, in the cytoplasm.",Phobius,-,-,MN033591
MN033591_2,-,"Region of a membrane-bound protein predicted to be outside the membrane, in the extracellular region.",Phobius,-,-,MN033591
MN033591_2,-,Region of a membrane-bound protein predicted to be embedded in the membrane.,Phobius,-,-,MN033591
MN033141_4,-,consensus disorder prediction,MobiDBLite,-,-,MN033141
MN033141_4,-,consensus disorder prediction,MobiDBLite,-,-,MN033141
MN033141_1,-,consensus disorder prediction,MobiDBLite,-,-,MN033141
MN033141_1,-,consensus disorder prediction,MobiDBLite,-,-,MN033141
MN033141_1,-,consensus disorder prediction,MobiDBLite,-,-,MN033141
MN034197_3,-,Region of a membrane-bound protein predicted to be embedded in the membrane.,Phobius,-,-,MN034197
MN034197_3,-,"Region of a membrane-bound protein predicted to be outside the membrane, in the cytoplasm.",Phobius,-,-,MN034197
MN034197_3,-,Region of a membrane-bound protein predicted to be embedded in the membrane.,Phobius,-,-,MN034197
MN034197_3,-,Region of a membrane-bound protein predicted to be embedded in the membrane.,TMHMM,-,-,MN034197
MN034197_3,-,"Region of a membrane-bound protein predicted to be outside the membrane, in the cytoplasm.",Phobius,-,-,MN034197
MN034197_3,-,"Region of a membrane-bound protein predicted to be outside the membrane, in the extracellular region.",Phobius,-,-,MN034197
MN032977_53,-,Region of a membrane-bound protein predicted to be embedded in the membrane.,TMHMM,-,-,MN032977
MN032977_53,-,Region of a membrane-bound protein predicted to be embedded in the membrane.,Phobius,-,-,MN032977
MN032977_53,-,"Region of a membrane-bound protein predicted to be outside the membrane, in the cytoplasm.",Phobius,-,-,MN032977
MN032977_53,-,"Region of a membrane-bound protein predicted to be outside the membrane, in the extracellular region.",Phobius,-,-,MN032977
MN032977_53,-,Region of a membrane-bound protein predicted to be embedded in the membrane.,Phobius,-,-,MN032977
MN032977_53,-,Region of a membrane-bound protein predicted to be embedded in the membrane.,TMHMM,-,-,MN032977
MN032977_53,-,"Region of a membrane-bound protein predicted to be outside the membrane, in the cytoplasm.",Phobius,-,-,MN032977
MN032977_44,-,"Region of a membrane-bound protein predicted to be outside the membrane, in the cytoplasm.",Phobius,-,-,MN032977
MN032977_44,-,Region of a membrane-bound protein predicted to be embedded in the membrane.,TMHMM,-,-,MN032977
MN032977_44,-,"Region of a membrane-bound protein predicted to be outside the membrane, in the extracellular region.",Phobius,-,-,MN032977
MN032977_44,-,Region of a membrane-bound protein predicted to be embedded in the membrane.,Phobius,-,-,MN032977
MN032977_44,-,"Region of a membrane-bound protein predicted to be outside the membrane, in the extracellular region.",Phobius,-,-,MN032977
MN032977_44,-,Region of a membrane-bound protein predicted to be embedded in the membrane.,Phobius,-,-,MN032977
MN032977_44,-,Region of a membrane-bound protein predicted to be embedded in the membrane.,TMHMM,-,-,MN032977
MN032977_13,-,consensus disorder prediction,MobiDBLite,-,-,MN032977
MN034197_2,"RNA-directed RNA polymerase, catalytic domain",RdRp of positive ssRNA viruses catalytic domain profile.,ProSiteProfiles,-,-,MN034197
MN034197_2,Reverse transcriptase/Diguanylate cyclase domain,-,Gene3D,-,-,MN034197
MN034197_2,DNA/RNA polymerase superfamily,DNA/RNA polymerases,SUPERFAMILY,,1B,MN034197
MN034197_2,"RNA-directed RNA polymerase, C-terminal domain",Viral RNA-dependent RNA polymerase,Pfam,,1B,MN034197
MN033907_6,"RNA-directed RNA polymerase, C-terminal domain",Viral RNA-dependent RNA polymerase,Pfam,,1B,MN033907
MN033907_6,-,consensus disorder prediction,MobiDBLite,-,-,MN033907
MN033907_6,-,consensus disorder prediction,MobiDBLite,-,-,MN033907
MN033907_6,DNA/RNA polymerase superfamily,DNA/RNA polymerases,SUPERFAMILY,,1B,MN033907
MN033907_6,Reverse transcriptase/Diguanylate cyclase domain,-,Gene3D,-,-,MN033907
MN034197_7,-,Region of a membrane-bound protein predicted to be embedded in the membrane.,Phobius,-,-,MN034197
MN034197_7,-,"Region of a membrane-bound protein predicted to be outside the membrane, in the extracellular region.",Phobius,-,-,MN034197
MN034197_7,-,"Region of a membrane-bound protein predicted to be outside the membrane, in the cytoplasm.",Phobius,-,-,MN034197
MN033177_4,-,"Region of a membrane-bound protein predicted to be outside the membrane, in the cytoplasm.",Phobius,-,-,MN033177
MN033177_4,-,Region of a membrane-bound protein predicted to be embedded in the membrane.,TMHMM,-,-,MN033177
MN033177_4,-,"Region of a membrane-bound protein predicted to be outside the membrane, in the extracellular region.",Phobius,-,-,MN033177
MN033177_4,-,Region of a membrane-bound protein predicted to be embedded in the membrane.,TMHMM,-,-,MN033177
MN033177_4,"Peptidase S1, PA clan",Trypsin-like serine proteases,SUPERFAMILY,,1A,MN033177
MN033177_4,-,Region of a membrane-bound protein predicted to be embedded in the membrane.,TMHMM,-,-,MN033177
MN033177_4,-,"Region of a membrane-bound protein predicted to be outside the membrane, in the extracellular region.",Phobius,-,-,MN033177
MN033177_4,-,"Region of a membrane-bound protein predicted to be outside the membrane, in the cytoplasm.",Phobius,-,-,MN033177
MN033177_4,"Peptidase S1, PA clan, chymotrypsin-like fold",-,Gene3D,-,-,MN033177
MN033177_4,-,consensus disorder prediction,MobiDBLite,-,-,MN033177
MN033177_4,-,consensus disorder prediction,MobiDBLite,-,-,MN033177
MN033177_4,-,Region of a membrane-bound protein predicted to be embedded in the membrane.,TMHMM,-,-,MN033177
MN033177_4,-,Region of a membrane-bound protein predicted to be embedded in the membrane.,Phobius,-,-,MN033177
MN033177_4,-,Region of a membrane-bound protein predicted to be embedded in the membrane.,Phobius,-,-,MN033177
MN033177_4,-,"Region of a membrane-bound protein predicted to be outside the membrane, in the extracellular region.",Phobius,-,-,MN033177
MN033177_4,-,"Region of a membrane-bound protein predicted to be outside the membrane, in the cytoplasm.",Phobius,-,-,MN033177
MN033177_4,-,Region of a membrane-bound protein predicted to be embedded in the membrane.,Phobius,-,-,MN033177
MN033177_4,-,Region of a membrane-bound protein predicted to be embedded in the membrane.,Phobius,-,-,MN033177
MN033177_4,"RNA-directed RNA polymerase, C-terminal domain",Viral RNA-dependent RNA polymerase,Pfam,,1B,MN033177
MN033177_4,DNA/RNA polymerase superfamily,DNA/RNA polymerases,SUPERFAMILY,,1B,MN033177
MN033177_4,-,Region of a membrane-bound protein predicted to be embedded in the membrane.,Phobius,-,-,MN033177
MN033177_12,-,Region of a membrane-bound protein predicted to be embedded in the membrane.,Phobius,-,-,MN033177
MN033177_12,-,"Region of a membrane-bound protein predicted to be outside the membrane, in the extracellular region.",Phobius,-,-,MN033177
MN033177_12,-,Region of a membrane-bound protein predicted to be embedded in the membrane.,TMHMM,-,-,MN033177
MN033177_12,-,"Region of a membrane-bound protein predicted to be outside the membrane, in the cytoplasm.",Phobius,-,-,MN033177
MN034197_1,-,Region of a membrane-bound protein predicted to be embedded in the membrane.,Phobius,-,-,MN034197
MN034197_1,-,"Region of a membrane-bound protein predicted to be outside the membrane, in the cytoplasm.",Phobius,-,-,MN034197
MN034197_1,-,Region of a membrane-bound protein predicted to be embedded in the membrane.,TMHMM,-,-,MN034197
MN034197_1,-,"Region of a membrane-bound protein predicted to be outside the membrane, in the extracellular region.",Phobius,-,-,MN034197
HUANSSPS_6,-,Region of a membrane-bound protein predicted to be embedded in the membrane.,TMHMM,-,-,HUANSSPS
HUANSSPS_6,-,"Region of a membrane-bound protein predicted to be outside the membrane, in the cytoplasm.",Phobius,-,-,HUANSSPS
HUANSSPS_6,Mamastrovirus p20 protein,Astroviridae polyprotein 1,Pfam,-,-,HUANSSPS
HUANSSPS_6,-,"Region of a membrane-bound protein predicted to be outside the membrane, in the extracellular region.",Phobius,-,-,HUANSSPS
HUANSSPS_6,-,Region of a membrane-bound protein predicted to be embedded in the membrane.,Phobius,-,-,HUANSSPS
HUANSSPS_6,-,"Region of a membrane-bound protein predicted to be outside the membrane, in the cytoplasm.",Phobius,-,-,HUANSSPS
HUANSSPS_6,-,consensus disorder prediction,MobiDBLite,-,-,HUANSSPS
HUANSSPS_6,-,consensus disorder prediction,MobiDBLite,-,-,HUANSSPS
HUANSSPS_6,-,consensus disorder prediction,MobiDBLite,-,-,HUANSSPS
HUANSSPS_6,-,consensus disorder prediction,MobiDBLite,-,-,HUANSSPS
HUANSSPS_6,"Peptidase S1, PA clan",Trypsin-like serine proteases,SUPERFAMILY,,1A,HUANSSPS
HUANSSPS_6,-,Region of a membrane-bound protein predicted to be embedded in the membrane.,TMHMM,-,-,HUANSSPS
HUANSSPS_6,-,Region of a membrane-bound protein predicted to be embedded in the membrane.,Phobius,-,-,HUANSSPS
HUANSSPS_6,-,Region of a membrane-bound protein predicted to be embedded in the membrane.,Phobius,-,-,HUANSSPS
HUANSSPS_6,-,"Region of a membrane-bound protein predicted to be outside the membrane, in the extracellular region.",Phobius,-,-,HUANSSPS
HUANSSPS_6,-,Region of a membrane-bound protein predicted to be embedded in the membrane.,TMHMM,-,-,HUANSSPS
HUANSSPS_6,-,Region of a membrane-bound protein predicted to be embedded in the membrane.,Phobius,-,-,HUANSSPS
HUANSSPS_6,-,"Region of a membrane-bound protein predicted to be outside the membrane, in the cytoplasm.",Phobius,-,-,HUANSSPS
HUANSSPS_6,-,Region of a membrane-bound protein predicted to be embedded in the membrane.,TMHMM,-,-,HUANSSPS
HUANSSPS_6,-,Trypsin-like peptidase domain,Pfam,,1A,HUANSSPS
HUANSSPS_6,-,"Region of a membrane-bound protein predicted to be outside the membrane, in the extracellular region.",Phobius,-,-,HUANSSPS
HUANSSPS_6,"Peptidase S1, PA clan, chymotrypsin-like fold",-,Gene3D,-,-,HUANSSPS
HUANSSPS_6,-,Coil,Coils,-,-,HUANSSPS
HUANSSPS_6,Astrovirus transmembrane protein 1A,Astrovirus transmembrane protein 1A,Pfam,,1A,HUANSSPS
HUANSSPS_6,-,Region of a membrane-bound protein predicted to be embedded in the membrane.,TMHMM,-,-,HUANSSPS
HUANSSPS_6,"Peptidase S1, PA clan, chymotrypsin-like fold",-,Gene3D,-,-,HUANSSPS
HUANSSPS_6,-,Coil,Coils,-,-,HUANSSPS
HUANSSPS_6,-,Region of a membrane-bound protein predicted to be embedded in the membrane.,Phobius,-,-,HUANSSPS
HUANSSPS_6,Astrovirus VPg protein,Astrovirus VPg protein,Pfam,,1A,HUANSSPS
HUANSSPS_6,Astrovirus p19 protein,Astrovirus p19 protein,Pfam,-,-,HUANSSPS
HV511037_6,"Peptidase S1, PA clan, chymotrypsin-like fold",-,Gene3D,-,-,HV511037
HV511037_6,-,Region of a membrane-bound protein predicted to be embedded in the membrane.,TMHMM,-,-,HV511037
HV511037_6,-,Region of a membrane-bound protein predicted to be embedded in the membrane.,TMHMM,-,-,HV511037
HV511037_6,-,Coil,Coils,-,-,HV511037
HV511037_6,-,Region of a membrane-bound protein predicted to be embedded in the membrane.,Phobius,-,-,HV511037
HV511037_6,-,consensus disorder prediction,MobiDBLite,-,-,HV511037
HV511037_6,-,consensus disorder prediction,MobiDBLite,-,-,HV511037
HV511037_6,-,Region of a membrane-bound protein predicted to be embedded in the membrane.,Phobius,-,-,HV511037
HV511037_6,-,"Region of a membrane-bound protein predicted to be outside the membrane, in the extracellular region.",Phobius,-,-,HV511037
HV511037_6,-,Region of a membrane-bound protein predicted to be embedded in the membrane.,Phobius,-,-,HV511037
HV511037_6,"Peptidase S1, PA clan, chymotrypsin-like fold",-,Gene3D,-,-,HV511037
HV511037_6,-,"Region of a membrane-bound protein predicted to be outside the membrane, in the cytoplasm.",Phobius,-,-,HV511037
HV511037_6,-,"Region of a membrane-bound protein predicted to be outside the membrane, in the extracellular region.",Phobius,-,-,HV511037
HV511037_6,-,Region of a membrane-bound protein predicted to be embedded in the membrane.,TMHMM,-,-,HV511037
HV511037_6,-,"Region of a membrane-bound protein predicted to be outside the membrane, in the cytoplasm.",Phobius,-,-,HV511037
HV511037_6,Astrovirus VPg protein,Astrovirus VPg protein,Pfam,,1A,HV511037
HV511037_6,"Peptidase S1, PA clan",Trypsin-like serine proteases,SUPERFAMILY,,1A,HV511037
HV511037_6,-,Region of a membrane-bound protein predicted to be embedded in the membrane.,TMHMM,-,-,HV511037
HV511037_6,-,Region of a membrane-bound protein predicted to be embedded in the membrane.,Phobius,-,-,HV511037
HV511037_6,-,Region of a membrane-bound protein predicted to be embedded in the membrane.,TMHMM,-,-,HV511037
HV511037_6,-,Coil,Coils,-,-,HV511037
HV511037_6,-,Coil,Coils,-,-,HV511037
HV511037_6,-,"Region of a membrane-bound protein predicted to be outside the membrane, in the extracellular region.",Phobius,-,-,HV511037
HUANSSPS_14,Turkey astrovirus capsid protein,Turkey astrovirus capsid protein,Pfam,-,-,HUANSSPS
HUANSSPS_14,-,consensus disorder prediction,MobiDBLite,-,-,HUANSSPS
HUANSSPS_14,-,consensus disorder prediction,MobiDBLite,-,-,HUANSSPS
HUANSSPS_14,-,consensus disorder prediction,MobiDBLite,-,-,HUANSSPS
HUANSSPS_14,-,consensus disorder prediction,MobiDBLite,-,-,HUANSSPS
HUANSSPS_14,Viral coat protein subunit,-,Gene3D,-,-,HUANSSPS
HUANSSPS_14,"Astrovirus capsid protein, inner core domain",Astrovirus capsid protein nucleoplasmin-like domain,Pfam,,2,HUANSSPS
HUANSSPS_14,-,Capsid polyprotein VP90,FunFam,-,-,HUANSSPS
HV511037_13,-,N-terminal region of a signal peptide.,Phobius,-,-,HV511037
HV511037_13,-,"Region of a membrane-bound protein predicted to be outside the membrane, in the extracellular region.",Phobius,-,-,HV511037
HV511037_13,-,Signal peptide region,Phobius,-,-,HV511037
HV511037_13,-,Hydrophobic region of a signal peptide.,Phobius,-,-,HV511037
HV511037_13,-,C-terminal region of a signal peptide.,Phobius,-,-,HV511037
HV511037_13,-,SignalP-noTM,SignalP_EUK,-,-,HV511037
HV511037_25,-,"Region of a membrane-bound protein predicted to be outside the membrane, in the extracellular region.",Phobius,-,-,HV511037
HV511037_25,-,"Region of a membrane-bound protein predicted to be outside the membrane, in the cytoplasm.",Phobius,-,-,HV511037
HV511037_25,-,Region of a membrane-bound protein predicted to be embedded in the membrane.,Phobius,-,-,HV511037
HV511037_28,-,"Region of a membrane-bound protein predicted to be outside the membrane, in the cytoplasm.",Phobius,-,-,HV511037
HV511037_28,-,Region of a membrane-bound protein predicted to be embedded in the membrane.,Phobius,-,-,HV511037
HV511037_28,-,Region of a membrane-bound protein predicted to be embedded in the membrane.,TMHMM,-,-,HV511037
HV511037_28,-,"Region of a membrane-bound protein predicted to be outside the membrane, in the extracellular region.",Phobius,-,-,HV511037
HV511037_23,-,Region of a membrane-bound protein predicted to be embedded in the membrane.,Phobius,-,-,HV511037
HV511037_23,-,Region of a membrane-bound protein predicted to be embedded in the membrane.,TMHMM,-,-,HV511037
HV511037_23,-,"Region of a membrane-bound protein predicted to be outside the membrane, in the cytoplasm.",Phobius,-,-,HV511037
HV511037_23,-,"Region of a membrane-bound protein predicted to be outside the membrane, in the extracellular region.",Phobius,-,-,HV511037
HV511037_23,-,Region of a membrane-bound protein predicted to be embedded in the membrane.,Phobius,-,-,HV511037
HV511037_23,-,Region of a membrane-bound protein predicted to be embedded in the membrane.,Phobius,-,-,HV511037
HV511037_23,-,Region of a membrane-bound protein predicted to be embedded in the membrane.,Phobius,-,-,HV511037
HV511037_23,-,Region of a membrane-bound protein predicted to be embedded in the membrane.,TMHMM,-,-,HV511037
HV511037_23,-,"Region of a membrane-bound protein predicted to be outside the membrane, in the cytoplasm.",Phobius,-,-,HV511037
HV511037_23,-,"Region of a membrane-bound protein predicted to be outside the membrane, in the cytoplasm.",Phobius,-,-,HV511037
HV511037_23,-,"Region of a membrane-bound protein predicted to be outside the membrane, in the extracellular region.",Phobius,-,-,HV511037
HUANSSPS_34,-,Region of a membrane-bound protein predicted to be embedded in the membrane.,Phobius,-,-,HUANSSPS
HUANSSPS_34,-,"Region of a membrane-bound protein predicted to be outside the membrane, in the cytoplasm.",Phobius,-,-,HUANSSPS
HUANSSPS_34,-,Region of a membrane-bound protein predicted to be embedded in the membrane.,TMHMM,-,-,HUANSSPS
HUANSSPS_34,-,Region of a membrane-bound protein predicted to be embedded in the membrane.,Phobius,-,-,HUANSSPS
HUANSSPS_34,-,"Region of a membrane-bound protein predicted to be outside the membrane, in the cytoplasm.",Phobius,-,-,HUANSSPS
HUANSSPS_34,-,Region of a membrane-bound protein predicted to be embedded in the membrane.,TMHMM,-,-,HUANSSPS
HUANSSPS_34,-,"Region of a membrane-bound protein predicted to be outside the membrane, in the extracellular region.",Phobius,-,-,HUANSSPS
HUANSSPS_34,-,"Region of a membrane-bound protein predicted to be outside the membrane, in the extracellular region.",Phobius,-,-,HUANSSPS
HUANSSPS_34,-,Region of a membrane-bound protein predicted to be embedded in the membrane.,TMHMM,-,-,HUANSSPS
HUANSSPS_34,-,Region of a membrane-bound protein predicted to be embedded in the membrane.,Phobius,-,-,HUANSSPS
HV511037_38,-,consensus disorder prediction,MobiDBLite,-,-,HV511037
MN032977_58,-,Region of a membrane-bound protein predicted to be embedded in the membrane.,TMHMM,-,-,MN032977
MN032977_58,-,Region of a membrane-bound protein predicted to be embedded in the membrane.,Phobius,-,-,MN032977
MN032977_58,-,"Region of a membrane-bound protein predicted to be outside the membrane, in the cytoplasm.",Phobius,-,-,MN032977
MN032977_58,-,"Region of a membrane-bound protein predicted to be outside the membrane, in the extracellular region.",Phobius,-,-,MN032977
HV511037_4,-,consensus disorder prediction,MobiDBLite,-,-,HV511037
HV511037_4,-,consensus disorder prediction,MobiDBLite,-,-,HV511037
HV511037_4,-,consensus disorder prediction,MobiDBLite,-,-,HV511037
HUANSSPS_20,-,SignalP-TM,SignalP_GRAM_POSITIVE,-,-,HUANSSPS
HUANSSPS_20,-,consensus disorder prediction,MobiDBLite,-,-,HUANSSPS
HUANSSPS_20,-,consensus disorder prediction,MobiDBLite,-,-,HUANSSPS
HUANSSPS_40,-,Region of a membrane-bound protein predicted to be embedded in the membrane.,TMHMM,-,-,HUANSSPS
HUANSSPS_22,-,C-terminal region of a signal peptide.,Phobius,-,-,HUANSSPS
HUANSSPS_22,-,N-terminal region of a signal peptide.,Phobius,-,-,HUANSSPS
HUANSSPS_22,-,"Region of a membrane-bound protein predicted to be outside the membrane, in the extracellular region.",Phobius,-,-,HUANSSPS
HUANSSPS_22,-,Hydrophobic region of a signal peptide.,Phobius,-,-,HUANSSPS
HUANSSPS_22,-,SignalP-noTM,SignalP_EUK,-,-,HUANSSPS
HUANSSPS_22,-,Signal peptide region,Phobius,-,-,HUANSSPS
HUANSSPS_22,-,Region of a membrane-bound protein predicted to be embedded in the membrane.,Phobius,-,-,HUANSSPS
HUANSSPS_22,-,"Region of a membrane-bound protein predicted to be outside the membrane, in the cytoplasm.",Phobius,-,-,HUANSSPS
HUANSSPS_43,-,"Region of a membrane-bound protein predicted to be outside the membrane, in the extracellular region.",Phobius,-,-,HUANSSPS
HUANSSPS_43,-,"Region of a membrane-bound protein predicted to be outside the membrane, in the cytoplasm.",Phobius,-,-,HUANSSPS
HUANSSPS_43,-,Region of a membrane-bound protein predicted to be embedded in the membrane.,Phobius,-,-,HUANSSPS
HV511037_8,-,Region of a membrane-bound protein predicted to be embedded in the membrane.,Phobius,-,-,HV511037
HV511037_8,-,"Region of a membrane-bound protein predicted to be outside the membrane, in the cytoplasm.",Phobius,-,-,HV511037
HV511037_8,-,"Region of a membrane-bound protein predicted to be outside the membrane, in the extracellular region.",Phobius,-,-,HV511037
HV511037_30,-,SignalP-noTM,SignalP_EUK,-,-,HV511037
HV511037_9,-,ps-ssRNAv_Astroviridae_RdRp,CDD,-,-,HV511037
HV511037_9,"RNA-directed RNA polymerase, C-terminal domain",Viral RNA-dependent RNA polymerase,Pfam,,1B,HV511037
HV511037_9,"RNA-directed RNA polymerase, catalytic domain",RdRp of positive ssRNA viruses catalytic domain profile.,ProSiteProfiles,-,-,HV511037
HV511037_9,Reverse transcriptase/Diguanylate cyclase domain,-,Gene3D,-,-,HV511037
HV511037_9,DNA/RNA polymerase superfamily,DNA/RNA polymerases,SUPERFAMILY,,1B,HV511037
HV511037_35,-,"Region of a membrane-bound protein predicted to be outside the membrane, in the cytoplasm.",Phobius,-,-,HV511037
HV511037_35,-,Region of a membrane-bound protein predicted to be embedded in the membrane.,Phobius,-,-,HV511037
HV511037_35,-,"Region of a membrane-bound protein predicted to be outside the membrane, in the extracellular region.",Phobius,-,-,HV511037
HV511037_35,-,Region of a membrane-bound protein predicted to be embedded in the membrane.,TMHMM,-,-,HV511037
HV511037_22,-,"Region of a membrane-bound protein predicted to be outside the membrane, in the extracellular region.",Phobius,-,-,HV511037
HV511037_22,-,Hydrophobic region of a signal peptide.,Phobius,-,-,HV511037
HV511037_22,-,Signal peptide region,Phobius,-,-,HV511037
HV511037_22,-,N-terminal region of a signal peptide.,Phobius,-,-,HV511037
HV511037_22,-,C-terminal region of a signal peptide.,Phobius,-,-,HV511037
HV511037_22,-,SignalP-noTM,SignalP_EUK,-,-,HV511037
HV511037_33,-,Region of a membrane-bound protein predicted to be embedded in the membrane.,Phobius,-,-,HV511037
HV511037_33,-,"Region of a membrane-bound protein predicted to be outside the membrane, in the extracellular region.",Phobius,-,-,HV511037
HV511037_33,-,Region of a membrane-bound protein predicted to be embedded in the membrane.,TMHMM,-,-,HV511037
HV511037_33,-,"Region of a membrane-bound protein predicted to be outside the membrane, in the cytoplasm.",Phobius,-,-,HV511037
HUANSSPS_35,-,"Region of a membrane-bound protein predicted to be outside the membrane, in the extracellular region.",Phobius,-,-,HUANSSPS
HUANSSPS_35,-,Signal peptide region,Phobius,-,-,HUANSSPS
HUANSSPS_35,-,C-terminal region of a signal peptide.,Phobius,-,-,HUANSSPS
HUANSSPS_35,-,N-terminal region of a signal peptide.,Phobius,-,-,HUANSSPS
HUANSSPS_35,-,Hydrophobic region of a signal peptide.,Phobius,-,-,HUANSSPS
HV511037_20,-,SignalP-TM,SignalP_GRAM_POSITIVE,-,-,HV511037
HV511037_31,-,"Region of a membrane-bound protein predicted to be outside the membrane, in the extracellular region.",Phobius,-,-,HV511037
HV511037_31,-,Region of a membrane-bound protein predicted to be embedded in the membrane.,Phobius,-,-,HV511037
HV511037_31,-,"Region of a membrane-bound protein predicted to be outside the membrane, in the cytoplasm.",Phobius,-,-,HV511037
HV511037_31,-,Region of a membrane-bound protein predicted to be embedded in the membrane.,TMHMM,-,-,HV511037
HV511037_31,-,Region of a membrane-bound protein predicted to be embedded in the membrane.,TMHMM,-,-,HV511037
HUANSSPS_10,-,ps-ssRNAv_Astroviridae_RdRp,CDD,-,-,HUANSSPS
HUANSSPS_10,"RNA-directed RNA polymerase, catalytic domain",RdRp of positive ssRNA viruses catalytic domain profile.,ProSiteProfiles,-,-,HUANSSPS
HUANSSPS_10,Reverse transcriptase/Diguanylate cyclase domain,-,Gene3D,-,-,HUANSSPS
HUANSSPS_10,"RNA-directed RNA polymerase, C-terminal domain",Viral RNA-dependent RNA polymerase,Pfam,,1B,HUANSSPS
HUANSSPS_10,DNA/RNA polymerase superfamily,DNA/RNA polymerases,SUPERFAMILY,,1B,HUANSSPS
HUANSSPS_13,-,"Region of a membrane-bound protein predicted to be outside the membrane, in the extracellular region.",Phobius,-,-,HUANSSPS
HUANSSPS_13,-,Region of a membrane-bound protein predicted to be embedded in the membrane.,Phobius,-,-,HUANSSPS
HUANSSPS_13,-,"Region of a membrane-bound protein predicted to be outside the membrane, in the cytoplasm.",Phobius,-,-,HUANSSPS
HUANSSPS_13,-,Region of a membrane-bound protein predicted to be embedded in the membrane.,Phobius,-,-,HUANSSPS
HUANSSPS_13,-,"Region of a membrane-bound protein predicted to be outside the membrane, in the extracellular region.",Phobius,-,-,HUANSSPS
HV511037_29,-,Region of a membrane-bound protein predicted to be embedded in the membrane.,Phobius,-,-,HV511037
HV511037_29,-,"Region of a membrane-bound protein predicted to be outside the membrane, in the extracellular region.",Phobius,-,-,HV511037
HV511037_29,-,Region of a membrane-bound protein predicted to be embedded in the membrane.,TMHMM,-,-,HV511037
HV511037_29,-,"Region of a membrane-bound protein predicted to be outside the membrane, in the cytoplasm.",Phobius,-,-,HV511037
HV511037_29,-,"Region of a membrane-bound protein predicted to be outside the membrane, in the extracellular region.",Phobius,-,-,HV511037
HV511037_29,-,Region of a membrane-bound protein predicted to be embedded in the membrane.,Phobius,-,-,HV511037
MN032977_56,-,Region of a membrane-bound protein predicted to be embedded in the membrane.,Phobius,-,-,MN032977
MN032977_56,-,Region of a membrane-bound protein predicted to be embedded in the membrane.,Phobius,-,-,MN032977
MN032977_56,-,"Region of a membrane-bound protein predicted to be outside the membrane, in the extracellular region.",Phobius,-,-,MN032977
MN032977_56,DNA/RNA polymerase superfamily,DNA/RNA polymerases,SUPERFAMILY,,1B,MN032977
MN032977_56,-,Region of a membrane-bound protein predicted to be embedded in the membrane.,Phobius,-,-,MN032977
MN032977_56,-,"Region of a membrane-bound protein predicted to be outside the membrane, in the cytoplasm.",Phobius,-,-,MN032977
MN032977_56,-,consensus disorder prediction,MobiDBLite,-,-,MN032977
MN032977_56,-,consensus disorder prediction,MobiDBLite,-,-,MN032977
MN032977_56,-,consensus disorder prediction,MobiDBLite,-,-,MN032977
MN032977_56,-,consensus disorder prediction,MobiDBLite,-,-,MN032977
MN032977_56,-,consensus disorder prediction,MobiDBLite,-,-,MN032977
MN032977_56,-,consensus disorder prediction,MobiDBLite,-,-,MN032977
MN032977_56,-,consensus disorder prediction,MobiDBLite,-,-,MN032977
MN032977_56,-,consensus disorder prediction,MobiDBLite,-,-,MN032977
MN032977_56,-,Region of a membrane-bound protein predicted to be embedded in the membrane.,TMHMM,-,-,MN032977
MN032977_56,"RNA-directed RNA polymerase, C-terminal domain",Viral RNA-dependent RNA polymerase,Pfam,,1B,MN032977
MN032977_56,"Icosahedral viral capsid protein, S domain",Viral coat protein (S domain),Pfam,,Picorna,MN032977
MN032977_56,-,"Region of a membrane-bound protein predicted to be outside the membrane, in the cytoplasm.",Phobius,-,-,MN032977
MN032977_56,Reverse transcriptase/Diguanylate cyclase domain,-,Gene3D,-,-,MN032977
MN032977_56,-,Region of a membrane-bound protein predicted to be embedded in the membrane.,TMHMM,-,-,MN032977
MN032977_56,"Peptidase S1, PA clan",Trypsin-like serine proteases,SUPERFAMILY,,1A,MN032977
MN032977_56,-,Positive stranded ssRNA viruses,SUPERFAMILY,,NotSpecific,MN032977
MN032977_56,-,Region of a membrane-bound protein predicted to be embedded in the membrane.,Phobius,-,-,MN032977
MN032977_56,Viral coat protein subunit,-,Gene3D,-,-,MN032977
MN032977_56,-,"Region of a membrane-bound protein predicted to be outside the membrane, in the extracellular region.",Phobius,-,-,MN032977
MN032977_56,-,Region of a membrane-bound protein predicted to be embedded in the membrane.,TMHMM,-,-,MN032977
MN032977_56,-,Region of a membrane-bound protein predicted to be embedded in the membrane.,TMHMM,-,-,MN032977
MN032977_56,-,Region of a membrane-bound protein predicted to be embedded in the membrane.,Phobius,-,-,MN032977
MN032977_56,"RNA-directed RNA polymerase, catalytic domain",RdRp of positive ssRNA viruses catalytic domain profile.,ProSiteProfiles,-,-,MN032977
MN032977_56,-,"Region of a membrane-bound protein predicted to be outside the membrane, in the extracellular region.",Phobius,-,-,MN032977
MN032977_56,-,"Region of a membrane-bound protein predicted to be outside the membrane, in the cytoplasm.",Phobius,-,-,MN032977
HV511037_3,-,"Region of a membrane-bound protein predicted to be outside the membrane, in the extracellular region.",Phobius,-,-,HV511037
HV511037_3,-,Region of a membrane-bound protein predicted to be embedded in the membrane.,Phobius,-,-,HV511037
HV511037_3,-,"Region of a membrane-bound protein predicted to be outside the membrane, in the cytoplasm.",Phobius,-,-,HV511037
HUANSSPS_26,-,Region of a membrane-bound protein predicted to be embedded in the membrane.,Phobius,-,-,HUANSSPS
HUANSSPS_26,-,"Region of a membrane-bound protein predicted to be outside the membrane, in the cytoplasm.",Phobius,-,-,HUANSSPS
HUANSSPS_26,-,"Region of a membrane-bound protein predicted to be outside the membrane, in the extracellular region.",Phobius,-,-,HUANSSPS
HUANSSPS_26,-,Region of a membrane-bound protein predicted to be embedded in the membrane.,TMHMM,-,-,HUANSSPS
HUANSSPS_25,-,"Region of a membrane-bound protein predicted to be outside the membrane, in the extracellular region.",Phobius,-,-,HUANSSPS
HUANSSPS_25,-,"Region of a membrane-bound protein predicted to be outside the membrane, in the cytoplasm.",Phobius,-,-,HUANSSPS
HUANSSPS_25,-,Region of a membrane-bound protein predicted to be embedded in the membrane.,TMHMM,-,-,HUANSSPS
HUANSSPS_25,-,Region of a membrane-bound protein predicted to be embedded in the membrane.,Phobius,-,-,HUANSSPS
HUANSSPS_27,-,Region of a membrane-bound protein predicted to be embedded in the membrane.,Phobius,-,-,HUANSSPS
HUANSSPS_27,-,"Region of a membrane-bound protein predicted to be outside the membrane, in the extracellular region.",Phobius,-,-,HUANSSPS
HUANSSPS_27,-,Region of a membrane-bound protein predicted to be embedded in the membrane.,TMHMM,-,-,HUANSSPS
HUANSSPS_27,-,"Region of a membrane-bound protein predicted to be outside the membrane, in the cytoplasm.",Phobius,-,-,HUANSSPS
HUANSSPS_18,-,"Region of a membrane-bound protein predicted to be outside the membrane, in the extracellular region.",Phobius,-,-,HUANSSPS
HUANSSPS_18,-,Region of a membrane-bound protein predicted to be embedded in the membrane.,Phobius,-,-,HUANSSPS
HUANSSPS_18,-,Region of a membrane-bound protein predicted to be embedded in the membrane.,TMHMM,-,-,HUANSSPS
HUANSSPS_18,-,"Region of a membrane-bound protein predicted to be outside the membrane, in the cytoplasm.",Phobius,-,-,HUANSSPS
HUANSSPS_5,-,consensus disorder prediction,MobiDBLite,-,-,HUANSSPS
HV511037_16,-,Coil,Coils,-,-,HV511037
HV511037_16,-,Coil,Coils,-,-,HV511037
HV511037_16,Viral coat protein subunit,-,Gene3D,-,-,HV511037
HV511037_16,"Astrovirus capsid protein, inner core domain",Astrovirus capsid protein nucleoplasmin-like domain,Pfam,,2,HV511037
HV511037_16,-,consensus disorder prediction,MobiDBLite,-,-,HV511037
HV511037_16,-,consensus disorder prediction,MobiDBLite,-,-,HV511037
HV511037_16,-,consensus disorder prediction,MobiDBLite,-,-,HV511037
HV511037_16,-,consensus disorder prediction,MobiDBLite,-,-,HV511037
HV511037_16,-,consensus disorder prediction,MobiDBLite,-,-,HV511037
HV511037_40,-,"Region of a membrane-bound protein predicted to be outside the membrane, in the extracellular region.",Phobius,-,-,HV511037
HV511037_40,-,"Region of a membrane-bound protein predicted to be outside the membrane, in the cytoplasm.",Phobius,-,-,HV511037
HV511037_40,-,Region of a membrane-bound protein predicted to be embedded in the membrane.,Phobius,-,-,HV511037
HV511037_40,-,Region of a membrane-bound protein predicted to be embedded in the membrane.,TMHMM,-,-,HV511037
HUANSSPS_1,-,Region of a membrane-bound protein predicted to be embedded in the membrane.,TMHMM,-,-,HUANSSPS
