Host;Isolate;class
Anas clypeata;"MPJ0552; MPJ0554; MPJ0597; MPJ1300; MPJ1355; MPJ1484";Aves
Apodemus flavicollis (yellow necked mouse);;Mammalia
Ardeola sp.;"KH08-1279; KH08-1285; KH08-1314";Aves
Bat;"16715_30; 16715_78; 17819_21";Mammalia
Blenniella sp.;F19;Mammalia
Bos taurus breed Hanwoo;"12151; 18707; 53954; 71346; 73961; 86599; NA4475";Mammalia
Bos taurus breed Marchigiana;;Mammalia
Canine lupus familaris;DF-BC15-CAV-AUS-2017;Mammalia
Canis lupus familaris;DD1;Mammalia
Canis lupus familiaris;"KU_CaAstV_15; KU_CaAstV_65; KU_CaAstV_79";Mammalia
Capreolus capreolus (roe deer);Mastv/roedeer/32/IT;Mammalia
Cebus cuscinus;S9_k141_10240_rc;Mammalia
Chaerephon leucogaster;AMB-A053;Mammalia
Chiroptera sp.;"Pool-073; Pool-313";Mammalia
Crossorhombus sp.;;Actinopteri
Crow;;Aves
Culex sp. (mosquito);;Insecta
Eidolon helvum (bat);"HV-031; HV-277; HV-282; HV-283; HV-295; HV-35; HV-43";Mammalia
Eptesicus pachyomus;"233668(Anhui); 233669(Anhui)";Mammalia
Feral pigeon;;Aves
Gallus gallus (broiler);;Aves
Gallus gallus domesticus (broiler);"ANV/PB1-HI5/Switzerland/2019; ANV/PB11-HI6/Switzerland/2019; ANV/PB15-HI11/Switzerland/2019; ANV/PB21-SI5/Switzerland/2019; ANV/PB23-SI7/Switzerland/2019; ANV/PB31-SI19/Switzerland/2019; ANV/PB5-HI5/Switzerland/2019; ANV/PB55-SI14/Switzerland/2019; ANV/PB7-HI6/Switzerland/2019; CAstV/PB1-HI5/Switzerland/2019; CAstV/PB15-HI11/Switzerland/2019; CAstV/PB23-SI7/Switzerland/2019; CAstV/PB29-SI22/Switzerland/2019; CAstV/PB33-SI20/Switzerland/2019; CAstV/PB41-SI14/Switzerland/2019; CAstV/PB5-HI5/Switzerland/2019; CAstV/PB55-SI14/Switzerland/2019; CAstV/PB7-HI6/Switzerland/2019; Chicken/NLD/2019/V_M_015_astro_2; Chicken/NLD/2019/V_M_030_astro_12; Chicken/NLD/2019/V_M_033_astro_3; Chicken/NLD/2019/V_M_034_astro_2; Chicken/NLD/2019/V_M_036_astro_4; Chicken/NLD/2019/V_M_038_astro_4; Chicken/NLD/2019/V_M_038_astro_5; Chicken/NLD/2019/V_M_038_astro_6; Chicken/NLD/2019/V_M_039_astro_2; Chicken/NLD/2019/V_M_039_astro_3; Chicken/NLD/2019/V_M_040_astro_2; Chicken/NLD/2019/V_M_041_astro_13; Chicken/NLD/2019/V_M_046_astro_12; Chicken/NLD/2019/V_M_047_astro_4; Chicken/NLD/2019/V_M_048_astro_2; Chicken/NLD/2019/V_M_053_astro_2; Environment/NLD/2019/VE_7_astro_14";Aves
Hipposideros sp. (bat);"CHI-1036; CHI-1048; CHI-1068; CHI-1122; CHI-1150; CHI-1161; CHI-1213; CHI-1216; CHI-1221; CHI-1225; CHI-1235; CHI-1251; CHI-1268; CHI-1275; CHI-1437; CHI-1454; MAB-021a; MAB-021b; MAB-023c; MAB-033a; MAB-034a; MAB-035a; MAB-037; MAB-038a; MAB-038c; MAB-O25b; MAG-036; MAG-036a; MAG-036b; MAG-1014; MAG-1022; MAG-1039; MAG-1054; MAG-1071; MAG-1073; MAG-1119; MAG-1124; MAG-1136; MAG-1159; MAG-1177; MAG-1179; MAG-1180; MAG-1183; MAG-1201; MAG-1202; MAG-1215; MAG-1236; MAG-1267; MAG-1271; MAG-1277; MAG-1286; MAG-1287; MAG-1292; MAG-1317; MAG-247; MAG-251; MAG-281; MAG-292; MAG-563; MAG-608; MAG-610; MAG-621; MAG-622; MAG-629; MAG-637; MAG-653; MAG-666; MAG-700; MAG-706; MAG-714; MAG-823; MAG-845; MAG-849; MAG-857; MAG-861; MAG-864; MAG-938; MAG-940; MAG-943; MAG-957; MAG-960; MAG-967; MAG-977; MAG-980; MAG-987; MAG-992; MAG-996";Mammalia
Homo sapiens;"07NF; 09NF; 101NF; 103NF; 104NF; 10NF; 115NF; 118NF; 121NF; 130NF; 134NF; 148NF; 151NF; 159NF; 169NF; 17W1028; 37NF; 43NF; 48NF; 76NF; BtnMLB1-40; BtnMLB1-86; D-123/2014/KOR; D-1312/2016/KOR; D-1415/2017/KOR; D-269/2014/KOR; E1006; E1048; E1058; E1064; E1120; E1132; E1138; E1200; E381; E405; E411; E414; E420; E423; E426; E429; E435; E441; E444; E453; E462; E465; E471; E474; E504; E516; E537; E573; E751; E784; E801; E865; E905; E911; E924; E928; E929; E931; E943; E963; E968; E974; E984; E986; E998; GUP024Astro; GUP125Astro; GUP187; GUP187Astro; GUP216Astro; HAstV-1/RUS/Novosibirsk/NS11-N2230/2011; HAstV-1/RUS/Novosibirsk/NS11-N3310/2011; HAstV-1/RUS/Novosibirsk/NS11-N3392/2011; HAstV-1/RUS/Novosibirsk/NS12-N3481/2012; HAstV-1/RUS/Novosibirsk/NS12-N3776/2012; HAstV-1/RUS/Novosibirsk/NS12-N3776/2012/type-1a; HAstV-1/RUS/Novosibirsk/NS16-A728/2016/type-1a; HAstV-1/RUS/Novosibirsk/NS16-A808/2016/type-1a; HAstV-1/RUS/Novosibirsk/NS17-A1020/2017; HAstV-1/RUS/Novosibirsk/NS17-A1020/2017/type-1a; HAstV-1/RUS/Novosibirsk/NS17-A1250/2017; HAstV-1/RUS/Novosibirsk/NS17-A1250/2017/type-1a; HAstV-1/RUS/Novosibirsk/NS17-A1346/2017; HAstV-1/RUS/Novosibirsk/NS17-A1346/2017/type-1a; HAstV-1/RUS/Novosibirsk/NS17-A1362/2017; HAstV-1/RUS/Novosibirsk/NS17-A1362/2017/type-1a; HAstV-1/RUS/Novosibirsk/NS17-A844/2017; HAstV-1/RUS/Novosibirsk/NS17-A844/2017/type-1a; HAstV-1/RUS/Novosibirsk/NS17-A856/2017; HAstV-1/RUS/Novosibirsk/NS17-A856/2017/type-1a; HAstV-1/RUS/Novosibirsk/NS17-A889/2017; HAstV-1/RUS/Novosibirsk/NS17-A889/2017/type-1a; HAstV-1/RUS/Novosibirsk/NS18-A1443/2018; HAstV-1/RUS/Novosibirsk/NS18-A1448/2018; HAstV-1/RUS/Novosibirsk/NS18-A1520/2018; HAstV-1/RUS/Novosibirsk/NS18-A1586/2018; HAstV-1/RUS/Novosibirsk/Nsc07-1763/2007; HAstV-1/RUS/Novosibirsk/Nsc10-N1391/2010; HAstV-1/RUS/Novosibirsk/Nsc10-N52/2010; HAstV-1/RUS/Novosibirsk/Nsc11-N1780/2011; HAstV-1/RUS/Novosibirsk/Nsc12-N3908/2012; HAstV-1/RUS/Novosibirsk/Nsk10-N1184/2010; HAstV-1/RUS/Novosibirsk/Nsk10-N188/2010/type-1d; HAstV-1/RUS/Novosibirsk/Nsk10-N230/2010/type-1d; HAstV-1/RUS/Novosibirsk/Nsk10-N313/2010/type-1d; HAstV-1/RUS/Novosibirsk/Nsk10-N716/2010/type-1d; HAstV-1/RUS/Novosibirsk/Nsk10-N734/2010; HAstV-1/RUS/Novosibirsk/Nsk10-N756/2010/type-1d; HAstV-1/RUS/Novosibirsk/Nsk10-N763/2010/type-1d; HAstV-1/RUS/Novosibirsk/Nsk10-N764/2010; HAstV-1/RUS/Novosibirsk/Nsk10-N764/2010/type-1d; HAstV-1/RUS/Novosibirsk/Nsk10-N772/2010/type-1d; HAstV-1/RUS/Novosibirsk/Nsk10-N858/2010/type-1d; HAstV-1/RUS/Novosibirsk/Nsk10-N918/2010; HAstV-1/RUS/Novosibirsk/Nsk10-N918/2010/type-1c; HAstV-1/RUS/Novosibirsk/Nsk10-N919/2010/type-1c; HAstV-1/RUS/Omsk/O822/2011; HAstV-1a/RUS/Novosibirsk/NS16-A460/2016; HAstV-1a/RUS/Novosibirsk/NS16-A728/2016; HAstV-1a/RUS/Novosibirsk/Nsc12-N3908/2012; HAstV-1a/RUS/Omsk/O1053/2011; HAstV-1a/RUS/Omsk/O1062/2011; HAstV-1a/RUS/Omsk/O754/2011; HAstV-1a/RUS/Omsk/O785/2010; HAstV-1d/RUS/Omsk/O554/2010; HAstV-2/RUS/Novosibirsk/Nsc11-N2411/2011; HAstV-2/RUS/Novosibirsk/Nsk08-3040/2008; HAstV-3/RUS/Novosibirsk/NS10-N1466/2010; HAstV-3/RUS/Novosibirsk/NS11-N2660/2011; HAstV-3/RUS/Novosibirsk/NS11-N3179/2011; HAstV-3/RUS/Novosibirsk/NS11-N3261/2011; HAstV-4/RUS/Novosibirsk/NS10-N1139/2010; HAstV-4/RUS/Novosibirsk/NS12-N4956/2012; HAstV-4/RUS/Novosibirsk/NS12-N4956/2012/type-4c; HAstV-4/RUS/Novosibirsk/NS12-N5130/2012; HAstV-4/RUS/Novosibirsk/NS12-N5130/2012/type-4c; HAstV-4/RUS/Novosibirsk/NS13-11/2013; HAstV-4/RUS/Novosibirsk/NS13-16/2013; HAstV-4/RUS/Novosibirsk/NS16-A122/2016; HAstV-4/RUS/Novosibirsk/NS16-A223/2016; HAstV-4/RUS/Novosibirsk/NS16-A277/2016; HAstV-4/RUS/Novosibirsk/NS16-A291/2016; HAstV-4/RUS/Novosibirsk/NS16-A38/2016; HAstV-4/RUS/Novosibirsk/NS16-A391/2016; HAstV-4/RUS/Novosibirsk/NS16-A447/2016; HAstV-4/RUS/Novosibirsk/NS16-A815/2016; HAstV-4/RUS/Novosibirsk/NS16-A815/2016/type-4c; HAstV-4/RUS/Novosibirsk/NS17-A829/2017; HAstV-4/RUS/Novosibirsk/NS17-A829/2017/type-4c; HAstV-4/RUS/Novosibirsk/NS17-A832/2017; HAstV-4/RUS/Novosibirsk/NS17-A832/2017/type-4c; HAstV-4/RUS/Novosibirsk/NS17-A878/2017; HAstV-4/RUS/Novosibirsk/NS17-A878/2017/type-4c; HAstV-4/RUS/Novosibirsk/NS17-A899/2017; HAstV-4/RUS/Novosibirsk/NS17-A899/2017/type-4c; HAstV-4/RUS/Novosibirsk/NS17-A910/2017/type-4c; HAstV-4/RUS/Novosibirsk/Nsc10-N1190/2010; HAstV-5/RUS/Krasnoyarsk/K12-28/2012; HAstV-5/RUS/Krasnoyarsk/K13-45/2013; HAstV-5/RUS/Krasnoyarsk/K13-52/2013; HAstV-5/RUS/Novosibirsk/NS11-N3311/2011; HAstV-5/RUS/Novosibirsk/NS12-01/2012; HAstV-5/RUS/Novosibirsk/NS12-N3929/2012; HAstV-5/RUS/Novosibirsk/NS12-N3929/2012/type-5c; HAstV-5/RUS/Novosibirsk/NS12-N4718/2012; HAstV-5/RUS/Novosibirsk/NS12-N4718/2012/type-5c; HAstV-5/RUS/Novosibirsk/NS12-N4805/2012; HAstV-5/RUS/Novosibirsk/NS12-N4805/2012/type-5c; HAstV-5/RUS/Novosibirsk/NS12-N4806/2012; HAstV-5/RUS/Novosibirsk/NS12-N4806/2012/type-5c; HAstV-5/RUS/Novosibirsk/NS12-N5018/2012; HAstV-5/RUS/Novosibirsk/NS12-N5018/2012/type-5c; HAstV-5/RUS/Novosibirsk/NS12-N5029/2012; HAstV-5/RUS/Novosibirsk/NS12-N5029/2012/type-5c; HAstV-5/RUS/Smolensk/S12-101/2012; HAstV-5/RUS/Smolensk/S12-88/2012; HAstV-5/RUS/Vladivostok/V13-05/2013; HAstV-8/RUS/Novosibirsk/NS16-A87/2016; HAstV-8/RUS/Novosibirsk/NS16-C16/2016; ICMH108Astro; ICMH433Astro; ICMH469Astro; ICMH573Astro; ICMH590Astro; ICMH642Astro; ICMH666Astro; IDH1300; IDH1309; IDH1371; IDH1387; IDH1448; IDH1451; IDH1482; IDH198; IDH2211; IDH2310; IDH2392; IDH2455; L874; L918; L922; MAstV-1/Human/RUS/2010/O554/Omsk/type-1d; MAstV-1/Human/RUS/2010/O691/Omsk/type-1c; MAstV-1/Human/RUS/2010/O785/Omsk/type-1a; MAstV-1/Human/RUS/2011/O1053/Omsk/type-1a; MAstV-1/Human/RUS/2011/O1055/Omsk/type-1a; MAstV-1/Human/RUS/2011/O1057/Omsk/type-1a; MAstV-1/Human/RUS/2011/O1062/Omsk/type-1a; MAstV-1/Human/RUS/2011/O754/Omsk/type-1a; MAstV-1/Human/RUS/2011/O822/Omsk/type-1c; MAstV-1/Human/RUS/2012/K12-28/Krasnoyarsk/type- 5c; MAstV-1/Human/RUS/2012/NS12-01/Novosibirsk/type- 5c; MAstV-1/Human/RUS/2012/S12-101/Smolensk/type-5c; MAstV-1/Human/RUS/2012/S12-88/Smolensk/type-5c; MAstV-1/Human/RUS/2013/K13-45/Krasnoyarsk/type- 5c; MAstV-1/Human/RUS/2013/K13-52/Krasnoyarsk/type- 5c; MAstV-1/Human/RUS/2013/NS13-11/Novosibirsk/type- 4c; MAstV-1/Human/RUS/2013/NS13-16/Novosibirsk/type- 4c; MAstV-1/Human/RUS/2013/V13-05/Vladivostok/type- 5c; XN309; XN36; XN37; XN461; XN527; XN528; Xn545; Z803; Z932; Z976";Mammalia
Hylomyscus sp.;"Astrovirus_PREDICT MAstV-110/SI-044; Astrovirus_PREDICT MAstV-110/SI-045; Astrovirus_PREDICT MAstV-110/SI-084; Astrovirus_PREDICT MAstV-110/SI-089; Astrovirus_PREDICT MAstV-110/SI-091";Mammalia
Hylopetes sp.;PREDICT MAstV-135/LAP11-G0005;Mammalia
Hystrix cristata (porcupine);Mastv/porcupine/484/IT;Mammalia
Luposicya lupus;"F16; F17; F18";Mammalia
Macronycteris commersoni;"SMG17321; SMG17391; SMG17393";Mammalia
Meleagris gallopavo;TAstV-2/Brazil/2004/USP-30;Aves
Meleagris gallopavo domesticus;"101T ECU UDLA; 113T ECU UDLA; 133T ECU UDLA; 166T ECU UDLA; 16T ECU UDLA; 191T ECU UDLA; 196T ECU UDLA; 200T ECU UDLA; 21T ECU UDLA; 23T ECU UDLA; 25T ECU UDLA; 26T ECU UDLA; 28T ECU UDLA; 2T ECU UDLA; 31T ECU UDLA; 33T ECU UDLA; 39T ECU UDLA; 3T ECU UDLA; 52T ECU UDLA; 72T ECU UDLA; 74T ECU UDLA; 78T ECU UDLA";Aves
Microgale brevicaudata;LJR111;Mammalia
Miniopterus fraterculus;"TZ32383var1; TZ32383var2";Mammalia
Miniopterus gleni;"SMG17367; SMG17368; SMG17373; SMG17838; SMG17842; SMG17843; SMG17844; SMG17845";Mammalia
Miniopterus griveaudi;;Mammalia
Miniopterus mahafaliensis;"SMG17329; SMG17344; SMG17349";Mammalia
Miniopterus manavi;"SMG17866; SMG17867; SMG17869; SMG17871; SMG17872; SMG17874; SMG17883; SMG17884";Mammalia
Miniopterus schreibersii;"232738(Guangdong); 232759(Guangdong); 232764(Guangdong); 232767(Guangdong); 232782(Guangdong)";Mammalia
Miniopterus sororculus;"SMG17364; SMG17366; SMG17377";Mammalia
Miniopterus sp. (bat);"CHI-1303; CHI-1320; CHI-1449; CHI-1717; CHI-1726; MAG-197; MAG-580";Mammalia
Mops leucostigma;"AMB-A096; AMB-A101";Mammalia
Mormopterus francoismoutoui (Reunion Free-tailed Bat);"160887; 160901; 161114; 161123; 161181; 170112; 170114; 170171; 170173; 170176; 170177; 170178; 170179; 170180; 170422; 171156; 171243; 171249; 180017; 180019; 180243; 180315; 180323; 180324; 180393; 180477; 180482";Mammalia
Mus musculus;"JPH249; JPH267; JPH271; JPH274; JPH275; JPH349; SJ001; SJ002";Mammalia
Myotis goudoti;;Mammalia
Myotis ricketti;"230091(Guangxi); 230092(Guangxi); 232741(Guangdong); 232770(Guangdong); 232783(Guangdong); 234438(Anhui)";Mammalia
Nyctalus plancyi;"235098(Zhejiang); 235111(Zhejiang)";Mammalia
Nyctaus noctula;Bat_AstV-81_1-2018_POL;Mammalia
Nyctereutes procyonoides(racoon dog);"AstV/Raccoon_dog/Kodo2023-51/2023/JPN; BastV/Raccoon_dog/Kodo-31/2023/JPN; BastV/Raccoon_dog/Kodo-8/2023/JPN; BastV/Raccoon_dog/Kodo2023-52/2023/JPN";Mammalia
Nycteris sp. (bat);"CHI-1207; CHI-1224";Mammalia
Oryctes sp.;Or_elegans1_agamemnon2;Insecta
Paratriaenops furculus;;Mammalia
Pekin duckling;;Aves
Peking duckling;Du/Egy/Gharbia/2021/DAstVs;Aves
Pheasant;BZ3;Aves
Pipistrellus nathusii;1(3)/2014/CZE;Mammalia
Podarcis siculus;"RI170; RI172; RI62; RI66";Mammalia
Porcine;AH-1;Mammalia
Porcupine;AH-F1;Mammalia
Praomys sp.;Astrovirus_PREDICT MAstV-87/AAQNV;Mammalia
Rattus rattus;"JPH254; JPH263; JPH272; JPH289; JPH331; JPH340; JPH342; JPH355; JPH357; JPH358; JPH368; LJR093; LJR115; LJR139";Mammalia
Red-necked Avocet;"AstV/Red-necked Avocet/MW08/Interior; AstV/Red-necked Avocet/MW09/Interior";Aves
Rhinolophus pusillus;234944(Zhejiang);Mammalia
Rhinolophus sp. (bat);"BAOB-016; CHI-1358; CHI-1410; CHI-1418; CHI-1420; CHI-1453; CHI-1457; CHI-1468; CHI-1592; CHI-1607; CHI-1639; CHI-1657; CHI-1676; CHI-1700; CHI-425; CHI-450; MAG-09; MAG-1143; MAG-146; MAG-241; MAG-242; MAG-549; MAG-556a; MAG-556b; MAG-568; MAG-570; MAG-573a; MAG-573b; MAG-578; MAG-591; MAG-840; MAG-859; MAG-862";Mammalia
Rhinolophus thomasi;"H128; H17; H27; H30; H57; H64; H83";Mammalia
Rousettus madagascariensis;;Mammalia
Roussetus leschenaulti;"G128; G164; G53; G60; G71; G84";Mammalia
Scotomannes kuhlii;"LSSK39; LSSK4";Mammalia
Scotophilus dinganii;TZ32357;Mammalia
Scotophilus kuhlii;"232416(Guangdong); 232422(Guangdong); 232423(Guangdong); 232424(Guangdong); 232426(Guangdong); 232436(Guangdong); 232438(Guangdong); 232439(Guangdong); 232440(Guangdong); 232444(Guangdong); 232447(Guangdong); 232449(Guangdong); 232451(Guangdong); 232611(Guangdong); 232627(Guangdong); 232630(Guangdong); 232632(Guangdong); 232633(Guangdong); 232634(Guangdong)";Mammalia
Solanum melongena L.;;Magnoliopsida
Steer;;Mammalia
Su. murinus;"K8f_52_Astrovirus_shrew_240620; Rhabdo_Mix_4_123_Astrovirus_shrew_240620";Mammalia
Sus scrofa (domestic pig);"PAstV/1101/MN; PAstV/1102/IL; PAstV/1103/IL; PAstV/1104/MN; PAstV/1105/Mex; PAstV/1106/Mex; PAstV/1107/TN; PAstV/1108/SD; PAstV/1109/MN; PAstV/1110/AZ; PAstV/1111/MS; PAstV/1112/VA; PAstV/1113/AZ; PAstV/1114/SD; PAstV/1115/MS; PAstV/1116/PA; PAstV/1117/MN; PAstV/1118/NC; PAstV/1119/MS; PAstV/1120/TN; PAstV/1121/MN; PAstV/1122/MN; PAstV/1123/MN; PAstV/1124/IL; PAstV/1125/NE; PAstV/1126/MN; PAstV/1127/MN; PAstV/1128/VA; PAstV/1129/MN; PAstV/1130/MN; PAstV/1131/MN; PAstV/1132/MN; PAstV/1133/NC; PAstV/1134/KS; PAstV/1135/OK; PAstV/1136/SD; PAstV/1137/NE; PAstV/1138/Mex; PAstV/1139/NC; PAstV/1140/OK; PAstV/1141/Mex; PAstV/1142/MN; PAstV/1143/MS; PAstV/1144/MN; PAstV/1145/MN; PAstV/1146/MN; PAstV/1147/MN; PAstV/1148/MN; PAstV/1149/OK; PAstV/1150/MN; PAstV/1151/IL; PAstV/1152/Can; PAstV/1153/IL; PAstV/1154/IL; PAstV/1155/IL; PAstV/1156/IA";Mammalia
Sus scrofa domestica (domestic swine);;Mammalia
Sus scrofa domesticus (pig);"PAstV1_KOR/1006-2/2020_Brain; PAstV2_KOR/1006-2/2020_Intestine; PAstV2_KOR/1295/2020_Intestine1; PAstV3_KOR/1295/2020_Brain; PAstV4_KOR/1006-1/2020_Intestine; PAstV4_KOR/1006-2/2020_Brain; PAstV4_KOR/1006-2/2020_Intestine; PAstV4_KOR/1096/2020_Intestine; PAstV4_KOR/1295/2020_Intestine1; PAstV4_KOR/1295/2020_Intestine2; PAstV5_KOR/0983/2020_Brain1; PAstV5_KOR/0983/2020_Brain2; PAstV5_KOR/1006-2/2020_Brain; PAstV5_KOR/1295/2020_Brain";Mammalia
Tadarida brasiliensis bat;Tb-AstV33;Mammalia
Tadarida sp.;"Astrovirus_PREDICT MAstV-191/AATBZ; Astrovirus_PREDICT MAstV-191/AATKB";Mammalia
Taphozous melanopogon;"230776(Guangxi); 230777(Guangxi); 230780(Guangxi); 230781(Guangxi); 230782(Guangxi); 230783(Guangxi); 230784(Guangxi); 230785(Guangxi); 230786(Guangxi); 230787(Guangxi); 230788(Guangxi); 230791(Guangxi); 230792(Guangxi); 230793(Guangxi); 230794(Guangxi); 230795(Guangxi); 230797(Guangxi); 231009(Guangxi); 231010(Guangxi); 231011(Guangxi); 231014(Guangxi); 231015(Guangxi)";Mammalia
Tarentola mauritanica;"RI111; RI112";Mammalia
Triaenops menamena;"SMG17410; SMG17411; SMG17412; SMG17457; SMG17462";Mammalia
Tursiops truncatus (Bottlenose dolphin);;Mammalia
Tylonycteris robustula;230911(Guangxi);Mammalia
Vulpes vulpes (fox);"Mastv/fox/46/IT; Pl1.1; Pl1.2; Pl1.3; Pl1.4; Pl1.5";Mammalia
Wood pigeon;;Aves
bat;"BAstV/RB; CHI-1045; CHI-1105; CHI-1123; CHI-1471; CHI-1476; CHI-1477; CHI-1546; CHI-1551; CHI-1565; CHI-1569; CHI-1704; GF-7a; MAG-425; MAG-595; MAG-617; MAG-660; MAG-661; MAG-663; MAG-883; MAG-958";Mammalia
bird;"XZN01; YSN01; YSN02";Aves
buffalo;"BHC14; BHC22; HX1; HX3; HX4; HX5; HX6; NNA11; NNA12; NNA13; NNA14; NNA15; NNA17; NNA6; NNA7; NNC286; NNC296; NNDS16; NNDS2";Mammalia
calf;;Mammalia
calf (bovine);"BAstV-HT1-TUR; BAstV-HT2-TUR; BAstV-HT3-TUR; BAstV-HT4-TUR";Mammalia
canine;"A12; AstroviridaeDogfe316C1full; AstroviridaeDogfe316C2full; AstroviridaeDogfe319C1full; AstroviridaeDogfe325C1full; AstroviridaeDogfe326C1full; AstroviridaeDogfe326C3full; AstroviridaeDogfe331C1full; AstroviridaeDogfe337C1full; AstroviridaeDogfe338C1full; AstroviridaeDogfe346C1full; AstroviridaeDogfe351C1full; AstroviridaeDogfe352C1full; AstroviridaeDogfe352C7full; AstroviridaeDogfe360C10full; AstroviridaeDogfe360C3full; AstroviridaeDogfe365C2full; AstroviridaeDogfe376C1full; AstroviridaeDogfe380C1full; AstroviridaeDogfe437C1full; CAstV_IND_NIVAN198037_2019; CAstV_IND_NIVAN198081_2019; CAstV_IND_NIVAN198098_2019; MN1-USA/2016; MN2-USA/2017; MN3-USA/2017; MN4-USA/2017; MN5-USA/2017; PVNRTVU/2020/01; PVNRTVU/2020/02; PVNRTVU/2020/03; PVNRTVU/2020/04; PVNRTVU2020; WI-USA/2017";Mammalia
chicken (broiler);"Contig-1; Contig-10; Contig-11; Contig-12; Contig-13; Contig-2; Contig-3; Contig-5; Contig-6; Contig-7; Contig-8; Contig-9";Aves
commercial broiler;"ANV/1043/2014/HR(India)/Chicken; ANV/1059/2011/HR(India)/Chicken; ANV/1065/2014/HR(India)/Chicken; ANV/1102/2012/HR(India)/Chicken; ANV/1105/2012/HR(India)/Chicken; ANV/1301/2015/HR(India)/Chicken; ANV/22392/2014/HR(India)/Chicken; ANV/22766/2014/HR(India)/Chicken; ANV/22999/2014/HR(India)/Chicken; CAstV/1089/2014/HR(India)/Chicken; CAstV/1105/2014/HR(India)/Chicken; CAstV/1125/2014/HR(India)/Chicken; CAstV/1194/2012/HR(India)/Chicken; CAstV/22159/2014/HR(India)/Chicken; CAstV/22330/2014/HR(India)/Chicken; CAstV/22374/2014/HR(India)/Chicken; CAstV/22397/2014/HR(India)/Chicken; CAstV/23324/2014/HR(India)/Chicken; CAstV/23724/2014/HR(India)/Chicken; CAstV/23893/2014/HR(India)/Chicken; CAstV/28828/2014/HR(India)/Chicken";Aves
domestic cat;;Mammalia
domestic cat with diarrhea;"MAV2/16JZ1202; MAV2/16LY0702; MAV2/16SY1102; MAV2/17CC0308; MAV2/17DD0902; MAV2/17HRB0511; MAV2/17JL0312; MAV2/17JL0318; MAV2/17SP0801; MAV2/17SY0306; MAV2/18BC0502; MAV2/18CC0502; MAV2/18HRB0701; MAV2/18JL0310; MAV2/18JZ0701; MAV2/18QQHE0707; MAV2/18SP0501; MAV2/18SY0803";Mammalia
duck;VSVRI.CLEVB.22;Aves
environment;"G20_105; G20_106; G20_107; G20_108; G20_109; G22-001; G22-002; G22-003; G22-004; G22-005; G22-006; G22-007; G22-008; G22-009; G22-010; G22-011; G22-012; G22-013; G22-014";?
feline;"FAstV-TR-Erz4; FAstV-TR-Erz5; FAstV-TR-Erz6; FAstV-TR-Erz9; FeAstV21SH050-20; FeAstV21SH0505-11; FeAstV21SH0505-15; FeAstV21SH0505-2; FeAstV21SH0505-31; FeAstV21SH0505-6; FeAstV22SH0725-12; FeAstV22SH0725-16";Mammalia
feral pigeon;D11-440/HK;Aves
fish;"GX2017; JX2020";?
goat;"Ferri_01_N_ORF2_ASTV_GOAT_MILK_O; Ferri_02_N_ORF2_ASTV_GOAT_MILK_BG1; Ferri_03_N_ORF2_ASTV_GOAT_MILK_BG2; Ferri_04_N_ORF2_ASTV_GOAT_MILK_BG3; Ferri_05_N_ORF2_GOAT_MILK_BG4; Ferri_07B_N_ASTV_GOAT_MILK_PR2; Ferri_07_N_ORF2_ASTV_GOAT_MILK_PR1; Ferri_08_N_ORF2_ASTV_GOAT_MILK_PR3";Mammalia
goose embryo;;Aves
gosling;JSHA;Aves
goslings;ZJC14;Aves
grey squirrel;UK 2010;Mammalia
laboratory mouse;;Mammalia
lamb;3683;Mammalia
landaise;ZJCX;Aves
laying hens;GAstV-SDHZ;Aves
marmot;"XJ1/CH/2016; XJ2/CHN/2016";Mammalia
murine;;Mammalia
ovine;;Mammalia
pigeon;"Shanghai; pigeon/FSU1; pigeon/FSU2; pigeon/FSU3";Aves
piglet;PAstV/SH/2022/CM1;Mammalia
porcine;"17489_85; ASM-123; ASM-129; ASM-135; AstV-LL-1; PAstV/CH/HB-SJZ/2018; PAstV/Por-wt/IVRI/IND/Por-30/2014; PAstV/Por-wt/NER-ASSAM/IND/Por-123/2013; PAstV/Por-wt/NER-ASSAM/IND/Por-129/2013; PAstV/Por-wt/NER-ASSAM/IND/Por-135/2013; PAstV2/NMG/2025; PAstV4 (YN01-2020); PAstV5-GX2; PAstV_IND_NIV1740760_2017; PAstV_IND_NIV1740767_2017; PAstV_IND_NIV1740787_2017; PAstV_IND_NIV1842989_2018; PAstV_IND_NIV198022_2019; PAstV_IND_NIV198026_2019; PoAstV-4-USA-2022-ORF2-ISUVDL; Por-375; Por-377; Por-378; Por-386; Por-391; Por-392; Por-393; Por-401; Por-403; Por-408; Por-411; UP-30; USA/IA/32345/2020; USA/IA/53214C/2018; USA/IA/53797GA/2019; USA/IA/6535C/2018; USA/IA/6535D/2018; USA/IA/72701A/2019; USA/IA/72701B/2019; feces";Mammalia
porcupine;"AH-F1; AH-F2; FJ-F1; HuB-F2; HuB-F4; YN-Dq22021; YN-Dq32021; YN-Dq52021";Mammalia
poultry;"VRDC/CAstV/NZ/VHINP-4; VRDC/CAstV/NZ/VHINP-5; VRDC/CAstV/NZ/VHINP-6; VRDC/CAstV/NZ/VHINP-7; VRDC/CAstV/SZ/VHINP-1; VRDC/CAstV/SZ/VHINP-2; VRDC/CAstV/SZ/VHINP-3";Aves
puppy;RJ905;Mammalia
racing pigeon;;Aves
rhinos;218AST;Mammalia
shellfish;"G20_059; G20_060; G20_061; G20_062; G20_063; G20_064; G20_065; G20_066; G20_098; G20_100; G20_101; G20_135; G20_136";?
shorebird;99;Aves
stool;"FAS2; FAS53; FASC828; GZ-M1257; GZ-M1260";Mammalia
turkey;TAstV-2/BR/07;Aves
white eye;D11-148.2/HK;Aves