gene_id,pfam,length,sequence_id,strand,alignment_length,evalue,bit_score,identity,query_start,query_end,subject_start,subject_end,coverage,some_ratio,gaps,mismatches,q_len,s_len,frame,alignment_identity,score,category,description_1,description_2,description_3
Astro_1A,PF19415.4,244,PP872132_NA_astro-vt-414_Sus-scrofa-domesticus_2014,-,766,4.4e-17,63.1,6.3,1,1,2.1e-20,7.5e-17,62.3,6.3,73,243,258,427,238,428,0.88,Astrovirus,transmembrane,protein,1A
Trypsin_2,PF13365.13,145,PP872132_NA_astro-vt-414_Sus-scrofa-domesticus_2014,-,766,6.4e-12,46.9,0.0,1,2,1.6,6e+03,-1.6,0.0,23,89,77,137,61,165,0.75,Trypsin-like,peptidase,domain,
Trypsin_2,PF13365.13,145,PP872132_NA_astro-vt-414_Sus-scrofa-domesticus_2014,-,766,6.4e-12,46.9,0.0,2,2,7.7e-15,2.8e-11,44.8,0.0,1,145,459,578,459,578,0.83,Trypsin-like,peptidase,domain,
Peptidase_S32,PF05579.20,297,PP872132_NA_astro-vt-414_Sus-scrofa-domesticus_2014,-,766,1.2e-05,25.2,1.0,1,1,5.9e-09,2.2e-05,24.3,1.0,107,228,447,582,436,598,0.67,Equine,arteritis,virus,serine
Astro_p19,PF19414.4,174,PP872132_NA_astro-vt-414_Sus-scrofa-domesticus_2014,-,766,0.0011,19.0,0.0,1,1,7.4e-07,0.0027,17.6,0.0,8,165,6,158,2,168,0.76,Astrovirus,p19,protein,
HAD_2,PF13419.13,178,PP872132_NA_astro-vt-414_Sus-scrofa-domesticus_2014,-,766,0.0029,18.1,0.0,1,1,2e-06,0.0073,16.8,0.0,52,107,706,761,674,765,0.70,Haloacid,dehalogenase-like,hydrolase,
Peptidase_C3,PF00548.27,166,PP872132_NA_astro-vt-414_Sus-scrofa-domesticus_2014,-,766,0.0046,17.4,0.1,1,1,3e-06,0.011,16.2,0.1,128,165,545,583,537,584,0.88,3C,cysteine,protease,(picornain
Csm1_N,PF18504.7,70,PP872132_NA_astro-vt-414_Sus-scrofa-domesticus_2014,-,766,3.7,8.4,5.0,1,2,0.036,1.3e+02,3.5,0.2,34,61,108,135,104,139,0.79,Csm1,N-terminal,domain,
Csm1_N,PF18504.7,70,PP872132_NA_astro-vt-414_Sus-scrofa-domesticus_2014,-,766,3.7,8.4,5.0,2,2,0.0058,21,6.0,0.7,40,61,604,625,601,630,0.81,Csm1,N-terminal,domain,
Trypsin_2,PF13365.13,145,PP872120_NA_astro-vt-402_Sus-scrofa-domesticus_2014,-,548,5.1e-08,34.3,0.1,1,1,1.9e-11,1.6e-07,32.7,0.1,1,132,426,533,426,533,0.90,Trypsin-like,peptidase,domain,
Astro_1A,PF19415.4,244,PP872120_NA_astro-vt-402_Sus-scrofa-domesticus_2014,-,548,0.00098,19.4,7.7,1,1,1.8e-07,0.0016,18.7,7.7,72,230,225,383,215,396,0.82,Astrovirus,transmembrane,protein,1A
Trypsin,PF00089.33,220,PP872120_NA_astro-vt-402_Sus-scrofa-domesticus_2014,-,548,0.031,14.6,0.0,1,1,8.1e-06,0.069,13.4,0.0,26,99,425,480,412,511,0.71,Trypsin,,,
Astro_1A,PF19415.4,244,PP872111_NA_astro-vt-393_Sus-scrofa-domesticus_2014,-,742,1.2e-12,48.5,7.5,1,1,7.2e-16,2e-12,47.8,7.5,73,243,245,414,228,415,0.92,Astrovirus,transmembrane,protein,1A
Trypsin_2,PF13365.13,145,PP872111_NA_astro-vt-393_Sus-scrofa-domesticus_2014,-,742,5.8e-12,47.1,0.1,1,2,1.2,3.4e+03,-0.8,0.0,18,89,59,124,48,140,0.75,Trypsin-like,peptidase,domain,
Trypsin_2,PF13365.13,145,PP872111_NA_astro-vt-393_Sus-scrofa-domesticus_2014,-,742,5.8e-12,47.1,0.1,2,2,1.1e-14,3e-11,44.7,0.1,1,145,446,565,446,565,0.85,Trypsin-like,peptidase,domain,
Astro_VPg,PF19416.5,104,PP872111_NA_astro-vt-393_Sus-scrofa-domesticus_2014,-,742,1.4e-10,42.4,1.9,1,1,1e-13,2.9e-10,41.4,1.9,1,77,670,737,670,742,0.84,Astrovirus,VPg,protein,
Peptidase_S32,PF05579.20,297,PP872111_NA_astro-vt-393_Sus-scrofa-domesticus_2014,-,742,0.0011,18.8,0.4,1,1,6.7e-07,0.0019,18.0,0.4,126,229,454,570,439,595,0.73,Equine,arteritis,virus,serine
Peptidase_C3,PF00548.27,166,PP872111_NA_astro-vt-393_Sus-scrofa-domesticus_2014,-,742,0.032,14.7,0.0,1,4,3.1,8.9e+03,-3.0,0.0,60,83,92,115,66,129,0.68,3C,cysteine,protease,(picornain
Peptidase_C3,PF00548.27,166,PP872111_NA_astro-vt-393_Sus-scrofa-domesticus_2014,-,742,0.032,14.7,0.0,2,4,2.3,6.5e+03,-2.6,0.0,29,57,165,193,151,205,0.70,3C,cysteine,protease,(picornain
Peptidase_C3,PF00548.27,166,PP872111_NA_astro-vt-393_Sus-scrofa-domesticus_2014,-,742,0.032,14.7,0.0,3,4,5.3,1.5e+04,-3.8,1.2,146,161,450,465,443,467,0.88,3C,cysteine,protease,(picornain
Peptidase_C3,PF00548.27,166,PP872111_NA_astro-vt-393_Sus-scrofa-domesticus_2014,-,742,0.032,14.7,0.0,4,4,1.1e-05,0.032,14.7,0.0,128,165,532,570,524,571,0.88,3C,cysteine,protease,(picornain
Astro_p19,PF19414.4,174,PP872111_NA_astro-vt-393_Sus-scrofa-domesticus_2014,-,742,0.056,13.4,0.0,1,2,0.00025,0.7,9.8,0.0,33,144,20,125,1,153,0.64,Astrovirus,p19,protein,
Astro_p19,PF19414.4,174,PP872111_NA_astro-vt-393_Sus-scrofa-domesticus_2014,-,742,0.056,13.4,0.0,2,2,0.13,3.8e+02,0.9,0.0,113,151,589,627,548,635,0.87,Astrovirus,p19,protein,
Trypsin,PF00089.33,220,PP872111_NA_astro-vt-393_Sus-scrofa-domesticus_2014,-,742,0.19,12.0,2.2,1,2,0.00014,0.39,11.0,0.5,28,68,447,483,431,495,0.63,Trypsin,,,
Trypsin,PF00089.33,220,PP872111_NA_astro-vt-393_Sus-scrofa-domesticus_2014,-,742,0.19,12.0,2.2,2,2,0.48,1.4e+03,-0.6,0.0,178,198,549,569,542,579,0.82,Trypsin,,,
TSC22,PF01166.24,57,PP872111_NA_astro-vt-393_Sus-scrofa-domesticus_2014,-,742,0.95,10.2,8.8,1,3,0.027,78,4.0,0.5,21,46,102,127,99,130,0.91,TSC-22/dip/bun,family,,
TSC22,PF01166.24,57,PP872111_NA_astro-vt-393_Sus-scrofa-domesticus_2014,-,742,0.95,10.2,8.8,2,3,0.0063,18,6.1,0.2,16,34,594,612,591,617,0.87,TSC-22/dip/bun,family,,
TSC22,PF01166.24,57,PP872111_NA_astro-vt-393_Sus-scrofa-domesticus_2014,-,742,0.95,10.2,8.8,3,3,0.038,1.1e+02,3.6,0.1,11,48,651,667,648,676,0.62,TSC-22/dip/bun,family,,
DUF2149,PF09919.15,92,PP872111_NA_astro-vt-393_Sus-scrofa-domesticus_2014,-,742,4.6,8.1,4.9,1,3,5.3,1.5e+04,-3.2,0.0,32,32,162,162,139,208,0.43,Uncharacterized,conserved,protein,(DUF2149)
DUF2149,PF09919.15,92,PP872111_NA_astro-vt-393_Sus-scrofa-domesticus_2014,-,742,4.6,8.1,4.9,2,3,6.8,1.9e+04,-3.5,0.0,13,31,250,268,249,270,0.78,Uncharacterized,conserved,protein,(DUF2149)
DUF2149,PF09919.15,92,PP872111_NA_astro-vt-393_Sus-scrofa-domesticus_2014,-,742,4.6,8.1,4.9,3,3,0.00087,2.5,8.9,1.4,33,87,640,695,630,697,0.81,Uncharacterized,conserved,protein,(DUF2149)
Trypsin_2,PF13365.13,145,PP872080_NA_astro-vt-362_Sus-scrofa-domesticus_2016,-,830,1.5e-13,52.2,0.2,1,1,1.3e-16,4.8e-13,50.6,0.2,1,145,431,551,431,551,0.85,Trypsin-like,peptidase,domain,
Astro_VPg,PF19416.5,104,PP872080_NA_astro-vt-362_Sus-scrofa-domesticus_2016,-,830,9.2e-12,46.2,1.3,1,1,5e-15,1.8e-11,45.3,1.3,1,90,641,725,641,757,0.83,Astrovirus,VPg,protein,
Peptidase_S32,PF05579.20,297,PP872080_NA_astro-vt-362_Sus-scrofa-domesticus_2016,-,830,0.00012,21.8,0.2,1,1,6.5e-08,0.00024,20.9,0.2,126,236,439,564,427,573,0.74,Equine,arteritis,virus,serine
Peptidase_C3,PF00548.27,166,PP872080_NA_astro-vt-362_Sus-scrofa-domesticus_2016,-,830,0.0072,16.8,0.0,1,1,4.3e-06,0.016,15.7,0.0,129,166,519,557,509,557,0.89,3C,cysteine,protease,(picornain
Astro_1A,PF19415.4,244,PP872080_NA_astro-vt-362_Sus-scrofa-domesticus_2016,-,830,0.0083,16.3,6.1,1,1,3.4e-06,0.013,15.8,6.1,73,241,232,399,210,402,0.85,Astrovirus,transmembrane,protein,1A
Trypsin,PF00089.33,220,PP872080_NA_astro-vt-362_Sus-scrofa-domesticus_2016,-,830,0.0097,16.2,2.1,1,2,2.2e-05,0.08,13.2,0.3,27,99,431,485,418,523,0.75,Trypsin,,,
Trypsin,PF00089.33,220,PP872080_NA_astro-vt-362_Sus-scrofa-domesticus_2016,-,830,0.0097,16.2,2.1,2,2,0.054,2e+02,2.1,0.1,169,199,528,556,509,571,0.79,Trypsin,,,
DUF433,PF04255.21,56,PP872080_NA_astro-vt-362_Sus-scrofa-domesticus_2016,-,830,0.42,11.0,1.0,1,3,1.6,5.8e+03,-2.3,0.0,48,56,521,529,520,529,0.91,Protein,of,unknown,function
DUF433,PF04255.21,56,PP872080_NA_astro-vt-362_Sus-scrofa-domesticus_2016,-,830,0.42,11.0,1.0,2,3,0.0042,15,6.0,0.2,26,49,678,701,677,703,0.94,Protein,of,unknown,function
DUF433,PF04255.21,56,PP872080_NA_astro-vt-362_Sus-scrofa-domesticus_2016,-,830,0.42,11.0,1.0,3,3,0.083,3e+02,1.8,0.0,27,51,741,765,731,766,0.87,Protein,of,unknown,function
Astro_1A,PF19415.4,244,PP872059_NA_astro-vt-341_Sus-scrofa-(wild-boar)_2014,-,571,1.5e-15,58.1,8.4,1,1,8.7e-19,2.5e-15,57.4,8.4,73,243,99,268,95,269,0.92,Astrovirus,transmembrane,protein,1A
Trypsin_2,PF13365.13,145,PP872059_NA_astro-vt-341_Sus-scrofa-(wild-boar)_2014,-,571,1e-11,46.2,0.1,1,1,7e-15,2e-11,45.3,0.1,1,145,300,419,300,419,0.85,Trypsin-like,peptidase,domain,
Astro_VPg,PF19416.5,104,PP872059_NA_astro-vt-341_Sus-scrofa-(wild-boar)_2014,-,571,9.2e-07,30.2,6.0,1,2,0.8,2.3e+03,-0.0,0.0,35,62,25,52,9,77,0.76,Astrovirus,VPg,protein,
Astro_VPg,PF19416.5,104,PP872059_NA_astro-vt-341_Sus-scrofa-(wild-boar)_2014,-,571,9.2e-07,30.2,6.0,2,2,3.7e-10,1e-06,30.0,3.1,1,55,525,570,525,571,0.87,Astrovirus,VPg,protein,
Peptidase_S32,PF05579.20,297,PP872059_NA_astro-vt-341_Sus-scrofa-(wild-boar)_2014,-,571,0.00061,19.6,0.3,1,1,4.2e-07,0.0012,18.6,0.3,126,229,308,424,293,446,0.73,Equine,arteritis,virus,serine
Peptidase_C3,PF00548.27,166,PP872059_NA_astro-vt-341_Sus-scrofa-(wild-boar)_2014,-,571,0.023,15.1,0.0,1,2,3.9,1.1e+04,-3.4,1.2,146,161,304,319,297,321,0.88,3C,cysteine,protease,(picornain
Peptidase_C3,PF00548.27,166,PP872059_NA_astro-vt-341_Sus-scrofa-(wild-boar)_2014,-,571,0.023,15.1,0.0,2,2,8.1e-06,0.023,15.1,0.0,128,165,386,424,378,425,0.88,3C,cysteine,protease,(picornain
Trypsin,PF00089.33,220,PP872059_NA_astro-vt-341_Sus-scrofa-(wild-boar)_2014,-,571,0.14,12.5,2.4,1,2,9.9e-05,0.28,11.5,0.5,28,68,301,337,285,349,0.63,Trypsin,,,
Trypsin,PF00089.33,220,PP872059_NA_astro-vt-341_Sus-scrofa-(wild-boar)_2014,-,571,0.14,12.5,2.4,2,2,0.34,9.6e+02,-0.1,0.1,178,198,403,423,395,434,0.82,Trypsin,,,
TSC22,PF01166.24,57,PP872059_NA_astro-vt-341_Sus-scrofa-(wild-boar)_2014,-,571,0.2,12.3,2.5,1,2,0.0039,11,6.7,0.2,16,35,448,467,445,472,0.87,TSC-22/dip/bun,family,,
TSC22,PF01166.24,57,PP872059_NA_astro-vt-341_Sus-scrofa-(wild-boar)_2014,-,571,0.2,12.3,2.5,2,2,0.013,37,5.1,0.2,32,52,506,526,502,531,0.63,TSC-22/dip/bun,family,,
DUF5339,PF17274.8,70,PP872059_NA_astro-vt-341_Sus-scrofa-(wild-boar)_2014,-,571,3.1,9.2,8.7,1,2,0.053,1.5e+02,3.8,0.7,8,38,27,57,25,59,0.89,Family,of,unknown,function
DUF5339,PF17274.8,70,PP872059_NA_astro-vt-341_Sus-scrofa-(wild-boar)_2014,-,571,3.1,9.2,8.7,2,2,0.0014,4.1,8.8,1.8,23,48,442,467,434,471,0.84,Family,of,unknown,function
DUF2149,PF09919.15,92,PP872059_NA_astro-vt-341_Sus-scrofa-(wild-boar)_2014,-,571,6,7.7,6.3,1,2,4.8,1.4e+04,-3.0,0.2,48,67,447,466,437,471,0.50,Uncharacterized,conserved,protein,(DUF2149)
DUF2149,PF09919.15,92,PP872059_NA_astro-vt-341_Sus-scrofa-(wild-boar)_2014,-,571,6,7.7,6.3,2,2,0.00029,0.82,10.5,1.4,33,87,495,550,485,552,0.81,Uncharacterized,conserved,protein,(DUF2149)
Astro_VPg,PF19416.5,104,PP871941_NA_astro-vt-223_Sus-scrofa-domesticus_2015,-,533,3.8e-12,47.5,2.1,1,1,3.1e-15,7.2e-12,46.6,2.1,1,90,427,508,427,520,0.83,Astrovirus,VPg,protein,
Trypsin_2,PF13365.13,145,PP871941_NA_astro-vt-223_Sus-scrofa-domesticus_2015,-,533,4.5e-11,44.2,0.0,1,1,4.2e-14,9.7e-11,43.1,0.0,1,145,217,336,217,336,0.85,Trypsin-like,peptidase,domain,
Astro_1A,PF19415.4,244,PP871941_NA_astro-vt-223_Sus-scrofa-domesticus_2015,-,533,1.4e-08,35.3,2.9,1,1,1e-11,2.4e-08,34.5,2.9,74,240,17,182,11,186,0.88,Astrovirus,transmembrane,protein,1A
Peptidase_S32,PF05579.20,297,PP871941_NA_astro-vt-223_Sus-scrofa-domesticus_2015,-,533,4.6e-07,29.8,1.0,1,1,3.4e-10,8e-07,29.0,1.0,124,229,223,341,198,356,0.68,Equine,arteritis,virus,serine
Peptidase_C3,PF00548.27,166,PP871941_NA_astro-vt-223_Sus-scrofa-domesticus_2015,-,533,0.0005,20.6,0.0,1,1,4.8e-07,0.0011,19.4,0.0,127,165,302,341,295,342,0.90,3C,cysteine,protease,(picornain
FapA,PF03961.20,272,PP871941_NA_astro-vt-223_Sus-scrofa-domesticus_2015,-,533,0.095,12.8,0.5,1,1,6.3e-05,0.15,12.2,0.5,149,234,356,439,335,451,0.81,Flagellar,Assembly,Protein,A
Peptidase_S29,PF02907.22,149,PP871941_NA_astro-vt-223_Sus-scrofa-domesticus_2015,-,533,0.12,12.6,1.3,1,2,0.00028,0.65,10.2,1.3,15,129,218,341,204,358,0.57,Hepatitis,C,virus,NS3
Peptidase_S29,PF02907.22,149,PP871941_NA_astro-vt-223_Sus-scrofa-domesticus_2015,-,533,0.12,12.6,1.3,2,2,2.8,6.5e+03,-2.7,0.0,57,76,388,407,366,422,0.81,Hepatitis,C,virus,NS3
Trypsin,PF00089.33,220,PP871941_NA_astro-vt-223_Sus-scrofa-domesticus_2015,-,533,0.14,12.4,0.8,1,2,0.00025,0.58,10.4,0.1,27,63,217,254,202,269,0.64,Trypsin,,,
Trypsin,PF00089.33,220,PP871941_NA_astro-vt-223_Sus-scrofa-domesticus_2015,-,533,0.14,12.4,0.8,2,2,0.46,1.1e+03,-0.3,0.0,177,198,319,340,303,350,0.81,Trypsin,,,
DUF7547,PF24414.2,208,PP871941_NA_astro-vt-223_Sus-scrofa-domesticus_2015,-,533,0.7,10.3,4.7,1,3,9.4e-05,0.22,12.0,0.6,5,37,364,396,362,401,0.91,Family,of,unknown,function
DUF7547,PF24414.2,208,PP871941_NA_astro-vt-223_Sus-scrofa-domesticus_2015,-,533,0.7,10.3,4.7,2,3,1.2,2.8e+03,-1.5,0.1,10,25,415,430,408,457,0.73,Family,of,unknown,function
DUF7547,PF24414.2,208,PP871941_NA_astro-vt-223_Sus-scrofa-domesticus_2015,-,533,0.7,10.3,4.7,3,3,2.6,6.1e+03,-2.6,0.0,95,122,470,497,446,499,0.78,Family,of,unknown,function
CBM_5_12,PF02839.20,44,PP871941_NA_astro-vt-223_Sus-scrofa-domesticus_2015,-,533,3.2,8.3,5.0,1,2,0.00024,0.55,10.8,0.8,13,30,240,258,224,260,0.90,Carbohydrate-binding,module,family,5/12
CBM_5_12,PF02839.20,44,PP871941_NA_astro-vt-223_Sus-scrofa-domesticus_2015,-,533,3.2,8.3,5.0,2,2,5,1.2e+04,-3.1,0.2,4,13,339,348,338,348,0.82,Carbohydrate-binding,module,family,5/12
SpoOE-like,PF09388.16,42,PP871941_NA_astro-vt-223_Sus-scrofa-domesticus_2015,-,533,7.3,7.1,5.5,1,2,0.0022,5.1,7.6,0.5,1,15,368,382,368,387,0.90,Spo0E,like,sporulation,regulatory
SpoOE-like,PF09388.16,42,PP871941_NA_astro-vt-223_Sus-scrofa-domesticus_2015,-,533,7.3,7.1,5.5,2,2,0.22,5.2e+02,1.2,0.5,3,15,416,428,415,435,0.85,Spo0E,like,sporulation,regulatory
Trypsin_2,PF13365.13,145,PP871897_NA_astro-vt-179_Sus-scrofa-domesticus_2015,-,435,4.8e-11,44.1,0.1,1,1,2.6e-14,1.3e-10,42.6,0.1,1,145,294,414,294,414,0.77,Trypsin-like,peptidase,domain,
Peptidase_S32,PF05579.20,297,PP871897_NA_astro-vt-179_Sus-scrofa-domesticus_2015,-,435,3.2e-05,23.8,0.1,1,1,1.3e-08,6.8e-05,22.7,0.1,125,238,301,429,280,434,0.69,Equine,arteritis,virus,serine
Astro_1A,PF19415.4,244,PP871897_NA_astro-vt-179_Sus-scrofa-domesticus_2015,-,435,7.2e-05,23.1,5.2,1,1,2e-08,0.0001,22.6,5.2,72,226,94,248,78,265,0.83,Astrovirus,transmembrane,protein,1A
Peptidase_C3,PF00548.27,166,PP871897_NA_astro-vt-179_Sus-scrofa-domesticus_2015,-,435,0.0039,17.7,0.0,1,1,2.1e-06,0.011,16.3,0.0,129,166,382,420,371,420,0.89,3C,cysteine,protease,(picornain
Trypsin,PF00089.33,220,PP871897_NA_astro-vt-179_Sus-scrofa-domesticus_2015,-,435,0.016,15.5,0.3,1,2,0.00045,2.3,8.5,0.0,27,62,294,328,279,354,0.71,Trypsin,,,
Trypsin,PF00089.33,220,PP871897_NA_astro-vt-179_Sus-scrofa-domesticus_2015,-,435,0.016,15.5,0.3,2,2,0.006,31,4.8,0.1,175,202,395,422,381,434,0.78,Trypsin,,,
Astro_1A,PF19415.4,244,PP871887_NA_astro-vt-169_Sus-scrofa-domesticus_2014,-,456,7.3e-16,59.1,8.3,1,1,2.6e-19,1.3e-15,58.3,8.3,73,243,256,425,252,426,0.93,Astrovirus,transmembrane,protein,1A
SLATT_5,PF18160.7,190,PP871887_NA_astro-vt-169_Sus-scrofa-domesticus_2014,-,456,0.0011,18.9,0.7,1,2,4.2e-07,0.0021,17.9,0.0,70,183,149,269,132,272,0.79,SMODS,and,SLOG-associating,2TM
SLATT_5,PF18160.7,190,PP871887_NA_astro-vt-169_Sus-scrofa-domesticus_2014,-,456,0.0011,18.9,0.7,2,2,1.3,6.8e+03,-3.3,0.2,167,189,356,378,341,379,0.65,SMODS,and,SLOG-associating,2TM
Astro_p19,PF19414.4,174,PP871887_NA_astro-vt-169_Sus-scrofa-domesticus_2014,-,456,0.14,12.1,0.0,1,1,6.2e-05,0.32,10.9,0.0,9,149,5,141,2,165,0.67,Astrovirus,p19,protein,
DUF1125,PF06563.18,66,PP871887_NA_astro-vt-169_Sus-scrofa-domesticus_2014,-,456,0.14,13.2,0.0,1,1,6e-05,0.31,12.1,0.0,18,47,107,136,99,139,0.92,Protein,of,unknown,function
S_4TM,PF18159.7,291,PP871887_NA_astro-vt-169_Sus-scrofa-domesticus_2014,-,456,1.5,8.5,5.7,1,2,0.013,65,3.1,0.0,115,150,211,247,191,253,0.79,SMODS-associating,4TM,effector,domain
S_4TM,PF18159.7,291,PP871887_NA_astro-vt-169_Sus-scrofa-domesticus_2014,-,456,1.5,8.5,5.7,2,2,0.0023,12,5.6,2.3,30,83,298,351,269,356,0.79,SMODS-associating,4TM,effector,domain
Astro_1A,PF19415.4,244,PP871875_NA_astro-vt-157_Sus-scrofa-(wild-boar)_2015,-,668,3e-16,60.4,5.6,1,1,3.5e-19,5.2e-16,59.6,5.6,73,243,259,428,237,429,0.89,Astrovirus,transmembrane,protein,1A
Trypsin_2,PF13365.13,145,PP871875_NA_astro-vt-157_Sus-scrofa-(wild-boar)_2015,-,668,9.1e-13,49.7,0.3,1,2,0.1,1.5e+02,3.5,0.0,10,61,65,110,59,146,0.78,Trypsin-like,peptidase,domain,
Trypsin_2,PF13365.13,145,PP871875_NA_astro-vt-157_Sus-scrofa-(wild-boar)_2015,-,668,9.1e-13,49.7,0.3,2,2,3.7e-14,5.6e-11,43.9,0.1,1,145,460,579,460,579,0.86,Trypsin-like,peptidase,domain,
Peptidase_S32,PF05579.20,297,PP871875_NA_astro-vt-157_Sus-scrofa-(wild-boar)_2015,-,668,0.00045,20.0,0.8,1,1,5.9e-07,0.00089,19.0,0.8,126,228,468,583,448,599,0.73,Equine,arteritis,virus,serine
Astro_p19,PF19414.4,174,PP871875_NA_astro-vt-157_Sus-scrofa-(wild-boar)_2015,-,668,0.0006,19.8,0.0,1,1,9.4e-07,0.0014,18.6,0.0,8,163,7,157,1,169,0.76,Astrovirus,p19,protein,
Peptidase_C3,PF00548.27,166,PP871875_NA_astro-vt-157_Sus-scrofa-(wild-boar)_2015,-,668,0.0054,17.2,0.1,1,1,9.4e-06,0.014,15.8,0.1,128,165,546,584,536,585,0.87,3C,cysteine,protease,(picornain
ADIP,PF11559.14,151,PP871875_NA_astro-vt-157_Sus-scrofa-(wild-boar)_2015,-,668,0.035,14.7,2.1,1,2,0.0055,8.3,7.0,0.2,65,95,108,138,104,144,0.85,Afadin-,and,alpha,-actinin-Binding
ADIP,PF11559.14,151,PP871875_NA_astro-vt-157_Sus-scrofa-(wild-boar)_2015,-,668,0.035,14.7,2.1,2,2,0.0064,9.7,6.8,0.1,66,90,606,630,602,666,0.89,Afadin-,and,alpha,-actinin-Binding
Peptidase_S29,PF02907.22,149,PP871875_NA_astro-vt-157_Sus-scrofa-(wild-boar)_2015,-,668,0.064,13.5,0.6,1,2,9.3,1.4e+04,-3.8,0.0,60,98,85,122,66,128,0.52,Hepatitis,C,virus,NS3
Peptidase_S29,PF02907.22,149,PP871875_NA_astro-vt-157_Sus-scrofa-(wild-boar)_2015,-,668,0.064,13.5,0.6,2,2,0.00012,0.18,12.0,0.1,84,129,544,584,453,600,0.76,Hepatitis,C,virus,NS3
DUF7068,PF23238.2,44,PP871875_NA_astro-vt-157_Sus-scrofa-(wild-boar)_2015,-,668,0.12,12.3,0.5,1,1,0.00028,0.41,10.5,0.5,12,34,365,387,359,396,0.85,Domain,of,unknown,function
ABC_tran_CTD,PF16326.11,69,PP871875_NA_astro-vt-157_Sus-scrofa-(wild-boar)_2015,-,668,0.15,12.7,1.8,1,2,0.21,3.2e+02,2.1,0.1,29,56,172,197,166,201,0.72,ABC,transporter,C-terminal,domain
ABC_tran_CTD,PF16326.11,69,PP871875_NA_astro-vt-157_Sus-scrofa-(wild-boar)_2015,-,668,0.15,12.7,1.8,2,2,0.0014,2.1,9.1,0.2,5,32,603,630,596,636,0.69,ABC,transporter,C-terminal,domain
SLATT_5,PF18160.7,190,PP871875_NA_astro-vt-157_Sus-scrofa-(wild-boar)_2015,-,668,0.42,10.5,0.0,1,3,0.00028,0.42,10.5,0.0,69,122,151,204,134,217,0.81,SMODS,and,SLOG-associating,2TM
SLATT_5,PF18160.7,190,PP871875_NA_astro-vt-157_Sus-scrofa-(wild-boar)_2015,-,668,0.42,10.5,0.0,2,3,5,7.5e+03,-3.4,0.4,68,77,263,272,250,277,0.56,SMODS,and,SLOG-associating,2TM
SLATT_5,PF18160.7,190,PP871875_NA_astro-vt-157_Sus-scrofa-(wild-boar)_2015,-,668,0.42,10.5,0.0,3,3,3.7,5.5e+03,-3.0,0.1,162,189,354,381,345,382,0.69,SMODS,and,SLOG-associating,2TM
DUF5592,PF17332.7,89,PP871875_NA_astro-vt-157_Sus-scrofa-(wild-boar)_2015,-,668,0.54,11.2,0.1,1,2,0.00036,0.54,11.2,0.1,37,77,250,286,244,292,0.89,Family,of,unknown,function
DUF5592,PF17332.7,89,PP871875_NA_astro-vt-157_Sus-scrofa-(wild-boar)_2015,-,668,0.54,11.2,0.1,2,2,5,7.4e+03,-2.1,0.5,14,50,329,366,324,372,0.63,Family,of,unknown,function
Bap31_Bap29_C,PF18035.7,52,PP871875_NA_astro-vt-157_Sus-scrofa-(wild-boar)_2015,-,668,0.68,10.5,5.8,1,2,0.0036,5.4,7.6,0.1,2,24,117,139,116,140,0.96,Bap31/Bap29,cytoplasmic,coiled-coil,domain
Bap31_Bap29_C,PF18035.7,52,PP871875_NA_astro-vt-157_Sus-scrofa-(wild-boar)_2015,-,668,0.68,10.5,5.8,2,2,0.075,1.1e+02,3.4,2.2,1,16,613,628,603,631,0.70,Bap31/Bap29,cytoplasmic,coiled-coil,domain
TSC22,PF01166.24,57,PP871875_NA_astro-vt-157_Sus-scrofa-(wild-boar)_2015,-,668,0.96,10.1,3.8,1,2,0.053,79,4.0,0.3,22,45,117,140,114,143,0.91,TSC-22/dip/bun,family,,
TSC22,PF01166.24,57,PP871875_NA_astro-vt-157_Sus-scrofa-(wild-boar)_2015,-,668,0.96,10.1,3.8,2,2,0.0084,13,6.6,0.3,15,34,607,626,605,631,0.87,TSC-22/dip/bun,family,,
Csm1_N,PF18504.7,70,PP871875_NA_astro-vt-157_Sus-scrofa-(wild-boar)_2015,-,668,4.6,8.2,11.5,1,3,0.014,21,6.1,0.4,37,63,112,138,104,146,0.74,Csm1,N-terminal,domain,
Csm1_N,PF18504.7,70,PP871875_NA_astro-vt-157_Sus-scrofa-(wild-boar)_2015,-,668,4.6,8.2,11.5,2,3,9.5,1.4e+04,-3.0,0.1,41,59,182,200,173,207,0.65,Csm1,N-terminal,domain,
Csm1_N,PF18504.7,70,PP871875_NA_astro-vt-157_Sus-scrofa-(wild-boar)_2015,-,668,4.6,8.2,11.5,3,3,0.0025,3.8,8.4,1.3,40,63,605,628,602,632,0.85,Csm1,N-terminal,domain,
HH_AprE,PF25994.1,191,PP871875_NA_astro-vt-157_Sus-scrofa-(wild-boar)_2015,-,668,5.5,7.5,5.4,1,2,0.18,2.6e+02,2.1,0.1,77,104,112,139,106,144,0.85,"AprE,",long,alpha-helical,hairpin
HH_AprE,PF25994.1,191,PP871875_NA_astro-vt-157_Sus-scrofa-(wild-boar)_2015,-,668,5.5,7.5,5.4,2,2,0.0058,8.7,6.9,1.4,74,96,606,628,604,631,0.77,"AprE,",long,alpha-helical,hairpin
XLF_CC,PF21928.2,53,PP871875_NA_astro-vt-157_Sus-scrofa-(wild-boar)_2015,-,668,6.3,7.3,5.6,1,3,0.029,44,4.5,0.1,9,36,103,130,102,137,0.90,XLF,protein,coiled-coil,region
XLF_CC,PF21928.2,53,PP871875_NA_astro-vt-157_Sus-scrofa-(wild-boar)_2015,-,668,6.3,7.3,5.6,2,3,1.7,2.5e+03,-1.1,0.0,30,48,219,237,217,242,0.80,XLF,protein,coiled-coil,region
XLF_CC,PF21928.2,53,PP871875_NA_astro-vt-157_Sus-scrofa-(wild-boar)_2015,-,668,6.3,7.3,5.6,3,3,0.14,2.1e+02,2.4,1.5,17,34,608,625,606,627,0.88,XLF,protein,coiled-coil,region
Sos7,PF20882.3,75,PP871875_NA_astro-vt-157_Sus-scrofa-(wild-boar)_2015,-,668,7.7,7.2,7.3,1,2,0.34,5.1e+02,1.4,0.7,35,65,110,140,104,147,0.85,Kinetochore,protein,Sos7,
Sos7,PF20882.3,75,PP871875_NA_astro-vt-157_Sus-scrofa-(wild-boar)_2015,-,668,7.7,7.2,7.3,2,2,0.0022,3.3,8.4,0.9,26,58,600,630,597,634,0.86,Kinetochore,protein,Sos7,
Astro_1A,PF19415.4,244,PP871870_NA_astro-vt-152_Sus-scrofa-domesticus_2014,-,488,3.1e-15,57.0,6.4,1,1,1.4e-18,5.9e-15,56.1,6.4,73,243,258,427,246,428,0.92,Astrovirus,transmembrane,protein,1A
Astro_p19,PF19414.4,174,PP871870_NA_astro-vt-152_Sus-scrofa-domesticus_2014,-,488,0.0014,18.6,0.0,1,1,6.4e-07,0.0027,17.6,0.0,8,157,6,150,2,168,0.68,Astrovirus,p19,protein,
SLATT_5,PF18160.7,190,PP871870_NA_astro-vt-152_Sus-scrofa-domesticus_2014,-,488,0.0018,18.2,0.0,1,1,1.2e-06,0.005,16.7,0.0,70,122,151,202,134,215,0.85,SMODS,and,SLOG-associating,2TM
Myc_N,PF01056.24,341,PP871870_NA_astro-vt-152_Sus-scrofa-domesticus_2014,-,488,0.16,12.2,0.0,1,1,5.7e-05,0.24,11.6,0.0,57,103,56,101,51,111,0.81,Myc,amino-terminal,region,
ERGIC_N,PF13850.12,91,PP871870_NA_astro-vt-152_Sus-scrofa-domesticus_2014,-,488,0.19,12.4,0.0,1,1,0.00017,0.71,10.6,0.0,18,67,141,191,133,197,0.83,Endoplasmic,Reticulum-Golgi,Intermediate,Compartment
DUF3377,PF11857.14,72,PP871870_NA_astro-vt-152_Sus-scrofa-domesticus_2014,-,488,0.41,11.1,2.0,1,2,0.13,5.5e+02,1.1,0.0,36,64,153,181,152,184,0.83,Domain,of,unknown,function
DUF3377,PF11857.14,72,PP871870_NA_astro-vt-152_Sus-scrofa-domesticus_2014,-,488,0.41,11.1,2.0,2,2,0.0012,5.2,7.6,0.9,26,55,247,277,240,283,0.77,Domain,of,unknown,function
Trypsin_2,PF13365.13,145,PP871863_NA_astro-vt-145_Sus-scrofa-domesticus_2014,-,535,8.3e-12,46.6,0.1,1,1,3.7e-15,2.3e-11,45.1,0.1,1,142,418,535,418,535,0.87,Trypsin-like,peptidase,domain,
Astro_1A,PF19415.4,244,PP871863_NA_astro-vt-145_Sus-scrofa-domesticus_2014,-,535,5e-05,23.6,5.6,1,1,1.5e-08,9.7e-05,22.7,5.6,73,228,219,374,206,389,0.84,Astrovirus,transmembrane,protein,1A
Trypsin,PF00089.33,220,PP871863_NA_astro-vt-145_Sus-scrofa-domesticus_2014,-,535,0.12,12.7,0.2,1,1,4.8e-05,0.31,11.3,0.2,26,99,417,472,404,486,0.66,Trypsin,,,
LiaF-TM,PF22570.2,98,PP871863_NA_astro-vt-145_Sus-scrofa-domesticus_2014,-,535,8.3,7.8,10.1,1,3,0.039,2.5e+02,3.0,0.0,25,70,134,175,120,183,0.54,LiaF,transmembrane,domain,
LiaF-TM,PF22570.2,98,PP871863_NA_astro-vt-145_Sus-scrofa-domesticus_2014,-,535,8.3,7.8,10.1,2,3,0.0015,9.7,7.6,1.2,26,77,216,266,209,280,0.77,LiaF,transmembrane,domain,
LiaF-TM,PF22570.2,98,PP871863_NA_astro-vt-145_Sus-scrofa-domesticus_2014,-,535,8.3,7.8,10.1,3,3,0.17,1.1e+03,1.0,0.3,69,92,324,347,315,350,0.80,LiaF,transmembrane,domain,
Astro_capsid_N,PF03115.21,249,PQ220258_NA_ASTV-4_Anser-indicus-(Bar-headed-goose)_2020,-,538,1.1e-71,241.6,3.9,1,1,2.9e-75,1.9e-71,240.9,3.9,2,249,13,257,12,257,0.94,Astrovirus,capsid,protein,nucleoplasmin-like
Astro_capsid_p2,PF16580.12,245,PQ220258_NA_ASTV-4_Anser-indicus-(Bar-headed-goose)_2020,-,538,9.6e-18,65.0,1.1,1,2,0.1,6.7e+02,0.0,0.0,14,71,68,130,61,150,0.70,C-terminal,tail,of,astrovirus
Astro_capsid_p2,PF16580.12,245,PQ220258_NA_ASTV-4_Anser-indicus-(Bar-headed-goose)_2020,-,538,9.6e-18,65.0,1.1,2,2,8.1e-21,5.2e-17,62.6,0.7,1,102,424,525,424,534,0.97,C-terminal,tail,of,astrovirus
SP2_M,PF20751.3,141,PQ220258_NA_ASTV-4_Anser-indicus-(Bar-headed-goose)_2020,-,538,4e-05,24.2,0.2,1,2,0.39,2.5e+03,-1.1,0.0,16,76,61,120,50,159,0.66,Structural,protein,2,second
SP2_M,PF20751.3,141,PQ220258_NA_ASTV-4_Anser-indicus-(Bar-headed-goose)_2020,-,538,4e-05,24.2,0.2,2,2,4.1e-08,0.00026,21.6,0.1,9,133,270,397,264,404,0.78,Structural,protein,2,second
Yopt,PF09467.16,71,PQ220258_NA_ASTV-4_Anser-indicus-(Bar-headed-goose)_2020,-,538,0.079,13.5,0.4,1,2,0.0011,6.9,7.3,0.0,15,37,63,85,58,95,0.84,Hypothetical,protein,Yopt,
Yopt,PF09467.16,71,PQ220258_NA_ASTV-4_Anser-indicus-(Bar-headed-goose)_2020,-,538,0.079,13.5,0.4,2,2,0.022,1.4e+02,3.1,0.1,6,22,270,286,265,295,0.84,Hypothetical,protein,Yopt,
Astro_VPg,PF19416.5,104,PQ062282_NA_GS-DX-12-2023_goat_2023,-,814,6.6e-10,40.3,1.7,1,1,5.1e-13,1.3e-09,39.3,1.7,4,90,630,707,622,717,0.71,Astrovirus,VPg,protein,
Trypsin_2,PF13365.13,145,PQ062282_NA_GS-DX-12-2023_goat_2023,-,814,9.2e-10,39.9,0.4,1,2,7.5,1.9e+04,-3.3,0.0,91,109,363,381,334,411,0.56,Trypsin-like,peptidase,domain,
Trypsin_2,PF13365.13,145,PQ062282_NA_GS-DX-12-2023_goat_2023,-,814,9.2e-10,39.9,0.4,2,2,1.1e-12,2.9e-09,38.3,0.3,1,145,425,545,425,545,0.80,Trypsin-like,peptidase,domain,
Astro_1A,PF19415.4,244,PQ062282_NA_GS-DX-12-2023_goat_2023,-,814,3.9e-05,24.0,5.3,1,1,2.4e-08,6.2e-05,23.3,5.3,72,243,225,395,206,396,0.79,Astrovirus,transmembrane,protein,1A
Peptidase_S32,PF05579.20,297,PQ062282_NA_GS-DX-12-2023_goat_2023,-,814,0.0004,20.2,0.5,1,1,3.1e-07,0.00078,19.2,0.5,125,236,432,558,409,565,0.69,Equine,arteritis,virus,serine
Peptidase_C3,PF00548.27,166,PQ062282_NA_GS-DX-12-2023_goat_2023,-,814,0.049,14.1,0.0,1,1,5.4e-05,0.14,12.6,0.0,129,166,513,551,488,551,0.87,3C,cysteine,protease,(picornain
DUF4140,PF13600.12,99,PQ062282_NA_GS-DX-12-2023_goat_2023,-,814,0.052,14.5,1.2,1,2,0.99,2.5e+03,-0.6,0.3,60,89,107,136,87,141,0.64,N-terminal,domain,of,unknown
DUF4140,PF13600.12,99,PQ062282_NA_GS-DX-12-2023_goat_2023,-,814,0.052,14.5,1.2,2,2,6.5e-05,0.17,12.9,0.0,44,94,553,600,545,605,0.86,N-terminal,domain,of,unknown
Pox_A_type_inc,PF04508.18,23,PQ062282_NA_GS-DX-12-2023_goat_2023,-,814,0.11,12.9,0.3,1,3,4.4,1.1e+04,-3.0,0.2,11,14,116,119,112,124,0.47,Viral,A-type,inclusion,protein
Pox_A_type_inc,PF04508.18,23,PQ062282_NA_GS-DX-12-2023_goat_2023,-,814,0.11,12.9,0.3,2,3,4.2e-05,0.11,12.9,0.3,4,20,575,591,575,594,0.90,Viral,A-type,inclusion,protein
Pox_A_type_inc,PF04508.18,23,PQ062282_NA_GS-DX-12-2023_goat_2023,-,814,0.11,12.9,0.3,3,3,0.54,1.4e+03,-0.1,0.8,1,10,611,620,611,621,0.93,Viral,A-type,inclusion,protein
AROS,PF15684.11,129,PQ062282_NA_GS-DX-12-2023_goat_2023,-,814,0.17,13.0,3.8,1,1,0.00013,0.32,12.1,3.8,51,124,578,662,569,665,0.67,Active,regulator,of,"SIRT1,"
Nop5_56-rel_N_Arc,PF21572.3,128,PQ062282_NA_GS-DX-12-2023_goat_2023,-,814,0.18,12.6,0.0,1,2,0.031,79,4.1,0.0,9,44,495,530,490,537,0.86,Archaeal,"Nop5/56-rel,",N-terminal,domain
Nop5_56-rel_N_Arc,PF21572.3,128,PQ062282_NA_GS-DX-12-2023_goat_2023,-,814,0.18,12.6,0.0,2,2,0.0096,25,5.7,0.0,12,42,654,684,651,692,0.85,Archaeal,"Nop5/56-rel,",N-terminal,domain
Mto2_bdg,PF12808.13,52,PQ062282_NA_GS-DX-12-2023_goat_2023,-,814,1.1,10.1,9.3,1,2,0.0001,0.26,12.1,4.2,23,50,107,134,102,136,0.87,Micro-tubular,organiser,Mto1,C-term
Mto2_bdg,PF12808.13,52,PQ062282_NA_GS-DX-12-2023_goat_2023,-,814,1.1,10.1,9.3,2,2,0.83,2.1e+03,-0.4,0.2,33,44,576,587,571,594,0.63,Micro-tubular,organiser,Mto1,C-term
Trypsin_2,PF13365.13,145,PP590744_NA_MRL-L_Muraenolepis-sp-_2021,-,1126,0.0059,17.8,0.4,1,1,4.3e-06,0.018,16.3,0.3,117,145,652,680,551,680,0.72,Trypsin-like,peptidase,domain,
Astro_VPg,PF19416.5,104,PP590744_NA_MRL-L_Muraenolepis-sp-_2021,-,1126,0.031,15.6,1.7,1,1,2e-05,0.085,14.2,1.7,32,91,774,835,759,845,0.74,Astrovirus,VPg,protein,
Mycop_pep_DUF31,PF01732.23,346,PP590744_NA_MRL-L_Muraenolepis-sp-_2021,-,1126,0.032,14.4,0.3,1,1,1.4e-05,0.061,13.5,0.3,322,345,659,682,638,683,0.89,Mycoplasma,peptidase,(DUF31),
Peptidase_C3,PF00548.27,166,PP590744_NA_MRL-L_Muraenolepis-sp-_2021,-,1126,0.073,13.5,0.9,1,1,4.1e-05,0.17,12.3,0.9,140,166,659,686,654,686,0.92,3C,cysteine,protease,(picornain
Peptidase_S32,PF05579.20,297,PP590744_NA_MRL-L_Muraenolepis-sp-_2021,-,1126,0.13,11.9,0.7,1,1,5.7e-05,0.24,11.0,0.7,206,230,662,686,645,699,0.82,Equine,arteritis,virus,serine
Peptidase_S7,PF00949.28,131,PP590744_NA_MRL-L_Muraenolepis-sp-_2021,-,1126,1.1,9.7,5.9,1,3,2.7,1.2e+04,-3.4,0.6,11,56,41,85,36,91,0.52,Peptidase,"S7,",Flavivirus,NS3
Peptidase_S7,PF00949.28,131,PP590744_NA_MRL-L_Muraenolepis-sp-_2021,-,1126,1.1,9.7,5.9,2,3,0.58,2.5e+03,-1.2,0.0,12,42,540,570,531,578,0.80,Peptidase,"S7,",Flavivirus,NS3
Peptidase_S7,PF00949.28,131,PP590744_NA_MRL-L_Muraenolepis-sp-_2021,-,1126,1.1,9.7,5.9,3,3,5.5e-05,0.23,11.8,0.4,94,120,662,688,652,692,0.89,Peptidase,"S7,",Flavivirus,NS3
Trypsin_2,PF13365.13,145,OR613354_NA_MSCZC1516-47_Miniopterus-schreibersii_2015,-,685,2.6e-10,41.7,0.3,1,1,1.8e-13,6.7e-10,40.4,0.3,1,145,436,555,434,555,0.85,Trypsin-like,peptidase,domain,
Peptidase_S32,PF05579.20,297,OR613354_NA_MSCZC1516-47_Miniopterus-schreibersii_2015,-,685,1.9e-06,27.8,1.2,1,1,2.2e-09,7.9e-06,25.8,1.2,108,247,428,583,424,635,0.64,Equine,arteritis,virus,serine
Peptidase_S29,PF02907.22,149,OR613354_NA_MSCZC1516-47_Miniopterus-schreibersii_2015,-,685,0.0079,16.5,0.3,1,2,2.9,1.1e+04,-3.5,0.0,34,57,326,349,301,358,0.69,Hepatitis,C,virus,NS3
Peptidase_S29,PF02907.22,149,OR613354_NA_MSCZC1516-47_Miniopterus-schreibersii_2015,-,685,0.0079,16.5,0.3,2,2,5.3e-06,0.019,15.2,0.1,42,127,469,558,435,574,0.80,Hepatitis,C,virus,NS3
PFK,PF00365.26,278,OR613354_NA_MSCZC1516-47_Miniopterus-schreibersii_2015,-,685,0.029,14.2,0.2,1,1,1.3e-05,0.047,13.5,0.2,149,224,530,607,513,642,0.66,Phosphofructokinase,,,
TssO,PF17561.8,148,OR613354_NA_MSCZC1516-47_Miniopterus-schreibersii_2015,-,685,0.06,13.7,0.1,1,1,3.5e-05,0.13,12.7,0.1,22,102,561,647,552,651,0.68,Type,VI,secretion,"system,"
SPAM,PF02090.22,142,OR613354_NA_MSCZC1516-47_Miniopterus-schreibersii_2015,-,685,1.8,8.9,11.0,1,2,0.0014,5.3,7.4,2.2,31,71,103,143,97,149,0.93,Salmonella,surface,presentation,of
SPAM,PF02090.22,142,OR613354_NA_MSCZC1516-47_Miniopterus-schreibersii_2015,-,685,1.8,8.9,11.0,2,2,0.0032,12,6.3,1.6,18,86,578,645,575,675,0.85,Salmonella,surface,presentation,of
BRE1B,PF26052.1,151,OR613354_NA_MSCZC1516-47_Miniopterus-schreibersii_2015,-,685,6.7,7.0,11.7,1,2,0.0053,19,5.5,0.9,58,87,105,134,91,149,0.70,BRE1B-like,domain,,
BRE1B,PF26052.1,151,OR613354_NA_MSCZC1516-47_Miniopterus-schreibersii_2015,-,685,6.7,7.0,11.7,2,2,0.0038,14,6.0,3.9,29,93,582,648,578,659,0.78,BRE1B-like,domain,,
Trypsin_2,PF13365.13,145,OR613326_NA_RPGXC15-17-372_Rhinolophus-pearsonii_2016,-,514,1.5e-10,42.5,0.5,1,1,1.6e-13,4.2e-10,41.0,0.5,1,145,125,244,125,244,0.87,Trypsin-like,peptidase,domain,
Astro_VPg,PF19416.5,104,OR613326_NA_RPGXC15-17-372_Rhinolophus-pearsonii_2016,-,514,5.2e-05,24.6,5.7,1,1,5.3e-08,0.00013,23.2,5.7,3,87,336,408,334,434,0.70,Astrovirus,VPg,protein,
Astro_1A,PF19415.4,244,OR613326_NA_RPGXC15-17-372_Rhinolophus-pearsonii_2016,-,514,0.00043,20.5,0.1,1,1,2.5e-07,0.00064,20.0,0.1,157,226,10,78,1,101,0.78,Astrovirus,transmembrane,protein,1A
Peptidase_S29,PF02907.22,149,OR613326_NA_RPGXC15-17-372_Rhinolophus-pearsonii_2016,-,514,0.00084,19.6,0.0,1,1,5.8e-07,0.0015,18.8,0.0,18,127,129,247,115,259,0.75,Hepatitis,C,virus,NS3
AAA_9,PF12781.14,222,OR613326_NA_RPGXC15-17-372_Rhinolophus-pearsonii_2016,-,514,0.0049,16.5,1.5,1,2,0.002,5.1,6.6,0.5,165,206,359,400,353,402,0.87,ATP-binding,dynein,motor,region
AAA_9,PF12781.14,222,OR613326_NA_RPGXC15-17-372_Rhinolophus-pearsonii_2016,-,514,0.0049,16.5,1.5,2,2,0.00056,1.4,8.4,0.0,127,195,448,511,441,514,0.77,ATP-binding,dynein,motor,region
Peptidase_C3,PF00548.27,166,OR613326_NA_RPGXC15-17-372_Rhinolophus-pearsonii_2016,-,514,0.0085,16.5,0.2,1,1,6.5e-06,0.016,15.6,0.2,122,166,204,250,187,250,0.78,3C,cysteine,protease,(picornain
Peptidase_S32,PF05579.20,297,OR613326_NA_RPGXC15-17-372_Rhinolophus-pearsonii_2016,-,514,0.049,13.3,7.3,1,1,0.00018,0.45,10.2,7.4,88,235,92,256,84,264,0.59,Equine,arteritis,virus,serine
DUF4106,PF13388.11,431,OR613326_NA_RPGXC15-17-372_Rhinolophus-pearsonii_2016,-,514,0.21,11.3,1.6,1,1,0.00012,0.31,10.7,1.6,262,328,380,449,359,482,0.71,Protein,of,unknown,function
GlutR_dimer,PF00745.26,99,OR613326_NA_RPGXC15-17-372_Rhinolophus-pearsonii_2016,-,514,0.27,12.1,1.5,1,2,6.8,1.7e+04,-3.4,0.2,39,50,267,279,263,285,0.59,Glutamyl-tRNAGlu,"reductase,",dimerisation,domain
GlutR_dimer,PF00745.26,99,OR613326_NA_RPGXC15-17-372_Rhinolophus-pearsonii_2016,-,514,0.27,12.1,1.5,2,2,0.00015,0.37,11.6,0.1,31,81,355,401,351,415,0.83,Glutamyl-tRNAGlu,"reductase,",dimerisation,domain
Dsc3_C,PF13373.12,145,OR613326_NA_RPGXC15-17-372_Rhinolophus-pearsonii_2016,-,514,0.32,11.7,1.4,1,2,0.55,1.4e+03,-0.1,0.0,13,37,266,290,263,354,0.84,DSC,E3,ubiquitin,ligase
Dsc3_C,PF13373.12,145,OR613326_NA_RPGXC15-17-372_Rhinolophus-pearsonii_2016,-,514,0.32,11.7,1.4,2,2,0.00059,1.5,9.5,0.8,3,68,365,436,363,485,0.74,DSC,E3,ubiquitin,ligase
Peptidase_S32,PF05579.20,297,OR270072_NA_MAR-S_Retropinna-retropinna_2021,-,1270,7.1e-05,22.6,0.6,1,1,5.4e-08,0.00017,21.4,0.6,126,230,606,722,595,734,0.68,Equine,arteritis,virus,serine
Astro_VPg,PF19416.5,104,OR270072_NA_MAR-S_Retropinna-retropinna_2021,-,1270,0.0014,20.0,0.9,1,1,1.6e-06,0.0052,18.1,0.9,6,96,859,942,850,947,0.65,Astrovirus,VPg,protein,
Takusan,PF04822.19,85,OR270072_NA_MAR-S_Retropinna-retropinna_2021,-,1270,0.0044,17.4,3.6,1,1,5.6e-06,0.018,15.4,3.6,12,64,980,1033,976,1055,0.90,Takusan,,,
Trypsin_2,PF13365.13,145,OR270072_NA_MAR-S_Retropinna-retropinna_2021,-,1270,0.037,15.2,2.5,1,1,0.00016,0.51,11.6,2.5,112,145,683,716,598,716,0.76,Trypsin-like,peptidase,domain,
Rhodanese_C,PF12368.14,66,OR270072_NA_MAR-S_Retropinna-retropinna_2021,-,1270,0.46,11.3,5.4,1,2,8,2.6e+04,-3.9,0.1,8,26,903,921,903,933,0.70,Rhodanase,C-terminal,,
Rhodanese_C,PF12368.14,66,OR270072_NA_MAR-S_Retropinna-retropinna_2021,-,1270,0.46,11.3,5.4,2,2,3.9e-05,0.13,13.1,1.5,19,57,1181,1222,1171,1228,0.83,Rhodanase,C-terminal,,
Trypsin,PF00089.33,220,OR270072_NA_MAR-S_Retropinna-retropinna_2021,-,1270,0.56,10.5,3.3,1,2,1.1,3.6e+03,-2.0,0.0,37,65,607,636,600,651,0.71,Trypsin,,,
Trypsin,PF00089.33,220,OR270072_NA_MAR-S_Retropinna-retropinna_2021,-,1270,0.56,10.5,3.3,2,2,0.00038,1.2,9.4,1.5,160,198,686,720,658,726,0.77,Trypsin,,,
Cript,PF10235.15,90,OR270072_NA_MAR-S_Retropinna-retropinna_2021,-,1270,1.8,9.8,4.6,1,2,2.9,9.1e+03,-2.1,0.1,7,42,734,777,729,784,0.65,Microtubule-associated,protein,CRIPT,
Cript,PF10235.15,90,OR270072_NA_MAR-S_Retropinna-retropinna_2021,-,1270,1.8,9.8,4.6,2,2,0.00029,0.93,10.7,1.0,25,81,1163,1223,1142,1230,0.77,Microtubule-associated,protein,CRIPT,
TPR_MLP1_2,PF07926.18,129,OR270072_NA_MAR-S_Retropinna-retropinna_2021,-,1270,2.6,8.6,11.2,1,2,0.00019,0.6,10.6,5.9,63,124,948,1013,943,1014,0.87,TPR/MLP1/MLP2-like,protein,,
TPR_MLP1_2,PF07926.18,129,OR270072_NA_MAR-S_Retropinna-retropinna_2021,-,1270,2.6,8.6,11.2,2,2,2.9,9.4e+03,-2.9,0.0,73,90,1127,1144,1119,1152,0.44,TPR/MLP1/MLP2-like,protein,,
Astro_1A,PF19415.4,244,OP594725_NA_NA_Homo-sapiens_2020,-,887,4e-14,53.4,13.1,1,1,3.2e-17,6.7e-14,52.7,13.1,75,231,261,417,220,436,0.84,Astrovirus,transmembrane,protein,1A
Trypsin_2,PF13365.13,145,OP594725_NA_NA_Homo-sapiens_2020,-,887,1e-11,46.3,0.7,1,1,1.4e-14,3.1e-11,44.7,0.7,1,145,460,580,459,580,0.85,Trypsin-like,peptidase,domain,
Peptidase_S32,PF05579.20,297,OP594725_NA_NA_Homo-sapiens_2020,-,887,2.5e-06,27.4,3.5,1,1,2e-09,4.2e-06,26.7,3.5,90,230,434,586,357,599,0.76,Equine,arteritis,virus,serine
Astro_VPg,PF19416.5,104,OP594725_NA_NA_Homo-sapiens_2020,-,887,2.1e-05,25.8,7.2,1,2,2.7,5.8e+03,-1.3,0.0,41,65,622,646,613,652,0.81,Astrovirus,VPg,protein,
Astro_VPg,PF19416.5,104,OP594725_NA_NA_Homo-sapiens_2020,-,887,2.1e-05,25.8,7.2,2,2,1.3e-08,2.7e-05,25.5,5.1,17,86,659,725,650,737,0.74,Astrovirus,VPg,protein,
Trypsin,PF00089.33,220,OP594725_NA_NA_Homo-sapiens_2020,-,887,0.00049,20.5,3.4,1,2,0.0001,0.22,11.8,0.2,26,57,459,489,446,515,0.73,Trypsin,,,
Trypsin,PF00089.33,220,OP594725_NA_NA_Homo-sapiens_2020,-,887,0.00049,20.5,3.4,2,2,0.00091,1.9,8.7,0.4,138,200,524,586,512,596,0.85,Trypsin,,,
HALZ,PF02183.24,43,OP594725_NA_NA_Homo-sapiens_2020,-,887,0.0009,19.8,2.7,1,2,8.4e-07,0.0018,18.9,0.8,9,42,118,151,117,152,0.91,Homeobox,associated,leucine,zipper
HALZ,PF02183.24,43,OP594725_NA_NA_Homo-sapiens_2020,-,887,0.0009,19.8,2.7,2,2,1.4,3e+03,-1.0,0.0,18,36,796,814,790,815,0.79,Homeobox,associated,leucine,zipper
Peptidase_C3,PF00548.27,166,OP594725_NA_NA_Homo-sapiens_2020,-,887,0.0056,17.2,0.4,1,2,2.6e-06,0.0056,17.2,0.4,126,166,545,586,437,586,0.85,3C,cysteine,protease,(picornain
Peptidase_C3,PF00548.27,166,OP594725_NA_NA_Homo-sapiens_2020,-,887,0.0056,17.2,0.4,2,2,2.1,4.5e+03,-2.1,0.1,34,75,592,636,591,648,0.74,3C,cysteine,protease,(picornain
Peptidase_S7,PF00949.28,131,OP594725_NA_NA_Homo-sapiens_2020,-,887,0.06,13.7,0.2,1,1,7.8e-05,0.17,12.3,0.2,91,118,559,586,547,593,0.86,Peptidase,"S7,",Flavivirus,NS3
Peptidase_S29,PF02907.22,149,OP594725_NA_NA_Homo-sapiens_2020,-,887,0.14,12.4,0.2,1,1,0.00014,0.3,11.3,0.2,5,130,451,586,448,603,0.69,Hepatitis,C,virus,NS3
TetR_C_13,PF16925.11,109,OP594725_NA_NA_Homo-sapiens_2020,-,887,0.15,12.9,0.4,1,2,7.4,1.6e+04,-3.2,0.1,79,96,279,296,277,299,0.87,Tetracyclin,"repressor-like,",C-terminal,domain
TetR_C_13,PF16925.11,109,OP594725_NA_NA_Homo-sapiens_2020,-,887,0.15,12.9,0.4,2,2,0.00023,0.48,11.3,0.0,43,93,800,850,799,861,0.93,Tetracyclin,"repressor-like,",C-terminal,domain
Mycop_pep_DUF31,PF01732.23,346,OP594725_NA_NA_Homo-sapiens_2020,-,887,0.16,12.1,1.3,1,2,9.2e-05,0.2,11.8,0.1,323,345,560,582,552,583,0.87,Mycoplasma,peptidase,(DUF31),
Mycop_pep_DUF31,PF01732.23,346,OP594725_NA_NA_Homo-sapiens_2020,-,887,0.16,12.1,1.3,2,2,1.7,3.5e+03,-2.2,0.2,201,234,691,727,647,785,0.48,Mycoplasma,peptidase,(DUF31),
SLS1_N,PF20776.4,96,OP594725_NA_NA_Homo-sapiens_2020,-,887,5.2,8.2,6.0,1,2,0.00066,1.4,10.0,1.6,26,83,681,745,655,765,0.74,SLS1,protein,N-terminal,domain
SLS1_N,PF20776.4,96,OP594725_NA_NA_Homo-sapiens_2020,-,887,5.2,8.2,6.0,2,2,4.2,9e+03,-2.2,0.2,43,75,805,867,802,875,0.45,SLS1,protein,N-terminal,domain
Astro_capsid_p,PF12226.15,363,ON807353_NA_G22-011_environment_2007,-,784,3.1e-158,527.2,0.4,1,1,1.1e-161,5.5e-158,526.4,0.4,1,360,432,784,432,784,1.00,Turkey,astrovirus,capsid,protein
Astro_capsid_N,PF03115.21,249,ON807353_NA_G22-011_environment_2007,-,784,1.9e-128,427.5,4.8,1,2,3.7e-132,1.9e-128,427.5,4.8,1,249,17,258,17,258,1.00,Astrovirus,capsid,protein,nucleoplasmin-like
Astro_capsid_N,PF03115.21,249,ON807353_NA_G22-011_environment_2007,-,784,1.9e-128,427.5,4.8,2,2,1,5.1e+03,-3.0,0.1,226,249,529,552,519,552,0.75,Astrovirus,capsid,protein,nucleoplasmin-like
SP2_M,PF20751.3,141,ON807353_NA_G22-011_environment_2007,-,784,0.018,15.6,0.0,1,1,8.1e-06,0.041,14.5,0.0,43,114,309,382,292,393,0.74,Structural,protein,2,second
SP2,PF03014.21,205,ON807353_NA_G22-011_environment_2007,-,784,0.02,15.1,0.2,1,1,1.8e-05,0.093,12.9,0.2,25,205,92,258,78,258,0.74,Structural,protein,2,nucleoplasmin-like
CoV_nucleocap,PF00937.24,344,ON807353_NA_G22-011_environment_2007,-,784,0.41,10.2,8.3,1,1,0.00014,0.71,9.4,8.3,126,192,5,77,1,97,0.65,Coronavirus,nucleocapsid,,
Trypsin_2,PF13365.13,145,OP121130_NA_Individual1-2_Myotis-fimbriatus_2020,-,625,6.7e-11,43.6,2.0,1,1,3.8e-14,2e-10,42.1,2.0,1,145,105,224,105,224,0.87,Trypsin-like,peptidase,domain,
Astro_VPg,PF19416.5,104,OP121130_NA_Individual1-2_Myotis-fimbriatus_2020,-,625,3.3e-07,31.6,2.6,1,2,6.4e-11,3.3e-07,31.6,2.6,3,76,339,403,337,437,0.80,Astrovirus,VPg,protein,
Astro_VPg,PF19416.5,104,OP121130_NA_Individual1-2_Myotis-fimbriatus_2020,-,625,3.3e-07,31.6,2.6,2,2,5,2.6e+04,-5.2,1.8,75,99,525,546,516,548,0.52,Astrovirus,VPg,protein,
Peptidase_S29,PF02907.22,149,OP121130_NA_Individual1-2_Myotis-fimbriatus_2020,-,625,0.066,13.4,0.1,1,1,2.5e-05,0.13,12.5,0.1,47,127,142,227,97,238,0.74,Hepatitis,C,virus,NS3
Peptidase_S32,PF05579.20,297,OP121130_NA_Individual1-2_Myotis-fimbriatus_2020,-,625,0.1,12.2,6.4,1,1,0.00019,0.98,9.0,6.4,114,239,100,240,72,252,0.59,Equine,arteritis,virus,serine
Trypsin,PF00089.33,220,OP121130_NA_Individual1-2_Myotis-fimbriatus_2020,-,625,0.21,11.8,2.4,1,1,0.0016,8.2,6.6,2.4,29,111,107,167,91,240,0.67,Trypsin,,,
Astro_VPg,PF19416.5,104,OM451117_NA_ZJ-F1_rabbit_2020,-,1096,1.4e-15,58.6,1.8,1,1,2.6e-18,4.1e-15,57.0,1.8,1,89,848,927,848,941,0.91,Astrovirus,VPg,protein,
Trypsin_2,PF13365.13,145,OM451117_NA_ZJ-F1_rabbit_2020,-,1096,1.8e-11,45.5,1.0,1,1,2.9e-14,4.6e-11,44.1,0.5,1,145,537,655,537,655,0.84,Trypsin-like,peptidase,domain,
Astro_1A,PF19415.4,244,OM451117_NA_ZJ-F1_rabbit_2020,-,1096,2e-09,38.0,4.0,1,1,2e-12,3.2e-09,37.3,4.0,41,229,297,492,273,510,0.77,Astrovirus,transmembrane,protein,1A
Astrovir_pp_1,PF12285.13,171,OM451117_NA_ZJ-F1_rabbit_2020,-,1096,2.3e-05,24.7,0.0,1,3,6.1,9.7e+03,-3.4,0.7,34,39,801,806,764,840,0.55,Astroviridae,polyprotein,1,
Astrovir_pp_1,PF12285.13,171,OM451117_NA_ZJ-F1_rabbit_2020,-,1096,2.3e-05,24.7,0.0,2,3,6,9.7e+03,-3.4,0.0,32,73,874,918,862,948,0.50,Astroviridae,polyprotein,1,
Astrovir_pp_1,PF12285.13,171,OM451117_NA_ZJ-F1_rabbit_2020,-,1096,2.3e-05,24.7,0.0,3,3,1.4e-08,2.3e-05,24.7,0.0,77,168,977,1080,963,1086,0.73,Astroviridae,polyprotein,1,
Peptidase_S32,PF05579.20,297,OM451117_NA_ZJ-F1_rabbit_2020,-,1096,0.00012,21.9,0.2,1,1,1.2e-07,0.00019,21.2,0.2,110,256,533,689,521,707,0.69,Equine,arteritis,virus,serine
Peptidase_C3,PF00548.27,166,OM451117_NA_ZJ-F1_rabbit_2020,-,1096,0.00046,20.7,0.5,1,1,7.1e-07,0.0011,19.4,0.5,126,165,620,660,597,661,0.84,3C,cysteine,protease,(picornain
HSBP1,PF06825.18,51,OM451117_NA_ZJ-F1_rabbit_2020,-,1096,0.014,15.7,0.6,1,1,2.5e-05,0.039,14.3,0.6,16,42,752,778,746,780,0.91,Heat,shock,factor,binding
TcpS,PF17456.8,155,OM451117_NA_ZJ-F1_rabbit_2020,-,1096,0.069,13.5,0.2,1,2,4.3e-05,0.069,13.5,0.2,39,83,680,724,673,748,0.92,Toxin-coregulated,pilus,protein,S
TcpS,PF17456.8,155,OM451117_NA_ZJ-F1_rabbit_2020,-,1096,0.069,13.5,0.2,2,2,6.1,9.8e+03,-3.3,1.7,52,98,792,841,770,856,0.51,Toxin-coregulated,pilus,protein,S
Peptidase_M32,PF02074.22,489,OM451117_NA_ZJ-F1_rabbit_2020,-,1096,0.21,10.6,5.6,1,1,0.00023,0.37,9.8,5.6,40,185,752,903,736,928,0.73,Carboxypeptidase,Taq,(M32),metallopeptidase
Peptidase_C37,PF05416.19,536,OM451117_NA_ZJ-F1_rabbit_2020,-,1096,0.21,10.6,3.1,1,1,0.00022,0.35,9.9,3.1,193,262,809,882,766,908,0.71,Southampton,virus-type,processing,peptidase
ING,PF12998.13,102,OM451117_NA_ZJ-F1_rabbit_2020,-,1096,0.22,12.6,5.5,1,1,0.00028,0.45,11.6,4.5,9,79,737,809,735,827,0.84,Inhibitor,of,growth,proteins
FAM184,PF15665.11,211,OM451117_NA_ZJ-F1_rabbit_2020,-,1096,0.72,10.0,16.7,1,2,0.00016,0.25,11.4,12.8,71,156,763,846,739,883,0.76,Family,with,sequence,similarity
FAM184,PF15665.11,211,OM451117_NA_ZJ-F1_rabbit_2020,-,1096,0.72,10.0,16.7,2,2,2.3,3.7e+03,-2.2,0.1,125,162,1009,1046,1002,1068,0.69,Family,with,sequence,similarity
RBD_LARS1,PF24810.2,75,OM451117_NA_ZJ-F1_rabbit_2020,-,1096,1.1,9.9,0.0,1,4,0.00068,1.1,9.9,0.0,4,51,239,286,237,288,0.94,Leucine--tRNA,"ligase,",RagD-binding,domain
RBD_LARS1,PF24810.2,75,OM451117_NA_ZJ-F1_rabbit_2020,-,1096,1.1,9.9,0.0,2,4,2.9,4.6e+03,-1.8,0.0,35,58,288,309,283,310,0.63,Leucine--tRNA,"ligase,",RagD-binding,domain
RBD_LARS1,PF24810.2,75,OM451117_NA_ZJ-F1_rabbit_2020,-,1096,1.1,9.9,0.0,3,4,2.3,3.7e+03,-1.4,0.0,39,63,504,528,499,533,0.75,Leucine--tRNA,"ligase,",RagD-binding,domain
RBD_LARS1,PF24810.2,75,OM451117_NA_ZJ-F1_rabbit_2020,-,1096,1.1,9.9,0.0,4,4,8.3,1.3e+04,-3.2,0.2,33,58,797,815,786,827,0.60,Leucine--tRNA,"ligase,",RagD-binding,domain
S6OS1,PF15676.11,557,OM451117_NA_ZJ-F1_rabbit_2020,-,1096,2,7.4,11.7,1,1,0.0021,3.3,6.7,11.7,164,285,750,868,742,898,0.80,Six6,opposite,strand,transcript
Exonuc_VII_L,PF02601.21,315,OM451117_NA_ZJ-F1_rabbit_2020,-,1096,2.6,7.9,9.1,1,1,0.0049,7.8,6.4,9.1,137,262,735,856,730,890,0.72,Exonuclease,"VII,",large,subunit
FapA,PF03961.20,272,OM451117_NA_ZJ-F1_rabbit_2020,-,1096,8.1,6.4,12.0,1,2,1.6,2.5e+03,-1.7,0.0,162,183,681,702,654,716,0.53,Flagellar,Assembly,Protein,A
FapA,PF03961.20,272,OM451117_NA_ZJ-F1_rabbit_2020,-,1096,8.1,6.4,12.0,2,2,0.0041,6.6,6.7,9.5,152,257,738,839,733,876,0.74,Flagellar,Assembly,Protein,A
Trypsin_2,PF13365.13,145,MZ291971_NA_G20-109_environment_2019_reverse,-,1197,4.9e-05,24.6,0.0,1,1,1.2e-08,0.00015,23.0,0.0,54,145,1088,1178,1019,1178,0.79,Trypsin-like,peptidase,domain,
PTX3_N,PF26206.1,100,MZ291971_NA_G20-109_environment_2019_reverse,-,1197,0.7,11.4,0.1,1,4,0.92,1.2e+04,-2.1,0.1,14,29,483,498,482,504,0.76,"PTX3-like,",N-terminal,domain,
PTX3_N,PF26206.1,100,MZ291971_NA_G20-109_environment_2019_reverse,-,1197,0.7,11.4,0.1,2,4,0.93,1.2e+04,-2.1,0.1,46,65,691,710,685,721,0.84,"PTX3-like,",N-terminal,domain,
PTX3_N,PF26206.1,100,MZ291971_NA_G20-109_environment_2019_reverse,-,1197,0.7,11.4,0.1,3,4,5.5e-05,0.7,11.4,0.1,7,32,735,760,733,771,0.89,"PTX3-like,",N-terminal,domain,
PTX3_N,PF26206.1,100,MZ291971_NA_G20-109_environment_2019_reverse,-,1197,0.7,11.4,0.1,4,4,0.82,1e+04,-2.0,0.0,41,58,885,902,867,910,0.83,"PTX3-like,",N-terminal,domain,
Astro_VPg,PF19416.5,104,MT579888_NA_FL18_Chelidonichthys-cuculus_2018,-,1155,0.00088,20.6,2.6,1,2,6.1e-07,0.0022,19.3,0.4,6,71,825,891,817,907,0.77,Astrovirus,VPg,protein,
Astro_VPg,PF19416.5,104,MT579888_NA_FL18_Chelidonichthys-cuculus_2018,-,1155,0.00088,20.6,2.6,2,2,0.73,2.7e+03,-0.2,0.1,42,68,963,989,937,998,0.67,Astrovirus,VPg,protein,
Trypsin_2,PF13365.13,145,MT579888_NA_FL18_Chelidonichthys-cuculus_2018,-,1155,0.0039,18.4,0.1,1,2,0.75,2.7e+03,-0.5,0.0,11,24,314,327,301,355,0.75,Trypsin-like,peptidase,domain,
Trypsin_2,PF13365.13,145,MT579888_NA_FL18_Chelidonichthys-cuculus_2018,-,1155,0.0039,18.4,0.1,2,2,9.7e-06,0.035,15.3,0.0,124,145,627,646,597,646,0.82,Trypsin-like,peptidase,domain,
Peptidase_S3,PF00944.26,159,MT579888_NA_FL18_Chelidonichthys-cuculus_2018,-,1155,0.01,16.1,0.0,1,2,1.1e-05,0.039,14.3,0.0,87,126,606,649,590,673,0.77,Alphavirus,core,protein,
Peptidase_S3,PF00944.26,159,MT579888_NA_FL18_Chelidonichthys-cuculus_2018,-,1155,0.01,16.1,0.0,2,2,1.8,6.5e+03,-2.7,0.0,15,58,993,1034,987,1041,0.80,Alphavirus,core,protein,
YmcF-like,PF23641.2,45,MT579888_NA_FL18_Chelidonichthys-cuculus_2018,-,1155,0.22,11.9,3.1,1,1,0.00017,0.61,10.5,3.1,7,30,1049,1072,1048,1078,0.96,YmcF-like,,,
DUF16,PF01519.23,104,MT579888_NA_FL18_Chelidonichthys-cuculus_2018,-,1155,1.6,9.7,5.6,1,2,1.7,6.1e+03,-1.8,0.1,31,54,793,816,780,835,0.57,Protein,of,unknown,function
DUF16,PF01519.23,104,MT579888_NA_FL18_Chelidonichthys-cuculus_2018,-,1155,1.6,9.7,5.6,2,2,0.00014,0.5,11.4,1.5,29,66,919,956,911,985,0.77,Protein,of,unknown,function
TSC22,PF01166.24,57,MT579888_NA_FL18_Chelidonichthys-cuculus_2018,-,1155,1.7,9.3,4.6,1,2,0.0041,15,6.3,0.4,18,43,114,139,109,144,0.84,TSC-22/dip/bun,family,,
TSC22,PF01166.24,57,MT579888_NA_FL18_Chelidonichthys-cuculus_2018,-,1155,1.7,9.3,4.6,2,2,0.034,1.2e+02,3.4,0.4,21,44,931,954,928,960,0.88,TSC-22/dip/bun,family,,
YabA,PF06156.19,103,MT579888_NA_FL18_Chelidonichthys-cuculus_2018,-,1155,9.4,7.4,6.8,1,3,0.0041,15,6.7,0.0,24,52,112,140,101,160,0.85,Initiation,control,protein,YabA
YabA,PF06156.19,103,MT579888_NA_FL18_Chelidonichthys-cuculus_2018,-,1155,9.4,7.4,6.8,2,3,0.53,1.9e+03,-0.1,0.2,10,43,784,817,777,839,0.77,Initiation,control,protein,YabA
YabA,PF06156.19,103,MT579888_NA_FL18_Chelidonichthys-cuculus_2018,-,1155,9.4,7.4,6.8,3,3,0.18,6.5e+02,1.5,0.8,9,32,925,948,918,981,0.61,Initiation,control,protein,YabA
Trypsin_2,PF13365.13,145,MT579872_NA_FL2_Helicolenus-barathri_2018,-,1034,0.02,16.1,0.0,1,1,5e-06,0.042,15.1,0.0,128,145,540,557,514,557,0.88,Trypsin-like,peptidase,domain,
Astro_VPg,PF19416.5,104,MT579872_NA_FL2_Helicolenus-barathri_2018,-,1034,0.03,15.7,0.7,1,1,1.3e-05,0.11,13.8,0.7,3,98,704,797,698,802,0.63,Astrovirus,VPg,protein,
YwiC,PF14256.12,126,MT579872_NA_FL2_Helicolenus-barathri_2018,-,1034,0.3,11.8,4.9,1,1,8.1e-05,0.69,10.7,4.9,6,93,256,364,255,381,0.68,YwiC-like,protein,,
Astro_VPg,PF19416.5,104,MT506231_NA_RoAstV-CHN-S3_Rattus-norvegicus_2016,-,900,2.4e-15,57.7,2.4,1,1,1.8e-18,5.8e-15,56.5,2.4,1,93,694,777,694,786,0.89,Astrovirus,VPg,protein,
Astro_1A,PF19415.4,244,MT506231_NA_RoAstV-CHN-S3_Rattus-norvegicus_2016,-,900,2.4e-10,41.0,11.1,1,2,7.5e-14,2.4e-10,41.0,11.1,73,228,261,416,221,430,0.93,Astrovirus,transmembrane,protein,1A
Astro_1A,PF19415.4,244,MT506231_NA_RoAstV-CHN-S3_Rattus-norvegicus_2016,-,900,2.4e-10,41.0,11.1,2,2,2,6.3e+03,-2.9,0.0,156,177,663,684,660,686,0.85,Astrovirus,transmembrane,protein,1A
Trypsin_2,PF13365.13,145,MT506231_NA_RoAstV-CHN-S3_Rattus-norvegicus_2016,-,900,3.4e-09,38.1,0.1,1,1,2.3e-12,7.4e-09,37.0,0.1,1,145,465,584,465,584,0.84,Trypsin-like,peptidase,domain,
Cep57_MT_bd,PF06657.19,77,MT506231_NA_RoAstV-CHN-S3_Rattus-norvegicus_2016,-,900,0.00012,23.0,0.6,1,2,8e-05,0.26,12.3,0.0,11,50,114,153,110,156,0.92,Centrosome,microtubule-binding,domain,of
Cep57_MT_bd,PF06657.19,77,MT506231_NA_RoAstV-CHN-S3_Rattus-norvegicus_2016,-,900,0.00012,23.0,0.6,2,2,0.0023,7.4,7.6,0.6,18,46,614,642,610,651,0.86,Centrosome,microtubule-binding,domain,of
Peptidase_S32,PF05579.20,297,MT506231_NA_RoAstV-CHN-S3_Rattus-norvegicus_2016,-,900,0.00014,21.6,0.8,1,1,9.1e-08,0.00029,20.6,0.8,125,239,472,600,448,605,0.67,Equine,arteritis,virus,serine
Peptidase_C3,PF00548.27,166,MT506231_NA_RoAstV-CHN-S3_Rattus-norvegicus_2016,-,900,0.0017,18.9,0.2,1,1,1e-06,0.0033,17.9,0.2,127,165,550,589,543,590,0.89,3C,cysteine,protease,(picornain
DUF4140,PF13600.12,99,MT506231_NA_RoAstV-CHN-S3_Rattus-norvegicus_2016,-,900,0.068,14.1,0.4,1,3,1.4,4.5e+03,-1.4,0.0,62,92,99,137,67,141,0.61,N-terminal,domain,of,unknown
DUF4140,PF13600.12,99,MT506231_NA_RoAstV-CHN-S3_Rattus-norvegicus_2016,-,900,0.068,14.1,0.4,2,3,0.00013,0.41,11.6,0.1,51,95,595,640,580,642,0.81,N-terminal,domain,of,unknown
DUF4140,PF13600.12,99,MT506231_NA_RoAstV-CHN-S3_Rattus-norvegicus_2016,-,900,0.068,14.1,0.4,3,3,7.6,2.4e+04,-3.7,0.0,70,85,677,692,665,698,0.55,N-terminal,domain,of,unknown
SlyX,PF04102.18,67,MT506231_NA_RoAstV-CHN-S3_Rattus-norvegicus_2016,-,900,2.3,9.4,5.0,1,3,4.8,1.5e+04,-2.8,0.0,21,45,115,139,114,147,0.68,SlyX,,,
SlyX,PF04102.18,67,MT506231_NA_RoAstV-CHN-S3_Rattus-norvegicus_2016,-,900,2.3,9.4,5.0,2,3,8,2.6e+04,-3.9,0.0,14,42,169,197,168,202,0.64,SlyX,,,
SlyX,PF04102.18,67,MT506231_NA_RoAstV-CHN-S3_Rattus-norvegicus_2016,-,900,2.3,9.4,5.0,3,3,0.0015,4.7,8.4,3.5,24,65,611,654,608,654,0.56,SlyX,,,
Astro_1A,PF19415.4,244,MK378501_NA_PoAstV-VIRES-GZ04-C9_Sus-scrofa_2017,-,434,2.7e-14,54.0,8.8,1,1,5.7e-18,4.9e-14,53.1,8.8,62,243,163,345,153,346,0.87,Astrovirus,transmembrane,protein,1A
PepSY_TM_like_2,PF16357.11,197,MK378501_NA_PoAstV-VIRES-GZ04-C9_Sus-scrofa_2017,-,434,0.0041,17.6,0.2,1,2,0.00022,1.8,9.0,0.0,138,169,58,89,12,129,0.78,Putative,PepSY_TM-like,,
PepSY_TM_like_2,PF16357.11,197,MK378501_NA_PoAstV-VIRES-GZ04-C9_Sus-scrofa_2017,-,434,0.0041,17.6,0.2,2,2,0.0018,15,5.9,0.1,14,47,244,277,234,301,0.82,Putative,PepSY_TM-like,,
Trypsin_2,PF13365.13,145,MK378501_NA_PoAstV-VIRES-GZ04-C9_Sus-scrofa_2017,-,434,0.065,14.5,0.0,1,2,2.3,2e+04,-3.3,0.0,44,86,8,52,2,63,0.59,Trypsin-like,peptidase,domain,
Trypsin_2,PF13365.13,145,MK378501_NA_PoAstV-VIRES-GZ04-C9_Sus-scrofa_2017,-,434,0.065,14.5,0.0,2,2,1.6e-05,0.14,13.4,0.0,1,61,377,426,377,434,0.87,Trypsin-like,peptidase,domain,
