Host,Isolate_x,class
Canis lupus familiaris,KU_CaAstV_15; KU_CaAstV_65; KU_CaAstV_79,
Chaerephon leucogaster,AMB-A053,
Eptesicus pachyomus,233668(Anhui); 233669(Anhui),
Homo sapiens,07NF; 09NF; 101NF; 103NF; 104NF; 10NF; 115NF; 118NF; 121NF; 130NF; 134NF; 148NF; 151NF; 159NF; 169NF; 17W1028; 37NF; 43NF; 48NF; 76NF; BtnMLB1-40; BtnMLB1-86; D-123/2014/KOR; D-1312/2016/KOR; D-1415/2017/KOR; D-269/2014/KOR; E1006; E1048; E1058; E1064; E1120; E1132; E1138; E1200; E381; E405; E411; E414; E420; E423; E426; E429; E435; E441; E444; E453; E462; E465; E471; E474; E504; E516; E537; E573; E751; E784; E801; E865; E905; E911; E924; E928; E929; E931; E943; E963; E968; E974; E984; E986; E998; GUP024Astro; GUP125Astro; GUP187; GUP187Astro; GUP216Astro; HAstV-1/RUS/Novosibirsk/NS11-N2230/2011; HAstV-1/RUS/Novosibirsk/NS11-N3310/2011; HAstV-1/RUS/Novosibirsk/NS11-N3392/2011; HAstV-1/RUS/Novosibirsk/NS12-N3481/2012; HAstV-1/RUS/Novosibirsk/NS12-N3776/2012; HAstV-1/RUS/Novosibirsk/NS12-N3776/2012/type-1a; HAstV-1/RUS/Novosibirsk/NS16-A728/2016/type-1a; HAstV-1/RUS/Novosibirsk/NS16-A808/2016/type-1a; HAstV-1/RUS/Novosibirsk/NS17-A1020/2017; HAstV-1/RUS/Novosibirsk/NS17-A1020/2017/type-1a; HAstV-1/RUS/Novosibirsk/NS17-A1250/2017; HAstV-1/RUS/Novosibirsk/NS17-A1250/2017/type-1a; HAstV-1/RUS/Novosibirsk/NS17-A1346/2017; HAstV-1/RUS/Novosibirsk/NS17-A1346/2017/type-1a; HAstV-1/RUS/Novosibirsk/NS17-A1362/2017; HAstV-1/RUS/Novosibirsk/NS17-A1362/2017/type-1a; HAstV-1/RUS/Novosibirsk/NS17-A844/2017; HAstV-1/RUS/Novosibirsk/NS17-A844/2017/type-1a; HAstV-1/RUS/Novosibirsk/NS17-A856/2017; HAstV-1/RUS/Novosibirsk/NS17-A856/2017/type-1a; HAstV-1/RUS/Novosibirsk/NS17-A889/2017; HAstV-1/RUS/Novosibirsk/NS17-A889/2017/type-1a; HAstV-1/RUS/Novosibirsk/NS18-A1443/2018; HAstV-1/RUS/Novosibirsk/NS18-A1448/2018; HAstV-1/RUS/Novosibirsk/NS18-A1520/2018; HAstV-1/RUS/Novosibirsk/NS18-A1586/2018; HAstV-1/RUS/Novosibirsk/Nsc07-1763/2007; HAstV-1/RUS/Novosibirsk/Nsc10-N1391/2010; HAstV-1/RUS/Novosibirsk/Nsc10-N52/2010; HAstV-1/RUS/Novosibirsk/Nsc11-N1780/2011; HAstV-1/RUS/Novosibirsk/Nsc12-N3908/2012; HAstV-1/RUS/Novosibirsk/Nsk10-N1184/2010; HAstV-1/RUS/Novosibirsk/Nsk10-N188/2010/type-1d; HAstV-1/RUS/Novosibirsk/Nsk10-N230/2010/type-1d; HAstV-1/RUS/Novosibirsk/Nsk10-N313/2010/type-1d; HAstV-1/RUS/Novosibirsk/Nsk10-N716/2010/type-1d; HAstV-1/RUS/Novosibirsk/Nsk10-N734/2010; HAstV-1/RUS/Novosibirsk/Nsk10-N756/2010/type-1d; HAstV-1/RUS/Novosibirsk/Nsk10-N763/2010/type-1d; HAstV-1/RUS/Novosibirsk/Nsk10-N764/2010; HAstV-1/RUS/Novosibirsk/Nsk10-N764/2010/type-1d; HAstV-1/RUS/Novosibirsk/Nsk10-N772/2010/type-1d; HAstV-1/RUS/Novosibirsk/Nsk10-N858/2010/type-1d; HAstV-1/RUS/Novosibirsk/Nsk10-N918/2010; HAstV-1/RUS/Novosibirsk/Nsk10-N918/2010/type-1c; HAstV-1/RUS/Novosibirsk/Nsk10-N919/2010/type-1c; HAstV-1/RUS/Omsk/O822/2011; HAstV-1a/RUS/Novosibirsk/NS16-A460/2016; HAstV-1a/RUS/Novosibirsk/NS16-A728/2016; HAstV-1a/RUS/Novosibirsk/Nsc12-N3908/2012; HAstV-1a/RUS/Omsk/O1053/2011; HAstV-1a/RUS/Omsk/O1062/2011; HAstV-1a/RUS/Omsk/O754/2011; HAstV-1a/RUS/Omsk/O785/2010; HAstV-1d/RUS/Omsk/O554/2010; HAstV-2/RUS/Novosibirsk/Nsc11-N2411/2011; HAstV-2/RUS/Novosibirsk/Nsk08-3040/2008; HAstV-3/RUS/Novosibirsk/NS10-N1466/2010; HAstV-3/RUS/Novosibirsk/NS11-N2660/2011; HAstV-3/RUS/Novosibirsk/NS11-N3179/2011; HAstV-3/RUS/Novosibirsk/NS11-N3261/2011; HAstV-4/RUS/Novosibirsk/NS10-N1139/2010; HAstV-4/RUS/Novosibirsk/NS12-N4956/2012; HAstV-4/RUS/Novosibirsk/NS12-N4956/2012/type-4c; HAstV-4/RUS/Novosibirsk/NS12-N5130/2012; HAstV-4/RUS/Novosibirsk/NS12-N5130/2012/type-4c; HAstV-4/RUS/Novosibirsk/NS13-11/2013; HAstV-4/RUS/Novosibirsk/NS13-16/2013; HAstV-4/RUS/Novosibirsk/NS16-A122/2016; HAstV-4/RUS/Novosibirsk/NS16-A223/2016; HAstV-4/RUS/Novosibirsk/NS16-A277/2016; HAstV-4/RUS/Novosibirsk/NS16-A291/2016; HAstV-4/RUS/Novosibirsk/NS16-A38/2016; HAstV-4/RUS/Novosibirsk/NS16-A391/2016; HAstV-4/RUS/Novosibirsk/NS16-A447/2016; HAstV-4/RUS/Novosibirsk/NS16-A815/2016; HAstV-4/RUS/Novosibirsk/NS16-A815/2016/type-4c; HAstV-4/RUS/Novosibirsk/NS17-A829/2017; HAstV-4/RUS/Novosibirsk/NS17-A829/2017/type-4c; HAstV-4/RUS/Novosibirsk/NS17-A832/2017; HAstV-4/RUS/Novosibirsk/NS17-A832/2017/type-4c; HAstV-4/RUS/Novosibirsk/NS17-A878/2017; HAstV-4/RUS/Novosibirsk/NS17-A878/2017/type-4c; HAstV-4/RUS/Novosibirsk/NS17-A899/2017; HAstV-4/RUS/Novosibirsk/NS17-A899/2017/type-4c; HAstV-4/RUS/Novosibirsk/NS17-A910/2017/type-4c; HAstV-4/RUS/Novosibirsk/Nsc10-N1190/2010; HAstV-5/RUS/Krasnoyarsk/K12-28/2012; HAstV-5/RUS/Krasnoyarsk/K13-45/2013; HAstV-5/RUS/Krasnoyarsk/K13-52/2013; HAstV-5/RUS/Novosibirsk/NS11-N3311/2011; HAstV-5/RUS/Novosibirsk/NS12-01/2012; HAstV-5/RUS/Novosibirsk/NS12-N3929/2012; HAstV-5/RUS/Novosibirsk/NS12-N3929/2012/type-5c; HAstV-5/RUS/Novosibirsk/NS12-N4718/2012; HAstV-5/RUS/Novosibirsk/NS12-N4718/2012/type-5c; HAstV-5/RUS/Novosibirsk/NS12-N4805/2012; HAstV-5/RUS/Novosibirsk/NS12-N4805/2012/type-5c; HAstV-5/RUS/Novosibirsk/NS12-N4806/2012; HAstV-5/RUS/Novosibirsk/NS12-N4806/2012/type-5c; HAstV-5/RUS/Novosibirsk/NS12-N5018/2012; HAstV-5/RUS/Novosibirsk/NS12-N5018/2012/type-5c; HAstV-5/RUS/Novosibirsk/NS12-N5029/2012; HAstV-5/RUS/Novosibirsk/NS12-N5029/2012/type-5c; HAstV-5/RUS/Smolensk/S12-101/2012; HAstV-5/RUS/Smolensk/S12-88/2012; HAstV-5/RUS/Vladivostok/V13-05/2013; HAstV-8/RUS/Novosibirsk/NS16-A87/2016; HAstV-8/RUS/Novosibirsk/NS16-C16/2016; ICMH108Astro; ICMH433Astro; ICMH469Astro; ICMH573Astro; ICMH590Astro; ICMH642Astro; ICMH666Astro; IDH1300; IDH1309; IDH1371; IDH1387; IDH1448; IDH1451; IDH1482; IDH198; IDH2211; IDH2310; IDH2392; IDH2455; L874; L918; L922; MAstV-1/Human/RUS/2010/O554/Omsk/type-1d; MAstV-1/Human/RUS/2010/O691/Omsk/type-1c; MAstV-1/Human/RUS/2010/O785/Omsk/type-1a; MAstV-1/Human/RUS/2011/O1053/Omsk/type-1a; MAstV-1/Human/RUS/2011/O1055/Omsk/type-1a; MAstV-1/Human/RUS/2011/O1057/Omsk/type-1a; MAstV-1/Human/RUS/2011/O1062/Omsk/type-1a; MAstV-1/Human/RUS/2011/O754/Omsk/type-1a; MAstV-1/Human/RUS/2011/O822/Omsk/type-1c; MAstV-1/Human/RUS/2012/K12-28/Krasnoyarsk/type- 5c; MAstV-1/Human/RUS/2012/NS12-01/Novosibirsk/type- 5c; MAstV-1/Human/RUS/2012/S12-101/Smolensk/type-5c; MAstV-1/Human/RUS/2012/S12-88/Smolensk/type-5c; MAstV-1/Human/RUS/2013/K13-45/Krasnoyarsk/type- 5c; MAstV-1/Human/RUS/2013/K13-52/Krasnoyarsk/type- 5c; MAstV-1/Human/RUS/2013/NS13-11/Novosibirsk/type- 4c; MAstV-1/Human/RUS/2013/NS13-16/Novosibirsk/type- 4c; MAstV-1/Human/RUS/2013/V13-05/Vladivostok/type- 5c; XN309; XN36; XN37; XN461; XN527; XN528; Xn545; Z803; Z932; Z976,
Hylomyscus sp.,Astrovirus_PREDICT MAstV-110/SI-044; Astrovirus_PREDICT MAstV-110/SI-045; Astrovirus_PREDICT MAstV-110/SI-084; Astrovirus_PREDICT MAstV-110/SI-089; Astrovirus_PREDICT MAstV-110/SI-091,
Hylopetes sp.,PREDICT MAstV-135/LAP11-G0005,
Hystrix cristata (porcupine),Mastv/porcupine/484/IT,
Luposicya lupus,F16; F17; F18,
Macronycteris commersoni,SMG17321; SMG17391; SMG17393,
Meleagris gallopavo,TAstV-2/Brazil/2004/USP-30,
Meleagris gallopavo domesticus,101T ECU UDLA; 113T ECU UDLA; 133T ECU UDLA; 166T ECU UDLA; 16T ECU UDLA; 191T ECU UDLA; 196T ECU UDLA; 200T ECU UDLA; 21T ECU UDLA; 23T ECU UDLA; 25T ECU UDLA; 26T ECU UDLA; 28T ECU UDLA; 2T ECU UDLA; 31T ECU UDLA; 33T ECU UDLA; 39T ECU UDLA; 3T ECU UDLA; 52T ECU UDLA; 72T ECU UDLA; 74T ECU UDLA; 78T ECU UDLA,
Microgale brevicaudata,LJR111,
Miniopterus fraterculus,TZ32383var1; TZ32383var2,
Miniopterus gleni,SMG17367; SMG17368; SMG17373; SMG17838; SMG17842; SMG17843; SMG17844; SMG17845,
Miniopterus griveaudi,,
Miniopterus mahafaliensis,SMG17329; SMG17344; SMG17349,
Miniopterus manavi,SMG17866; SMG17867; SMG17869; SMG17871; SMG17872; SMG17874; SMG17883; SMG17884,
Miniopterus schreibersii,232738(Guangdong); 232759(Guangdong); 232764(Guangdong); 232767(Guangdong); 232782(Guangdong),
Miniopterus sororculus,SMG17364; SMG17366; SMG17377,
Mops leucostigma,AMB-A096; AMB-A101,
Mus musculus,JPH249; JPH267; JPH271; JPH274; JPH275; JPH349; SJ001; SJ002,
Myotis goudoti,,
Myotis ricketti,230091(Guangxi); 230092(Guangxi); 232741(Guangdong); 232770(Guangdong); 232783(Guangdong); 234438(Anhui),
Nyctalus plancyi,235098(Zhejiang); 235111(Zhejiang),
Paratriaenops furculus,,
Pipistrellus nathusii,1(3)/2014/CZE,
Podarcis siculus,RI170; RI172; RI62; RI66,
Rattus rattus,JPH254; JPH263; JPH272; JPH289; JPH331; JPH340; JPH342; JPH355; JPH357; JPH358; JPH368; LJR093; LJR115; LJR139,
Rhinolophus pusillus,234944(Zhejiang),
Rhinolophus thomasi,H128; H17; H27; H30; H57; H64; H83,
Rousettus madagascariensis,,
Roussetus leschenaulti,G128; G164; G53; G60; G71; G84,
Scotophilus dinganii,TZ32357,
Scotophilus kuhlii,232416(Guangdong); 232422(Guangdong); 232423(Guangdong); 232424(Guangdong); 232426(Guangdong); 232436(Guangdong); 232438(Guangdong); 232439(Guangdong); 232440(Guangdong); 232444(Guangdong); 232447(Guangdong); 232449(Guangdong); 232451(Guangdong); 232611(Guangdong); 232627(Guangdong); 232630(Guangdong); 232632(Guangdong); 232633(Guangdong); 232634(Guangdong),
Taphozous melanopogon,230776(Guangxi); 230777(Guangxi); 230780(Guangxi); 230781(Guangxi); 230782(Guangxi); 230783(Guangxi); 230784(Guangxi); 230785(Guangxi); 230786(Guangxi); 230787(Guangxi); 230788(Guangxi); 230791(Guangxi); 230792(Guangxi); 230793(Guangxi); 230794(Guangxi); 230795(Guangxi); 230797(Guangxi); 231009(Guangxi); 231010(Guangxi); 231011(Guangxi); 231014(Guangxi); 231015(Guangxi),
Tarentola mauritanica,RI111; RI112,
Triaenops menamena,SMG17410; SMG17411; SMG17412; SMG17457; SMG17462,
Tylonycteris robustula,230911(Guangxi),
bird,XZN01; YSN01; YSN02,
chicken (broiler),Contig-1; Contig-10; Contig-11; Contig-12; Contig-13; Contig-2; Contig-3; Contig-5; Contig-6; Contig-7; Contig-8; Contig-9,
commercial broiler,ANV/1043/2014/HR(India)/Chicken; ANV/1059/2011/HR(India)/Chicken; ANV/1065/2014/HR(India)/Chicken; ANV/1102/2012/HR(India)/Chicken; ANV/1105/2012/HR(India)/Chicken; ANV/1301/2015/HR(India)/Chicken; ANV/22392/2014/HR(India)/Chicken; ANV/22766/2014/HR(India)/Chicken; ANV/22999/2014/HR(India)/Chicken; CAstV/1089/2014/HR(India)/Chicken; CAstV/1105/2014/HR(India)/Chicken; CAstV/1125/2014/HR(India)/Chicken; CAstV/1194/2012/HR(India)/Chicken; CAstV/22159/2014/HR(India)/Chicken; CAstV/22330/2014/HR(India)/Chicken; CAstV/22374/2014/HR(India)/Chicken; CAstV/22397/2014/HR(India)/Chicken; CAstV/23324/2014/HR(India)/Chicken; CAstV/23724/2014/HR(India)/Chicken; CAstV/23893/2014/HR(India)/Chicken; CAstV/28828/2014/HR(India)/Chicken,
domestic cat,,
duck,VSVRI.CLEVB.22,
environment,G20_105; G20_106; G20_107; G20_108; G20_109; G22-001; G22-002; G22-003; G22-004; G22-005; G22-006; G22-007; G22-008; G22-009; G22-010; G22-011; G22-012; G22-013; G22-014,
goat,Ferri_01_N_ORF2_ASTV_GOAT_MILK_O; Ferri_02_N_ORF2_ASTV_GOAT_MILK_BG1; Ferri_03_N_ORF2_ASTV_GOAT_MILK_BG2; Ferri_04_N_ORF2_ASTV_GOAT_MILK_BG3; Ferri_05_N_ORF2_GOAT_MILK_BG4; Ferri_07B_N_ASTV_GOAT_MILK_PR2; Ferri_07_N_ORF2_ASTV_GOAT_MILK_PR1; Ferri_08_N_ORF2_ASTV_GOAT_MILK_PR3,
turkey,TAstV-2/BR/07,
