ID,Host,Isolate
PV843273,,S091-2023_1
LC877794,,VA3/env/Japan/HK250408_7/2024
LC877793,,VA1/env/Japan/HK250408_13/2025
PQ619424,,LVCA6717_Rio/2022/MLB1
PQ619423,,LVCA6623_Rio/2022/MLB1
PQ619422,,LVCA6643_Rio/2022/HAstV-1
PQ619421,,LVCA6623_Rio/2022/HAstV-1
PQ619420,,LVCA6619_Rio/2022/HAstV-1
PQ619419,,LVCA6487_Rio/2022/HAstV-1
FJ222451,,MLB1
PG036827,,
PG036826,,
PG036825,,
PG036824,,
PG036823,,
PG036822,,
PG036821,,
PG036820,,
PD223317,,
PD223316,,
PD222915,,
PD222914,,
PL092599,,
PL092591,,
PL092587,,
PL092412,,
PL092404,,
PL092400,,
PL092225,,
PL092217,,
PL092213,,
PL190248,,
PQ530056,,MBC147
PQ335170,,2022/BE11
MW588064,,
MW588063,,
MW588062,,
PP174209,,SP2C_k141_91606
PP174201,,SP2C_k141_173245
PP174197,,SP2C_k141_157132
PP174176,,SP2B_k141_169106
PP174162,,SP2B_k141_107145
PP174151,,SP2A_k141_7423
PP174138,,SP2A_k141_35481
PP174099,,SP1C_k141_286028
PP174094,,SP1C_k141_272984
PP174089,,SP1C_k141_256458
PP174052,,SP1C_k141_170176
PP174037,,SP1C_k141_138402
PP174020,,SP1B_k141_83016
PP173978,,SP1B_k141_199511
PP173959,,SP1B_k141_111077
PP173952,,SP1A_k141_93956
PP173914,,SP1A_k141_13111
PP173905,,SP1A_k141_108659
PP173693,,RCCP2_k141_11635
PP173657,,MP3_k141_5253
PP173621,,MP3_k141_280909
PP173619,,MP3_k141_278491
PP173590,,MP3_k141_212809
PP173384,,KCAP3_k141_90808
PP173376,,KCAP3_k141_88145
PP173374,,KCAP3_k141_87564
PP173284,,KCAP3_k141_317163
PP173191,,KCAP3_k141_228666
PP173172,,KCAP3_k141_208509
PP173125,,KCAP3_k141_153500
PP172939,,KCAP2_k141_248179
PP172843,,KCAP1_k141_96123
PP172792,,KCAP1_k141_594990
PP172759,,KCAP1_k141_499726
PP172690,,KCAP1_k141_334640
PP172253,,CN1B_k141_41676
PP172252,,CN1B_k141_41417
PP172218,,CN1B_k141_108059
PP172159,,CN1A_k141_102692
PP172104,,CC1C_k141_67333
PP172017,,CC1C_k141_19247
PP172009,,CC1C_k141_14283
PP171968,,CC1B_k141_86991
PP171953,,CC1B_k141_72897
PP171789,,CC1A_k141_26573
PP171787,,CC1A_k141_18682
PP171767,,CC1A_k141_121977
PP236967,,HAstVVA1CASLlab
OQ986647,,RHFU
OQ986649,,GEIG
OQ986648,,GEIG
OQ986679,,GEIG
OQ986609,,RHFU
OQ986608,,RHFU
OQ986607,,GEIG
OQ986677,,GEIG
OQ986606,,GEIG
OQ986605,,BOPU
OQ986681,,GEIG
OQ986680,,GEIG
OQ986678,,GEIG
OQ986676,,RHFU
OR626615,,03-IZET
OP946740,,
OP946739,,
OP946738,,
OP946737,,
OP946736,,
OP946735,,
OP946734,,
OP946733,,
OP946732,,
OP946731,,
OP946730,,
OP946729,,
OP946728,,
OP946727,,
OP946726,,
OP946725,,
OP946724,,
OQ870553,,It2018
OQ805853,,GAstV/XJHT-2/China/2023
OQ805852,,GAstV/XJHT-1/China/2023
OP696941,,AS63
OP696940,,AS62
OP696939,,AS61
OP696938,,AS60
OP696937,,AS52
OP696936,,AS51
OP696935,,AS49
OP696934,,AS39
OP696933,,AS38
OP696932,,AS37
OP482094,,HAstV-5/CHN/2103CP2/2021
OP482093,,HAstV-5/CHN/2103CP1/2021
OP331312,,
ON049752,,90-k141_39363
ON049763,,s68-k141_493141
ON049762,,R67-k141_76573
ON049761,,228-k141_72357
ON049760,,228-k141_52034
ON049759,,227-k141_246922
ON049758,,226-k141_115706
ON049757,,226-k141_84817
ON049756,,226-k141_65071
ON049755,,226-k141_9736
ON049754,,136-k141_196628
ON049753,,136-k141_64451
ON049751,,86-k141_85067
ON049750,,85-k141_214914
ON049749,,85-k141_87774
ON049748,,85-k141_49324
ON049747,,67-k141_139481
MW784099,,361bR-171897
MW784097,,297b-22705
MW784094,,5-86563
MW784086,,232-76811
MW784084,,228-114947
MW784109,,s68-796037
MW784107,,s68-431397
MW784106,,R96-75684
MW784105,,R69-151373
MW784104,,R69-284490
MW784103,,R69-100791
MW784102,,R67-15434
MW784101,,R67-109978
MW784100,,R49-1743887
MW784098,,302R-449000
MW784096,,275R-116493
MW784095,,138bR-178666
MW784093,,288-122863
MW784092,,287-60804
MW784091,,287-203354
MW784090,,286-165764
MW784089,,276-220907
MW784088,,276-151000
MW784087,,276-120415
MW784085,,228-200999
MW784083,,227-67505
MW784082,,227-342448
MW784081,,227-2671
MW784080,,226-109106
MW784079,,226-105986
MW784078,,87-370059
MW784077,,86-165985
MW784076,,86-105857
MW784075,,85-137625
MW784074,,68-5299
MW784073,,67-73244
MW784072,,9-123138
MW784070,,7-333329
MW784069,,7-168877
MW784108,,s68-555025
MW784071,,8-286142
MW897146,,8-k141_171686
MW897147,,364R-k141_277660
MW897145,,77-k141_134887
MT766335,,AstV/CHN/XJ/env/2018/ht8-ctg1
MT766329,,AstV/CHN/XJ/env/2018/ht3-ctg1
MT766325,,AstV/CHN/XJ/env/2018/MD-ctg1
MT766346,,AstV/CHN/XJ/env/2018/ht8-ctg1
MT766345,,AstV/CHN/XJ/env/2018/ks11-ctg1
MT766344,,AstV/CHN/XJ/env/2018/ks7-ctg1
MT766343,,AstV/CHN/XJ/env/2018/ks4-ctg6
MT766342,,AstV/CHN/XJ/env/2018/ht8-ctg1
MT766341,,AstV/CHN/XJ/env/2018/ks8-ctg1
MT766340,,AstV/CHN/XJ/env/2018/ks7-ctg1
MT766339,,AstV/CHN/XJ/env/2018/ks4-ctg1
MT766338,,AstV/CHN/XJ/env/2018/ks11-ctg1
MT766337,,AstV/CHN/XJ/env/2018/ks7-ctg1
MT766336,,AstV/CHN/XJ/env/2018/ht8-ctg1
MT766331,,AstV/CHN/XJ/env/2018/ht8-ctg1
MT766330,,AstV/CHN/XJ/env/2018/ht8-ctg4
MT766328,,AstV/CHN/XJ/env/2018/ks11-ctg2
MT766327,,AstV/CHN/XJ/env/2018/ks7-ctg2
MT766326,,AstV/CHN/XJ/env/2018/ks4-ctg1
MT766324,,AstV/CHN/XJ/env/2018/ht8-ctg1
MT766321,,AstV/CHN/XJ/env/2018/ks8-ctg1
MT766320,,AstV/CHN/XJ/env/2018/ks7-ctg2
MT766334,,AstV/CHN/XJ/env/2018/ht8-ctg5
MT766333,,AstV/CHN/XJ/env/2018/ks11-ctg5
MT766332,,AstV/CHN/XJ/env/2018/ks4-ctg3
MT766323,,AstV/CHN/XJ/env/2018/ht3-ctg1
MT766322,,AstV/CHN/XJ/env/2018/ks11-ctg1
MT766319,,AstV/CHN/XJ/env/2018/ks4-ctg1
MT766318,,AstV/CHN/XJ/env/2018/MD-ctg1
OM954093,,CMU2_DN77510_c0_g2_i1
OM954095,,CMF1_DN41228_c0_g1_i2
OM954094,,CMP2_DN37632_c0_g1_i1
OM954092,,CMU2_DN77080_c0_g1_i1
OM954091,,CMP2_DN36588_c0_g1_i1
OM954090,,CMU2_DN58784_c0_g1_i1
OM954089,,CMU2_DN67289_c0_g1_i1
OM954088,,CMP1_DN124681_c0_g1_i1
OM954087,,CMF2_DN25942_c0_g1_i1
OM954086,,CMU2_DN80756_c0_g2_i1
OM954085,,CMU2_DN78016_c1_g3_i1
OM954084,,CMF1_DN35241_c0_g1_i1
OM954083,,CMU2_DN76042_c0_g1_i2
OM954082,,CMU2_DN72442_c0_g1_i1
OM954081,,CMU2_DN76774_c0_g2_i1
OM953854,,CMU2_DN78195_c0_g1_i1
OM953853,,CMF2_DN28976_c0_g1_i1
OM953852,,CMF2_DN29505_c0_g1_i2
OM953851,,CMF2_DN25939_c0_g1_i1
OM953850,,CMU1_DN176158_c0_g1_i1
OM953849,,CMF2_DN31075_c0_g1_i1
OM953848,,CMF1_DN41184_c0_g1_i1
OM953847,,CMF1_DN41866_c1_g1_i1
OM953846,,CMF2_DN30973_c0_g1_i4
OM953845,,CMP1_DN122563_c0_g1_i1
OM953844,,CMU2_DN71707_c0_g1_i1
OM953843,,CMF1_DN41679_c0_g1_i1
OM953842,,CMU2_DN75963_c0_g1_i1
OM953841,,CMU2_DN78443_c0_g1_i1
OM339161,,21V816605
OM339160,,21V810771
OM339159,,20V161714
MZ603079,,HAstV-3_RVAB
MZ603076,,HAstV-VA2_RVAB
MZ603074,,HAstV-1_2_RVAB
MZ603072,,HAstV-1_1_RVAB
MZ603071,,HAstV-MLB1_RVAB
MP874225,,
MP874224,,
MP874223,,
MP874222,,
MP874221,,
MP874220,,
MP874219,,
MP874218,,
MW347540,,4zj-RDRP-3
MW347048,,2wh-RDRP-8
MW346737,,1aq-RDRP-4
MT457857,,
MT138015,,rtr167ast1nc
MT138012,,rob180ast1nc
MT138011,,prf038ast1
MT138010,,prf037ast2
MT138007,,ltr178ast1
MT138005,,hwf041ast1
MT138002,,cra070ast1
MT137999,,coa196ast1
MT137996,,cfe153ast01
MT138016,,rtr168ast1
MT138014,,rob181ast2
MT138013,,rob181ast1
MT138009,,prf037ast1nc
MT138008,,ltt163ast1
MT138006,,hwf182ast2
MT138004,,hftbif16ast1nc
MT138003,,ecw123ast1
MT138001,,coa197ast1
MT138000,,coa196ast2nc
MT137998,,cftbif23ast2nc
MT137997,,cfe153ast02
MT137995,,bun145astnc1
MT137994,,bsk136ast01
MT137993,,brb026ast1
MT137992,,bfb201ast01
MT137991,,bbr144ast1
MN920672,,ytb090ast01
MN920671,,ytb089ast01
MN920670,,ybw202ast01
MN920669,,ybb150ast01
MN920668,,war204ast1
MN920667,,tom152ast2
MN920666,,tom152ast1
MN920665,,stc111ast1
MN920664,,sru051ast1
MN920663,,spa143ast1
EU030319,,
EU030318,,
EU030317,,
EU030316,,
EU030315,,
EU030314,,
EU030313,,
EU030312,,
EU030311,,
EU030310,,
EU030309,,
EU030308,,
EU030307,,
EU030306,,
EU030305,,
EU030304,,
EU030303,,
EU030302,,
EU030301,,
EU030300,,
EU030299,,
EU030298,,
EU030297,,
EU030296,,
EU030295,,
EU030294,,
EU030293,,
EU030292,,
EU030291,,
EU030290,,
EU030289,,
EU030288,,
EU030287,,
DQ517523,,
AF440797,,
AF440796,,
AF440795,,
AF440794,,
AF440793,,
AF440792,,
AF440791,,
AF440309,,CAV3H
AF440308,,CAV3G
AF440307,,CAV3F
AF440306,,CAV3E
AF440305,,CAV3D
AF440304,,CAV3C
AF440303,,CAV3B
AF440302,,CAV3A
AF440301,,CAV2C
AF440300,,CAV2B
AF440299,,CAV2A
AF440298,,CAV1G
AF440297,,CAV1F
AF440296,,CAV1E
AF440295,,CAV1D
AF440294,,CAV1C
AF440293,,CAV1B
AF440292,,CAV1A
AF348801,,Bcn8.6
AF348800,,Bcn8.5
AF348799,,Bcn8.4
AF348798,,Bcn8.3
AF348797,,Bcn8.2
AF348796,,Bcn8.1
AF348795,,Bcn4.12
AF348794,,Bcn4.11
AF348793,,Bcn4.10
AF348792,,Bcn4.9
AF348791,,Bcn4.8
AF348790,,Bcn4.7
AF348789,,Bcn4.6
AF348788,,Bcn4.5
AF348787,,Bcn4.4
AF348786,,Bcn4.3
AF348785,,Bcn4.2
AF348784,,Bcn4.1
AF348783,,Bcn3.10
AF348782,,Bcn3.9
AF348781,,Bcn3.8
AF348780,,Bcn3.7
AF348779,,Bcn3.6
AF348778,,Bcn3.5
AF348777,,Bcn3.4
AF348776,,Bcn3.3
AF348775,,Bcn3.2
AF348774,,Bcn3.1
AF348773,,Bcn2.3
AF348772,,Bcn2.2
AF348771,,Bcn2.1
AF348770,,Bcn1.18
AF348769,,Bcn1.17
AF348768,,Bcn1.16
AF348767,,Bcn1.15
AF348766,,Bcn1.14
AF348765,,Bcn1.13
AF348764,,Bcn1.12
AF348763,,Bcn1.11
AF348762,,Bcn1.10
AF348761,,Bcn1.9
AF348760,,Bcn1.8
AF348759,,Bcn1.7
AF348758,,Bcn1.6
AF348757,,Bcn1.5
AF348756,,Bcn1.4
AF348755,,Bcn1.3
AF348754,,Bcn1.2
AF348753,,Bcn1.1
AF292072,,
MN123726,,Viet83
MN123725,,Viet74
MN123724,,Viet64
MN123723,,Viet56
MN123722,,Viet47
MN123721,,Viet39
KC285188,,Rus-Nsc12-N4431
KC285187,,Rus-Nsc12-N4358
KC285186,,Rus-Nsc12-N4263
KC285185,,Rus-Nsc12-N4029
KC285184,,Rus-Nsc12-N4022
KC285183,,Rus-Nsc12-N4208
KC285182,,Rus-Nsc12-N3983
KC285180,,Rus-Nsc12-N3766
KC285179,,Rus-Nsc12-N3711
KC285178,,Rus-Nsc12-N3708
KC285177,,Rus-Nsc12-N4703
KC285176,,Rus-Nsc12-N3651
KC285175,,Rus-Nsc12-N3581
KC285174,,Rus-Nsc12-N3560
KC285173,,Rus-Nsc12-N3528
KC285172,,Rus-Nsc12-N3501
KC285171,,Rus-Nsc11-N3448
KC285170,,Rus-Nsc11-N3427
KC285169,,Rus-Nsc11-N3426
KC285168,,Rus-Nsc11-N3423
KC285167,,Rus-Nsc11-N3378
KC285166,,Rus-Nsc11-N3372
KC285165,,Rus-Nsc11-N3329
KC285164,,Rus-Nsc11-N3308
KC285163,,Rus-Nsc11-N3303
KC285162,,Rus-Nsc11-N3271
KC285161,,Rus-Nsc11-N3240
KC285160,,Rus-Nsc11-N3179
KC285159,,Rus-Nsc11-N3104
KC285158,,Rus-Nsc11-N3020
KC285157,,Rus-Nsc11-N2691
KC285156,,Rus-Nsc11-N2673
KC285155,,Rus-Nsc11-N2613
KC285154,,Rus-Nsc11-N2531
KC285153,,Rus-Nsc11-N2484
KC285151,,Rus-Nsc11-N2373
KC285150,,Rus-Nsc11-N2324
KC285149,,Rus-Nsc11-N2319
KC285148,,Rus-Nsc11-N2106
KC285147,,Rus-Nsc11-N2105
KC285146,,Rus-Nsc11-N2101
KC285145,,Rus-Nsc11-N2100
KC285144,,Rus-Nsc11-N2099
KC285143,,Rus-Nsc11-N2096
KC285142,,Rus-Nsc11-N2080
KC285141,,Rus-Nsc11-N2004
KC285140,,Rus-Nsc11-N1991
KC285139,,Rus-Nsc11-N1964
KC285138,,Rus-Nsc11-N1960
KC285137,,Rus-Nsc11-N1918
KC285136,,Rus-Nsc11-N1857
KC285135,,Rus-Nsc11-N1803
KC285134,,Rus-Nsc11-N1802
KC285133,,Rus-Nsc11-N1780
KC285132,,Rus-Nsc11-N1741
KC285131,,Rus-Nsc11-N1731
KC285130,,Rus-Nsc11-N1580
KC285129,,Rus-Nsc11-N1567
KC285128,,Rus-Nsc11-N1478
KC285127,,Rus-Nsc10-N1437
KC285126,,Rus-Nsc10-N1431
KC285125,,Rus-Nsc10-N1409
KC285123,,Rus-Nsc10-N1385
KC285122,,Rus-Nsc10-N1381
KC285121,,Rus-Nsc10-N1380
KC285120,,Rus-Nsc10-N1379
KC285119,,Rus-Nsc10-N1362
KC285118,,Rus-Nsc10-N1339
KC285117,,Rus-Nsc10-N1327
KC285116,,Rus-Nsc10-N1320
KC285115,,Rus-Nsc10-N1300
KC285114,,Rus-Nsc10-N1226
KC285112,,Rus-Nsc10-N1177
KC285111,,Rus-Nsc10-N1175
KC285110,,Rus-Nsc10-N1083
MN733910,,
EU363892,,
EU363891,,
EU363890,,
EU363889,,
EU363888,,
EU363887,,
EU363886,,
EU333903,,805
EU333902,,567
EU333901,,317
EU333900,,173
EU327562,,HAstV/Ghana1403/06/DE
EU327561,,HAstV/Ghana1258/06/DE
EU327560,,HAstV/Ghana1486/06/DE
EU327559,,HAstV/Ghana1369/06/DE
EU161566,,
AF292073,,
AF292080,,
MN510442,,G19054
MN510441,,G19053
MN510440,,G19052
MN510439,,G19051
MN036279,,H1_Bulk_Litter_4_scaffold_3393
MN036159,,H2_Bulk_Litter_12_scaffold_3666
MN036131,,H4_Rhizo_Litter_20_scaffold_3123
MN035893,,H3_Bulk_Litter_17_scaffold_17037
MN035838,,H4_Bulk_47_scaffold_62
MN035814,,H4_Bulk_48_scaffold_29788
MN035758,,H1_Rhizo_26_FD_scaffold_114
MN035574,,H2_Rhizo_Litter_49_scaffold_25815
MN035429,,H4_Bulk_47_scaffold_19966
MN035369,,H3_Bulk_42_scaffold_5271
MN034849,,H4_Bulk_Litter_24_scaffold_8515
MN034752,,H1_Rhizo_Litter_1_scaffold_1158
MN034438,,H1_Rhizo_26_FD_scaffold_10293
MN034422,,H4_Bulk_47_scaffold_5859
MN034411,,H2_Rhizo_Litter_8_scaffold_129
MN034197,,H2_Bulk_Litter_12_scaffold_16222
MN034082,,H2_Bulk_35_scaffold_28
MN033929,,H4_Rhizo_Litter_20_scaffold_133
MN033907,,H1_Bulk_Litter_4_scaffold_9531
MN033872,,H3_Bulk_Litter_17_scaffold_52
MN033591,,H4_Rhizo_44_scaffold_12707
MN033479,,H1_Rhizo_25_scaffold_9154
MN033410,,H2_Bulk_Litter_12_scaffold_24547
MN033274,,H2_Bulk_Litter_12_scaffold_255
MN033177,,H4_Rhizo_44_scaffold_584
MN033141,,H4_Bulk_46_scaffold_28672
MN033120,,H1_Bulk_29_scaffold_2190
MN032977,,H1_Bulk_Litter_4_scaffold_35
NC_043416,,
MK041038,,1/NA9/2017
MK041037,,1/NA3/2017
MK041036,,1/NA2/2017
MG661261,,
MK286562,,
LC460060,,
LC460059,,
LC460058,,
LC460057,,
LC460056,,
LC460055,,
LC460054,,
LC460053,,
LC460052,,
LC460051,,
LC460050,,
LC460049,,
LC460048,,
LC460047,,
LC460046,,
LC460045,,
LC460044,,
LC460043,,
LC460042,,
LC460041,,
LC460040,,
LC460039,,
LC460038,,
LC460037,,
LC460036,,
LC460035,,
LC460034,,
LC460033,,
LC460032,,
LC460031,,
LC460030,,
LC460029,,
LC460028,,
LC460027,,
LC460026,,
LC460025,,
LC460024,,
LC460023,,
LC460022,,
LC460021,,
LC460020,,
LC460019,,
LC460018,,
LC460017,,
LC460016,,
LC460015,,
LC460014,,
LC460013,,
LC460012,,
LC460011,,
LC460010,,
LC460009,,
LC460008,,
LC460007,,
LC460006,,
LC460005,,
LC460004,,
LC460003,,
LC460002,,
LC460001,,
LC460000,,
LC459999,,
LC460163,,
LC460162,,
LC460161,,
LC460160,,
LC460159,,
LC460158,,
LC460157,,
LC460156,,
LC460155,,
LC460154,,
LC460153,,
LC460152,,
LC460151,,
LC460150,,
LC460149,,
LC460148,,
LC460147,,
LC460146,,
LC460145,,
LC460144,,
LC460143,,
LC460142,,
LC460141,,
LC460140,,
LC460139,,
LC460138,,
LC460137,,
LC460136,,
LC460135,,
LC460134,,
LC460133,,
LC460132,,
LC460131,,
LC460130,,
LC460129,,
LC460128,,
LC460127,,
LC460126,,
LC460125,,
LC460124,,
LC460123,,
LC460122,,
LC460121,,
LC460120,,
LC460119,,
LC460118,,
LC460117,,
LC460116,,
LC460115,,
LC460114,,
LC460113,,
LC460112,,
LC460111,,
LC460110,,
LC460109,,
LC460108,,
LC460107,,
LC460106,,
LC460105,,
LC460104,,
LC460103,,
LC460102,,
LC460101,,
LC460100,,
LC460099,,
LC460098,,
LC460097,,
LC460096,,
LC460095,,
LC460094,,
LC460093,,
LC460092,,
LC460091,,
LC460090,,
LC460089,,
LC460088,,
LC460087,,
LC460086,,
LC460085,,
LC460084,,
LC460083,,
LC460082,,
LC460081,,
LC460080,,
LC460079,,
LC460078,,
LC460077,,
LC460076,,
LC460075,,
LC460074,,
LC460073,,
LC460072,,
LC460071,,
LC460070,,
LC460069,,
LC460068,,
LC460067,,
LC460066,,
LC460065,,
LC460064,,
LC460063,,
LC460062,,
LC460061,,
LC459998,,
LC459997,,
LC459996,,
LC459995,,
LC459994,,
LC459993,,
LC459992,,
LC459991,,
LC459990,,
LC459989,,
LC459988,,
LC459987,,
LC459986,,
LC459985,,
LC459984,,
LC459983,,
LC459982,,
LC459981,,
LC459980,,
LC459979,,
LC459978,,
LC459977,,
KF039921,,Rus-Nsc12-N5278
KF039920,,Rus-Nsc12-N4970
KF039919,,Rus-Nsc12-N4937
KF039918,,Rus-Nsc12-N4575
KF039917,,Rus-Nsc12-N3705
KF039916,,Rus-Nsc11-N3458
KF039915,,Rus-Nsc11-N3441
KF039914,,Rus-Nsc11-N3376
MG599905,,
MG599885,,
MG599884,,
MH791394,,NJ1701
MH763691,,
NC_030922,,V1347
NC_026814,,
NC_018702,,
NC_011400,,MLB1
NC_005790,,
NC_004579,,
NC_003790,,
NC_001943,,
LT898434,,PAstV/GER/L00855-K14_14-04/2014
LT898424,,PAstV/GER/L00919-K17_14-02/2014
LT706531,,UK/2013/ewe/lib01454
LT706530,,UK/2014/lamb/lib01455
KC411816,,HOR-001/2011-India
KY775077,,ZSR21
KY775076,,DSM1
KY775075,,CLR2
KY775074,,CLR1
MF042208,,Brazil/Sewage
KY964327,,
KU954489,,PoAstV/OB231-013
KU954488,,PoAstV/OB458-087
KU954487,,PoAstV/OB459-001
KU954486,,PoAstV/OB471-094
KU954485,,PoAstV/OB472-063
KU954484,,PoAstV/OB460-033
KU954483,,PoAstV/OB458-066
KU954482,,PoAstV/OB230-034
KU954481,,PoAstV/B41-004
KU954480,,PoAstV/B48-015
KU954479,,PoAstV/T474-057
KU954478,,PoAstV/OH372-031
KU954477,,PoAstV/OH357-001
KU954476,,PoAstV/OB470-077
KU954475,,PoAstV/OB470-061
KU954474,,PoAstV/I159-006
KU954473,,PoAstV/C56-021
KU954472,,PoAstV/A3-027
KU954471,,PoAstV/OA139-045
KU954470,,PoAstV/OB225-003
KU954469,,PoAstV/OB221-033
KU954468,,PoAstV/OB224-086
KU954467,,PoAstV/OB223-037
KU954466,,PoAstV/C180-046
KU954465,,PoAstV/I157-056
KU954464,,PoAstV/F436-046
KU954463,,PoAstV/F438-047
KU954462,,PoAstV/F435-079
KU954461,,PoAstV/D332-005
KU954460,,PoAstV/H111-014
KU954459,,PoAstV/H114-062
KU954458,,PoAstV/E77-048
KU954457,,PoAstV/E75-081
KU954456,,PoAstV/E79-029
KU954455,,PoAstV/E74-049
KU954454,,PoAstV/E76-032
KU954453,,PoAstV/D63-017
KU954452,,PoAstV/D62-047
KU954451,,PoAstV/E81-084
KU954450,,PoAstV/D65-018
KU954449,,PoAstV/A4-059
KU189272,,Mu09/1155
KU189271,,KS15/419
KU189270,,KS14/1023
KU189269,,KS14/1021
KU189268,,KS14/1012
KU189267,,KS14/1011
KU189266,,KS13/459
KU189265,,KS13/457
KU189264,,KS13/454
KU189263,,KS13/440
KU189262,,KS13/432
KU189261,,KS13/431
FJ866761,,Rus-Nsc07-1811
LN612591,,
LN612590,,
LN612589,,
LN612588,,
LN612587,,
LN612586,,
LN612585,,
LN612584,,
LN612583,,
LN612582,,
LN612581,,
LN612580,,
KX273058,,SimianAstV
FJ430562,,GuRVIII/2008/caracas/VEN
FJ430561,,GuRVII/2008/Caracas/VEN
FJ430560,,GuRVI/2008/Caracas/VEN
FJ430559,,GuRV/2007/Caracas/VEN
FJ430558,,GuRIV/2007/Caracas/VEN
FJ430557,,GuRIII/2007/Caracas/VEN
FJ430556,,SewCCI/2007/Caracas/VEN
FJ430555,,SewCVIII/2008/Caracas/VEN
FJ430554,,SewCVII/2008/Caracas/VEN
FJ430553,,SewCV/2008/Caracas/VEN
FJ430552,,SewCIV/2007/Caracas/VEN
FJ430551,,SewCIII/2007/Caracas/VEN
FJ430550,,SewCII/2007/Caracas/VEN
EU669003,,M52
DQ381378,,2654/04
DQ381377,,6363/5-6/03
DQ381376,,6363/4/03
DQ381375,,1820/04
DQ381374,,1722/10/04
DQ381373,,1722/7/04
DQ381372,,1619/04
DQ381371,,1503/04
DQ381370,,1261/04
DQ381369,,1142/04
DQ381368,,639/04
DQ381367,,531/04
DQ381366,,276/04
DQ381365,,89/04
DQ381364,,1399/03
DQ381363,,1461/02
DQ381362,,2085/01
DQ453922,,CA-SEP-A779-05.seq
DQ381508,,RJ8398/BR/04
DQ381507,,RJ8163/BR/04
DQ381506,,RJ9475/BR/04
DQ381505,,RJ7987/BR/04
DQ381504,,RJ8736/BR/04
DQ381503,,RJ8417/BR/04
DQ381502,,RJ8201/BR/04
DQ381501,,RJ8171/BR/04
DQ381500,,RJ10016/BR/04
DQ381499,,RJ8176/BR/04
DQ381498,,RJ8479/BR/04
DQ381497,,RJ8478/BR/04
DQ381496,,RJ8418/BR/04
DQ381495,,RJ8404/BR/04
DQ381494,,RJ8226/BR/04
DQ381493,,RJ8161/BR/04
DQ381492,,RJ8216/BR/04
DQ381491,,RJ8212/BR/04
DQ381490,,RJ8178/BR/04
DQ381489,,RJ8198/BR/04
DQ381488,,RJ8640/BR/04
DQ381487,,RJ8631/BR/04
DQ381486,,RJ8487/BR/04
DQ381485,,RJ8485/BR/04
DQ381484,,RJ8482/BR/04
DQ381483,,RJ8217/BR/04
DQ381482,,RJ8195/BR/04
DQ381481,,RJ8193/BR/04
DQ381480,,RJ8160/BR/04
DQ381479,,RJ8734/BR/04
DQ381478,,RJ8619/BR/04
DQ381477,,RJ8618/BR/04
DQ381476,,RJ8617/BR/04
DQ381475,,RJ8408/BR/04
DQ381474,,RJ8215/BR/04
DQ324850,,MO-SEP-A799-05
DQ324849,,GA-SEP-A792-05
DQ324848,,DE-SEP-A654-05
DQ324847,,DE-SEP-A651-05
DQ324846,,GA-SEP-A457-05
DQ324845,,GA-SEP-A455-05
DQ324844,,GA-SEP-A450-05
DQ324843,,GA-SEP-A369-05
DQ324842,,GA-SEP-A368-05
DQ324841,,GA-SEP-A366-05
DQ324840,,GA-SEP-A365-05
DQ324839,,GA-SEP-A364-05
DQ324838,,NC-SEP-A670-05
DQ324837,,NC-SEP-A537-05
DQ324836,,AR-SEP-A804-05
DQ324835,,AR-SEP-A802-05
DQ324834,,MO-SEP-A801-05
DQ324833,,MO-SEP-A798-05
DQ324832,,GA-SEP-A790-05
DQ324831,,CA-SEP-A724-05
DQ324830,,CA-SEP-A723-05
DQ324829,,DE-SEP-A652-05
DQ324828,,GA-SEP-A451-05
DQ324827,,GA-SEP-A367-05
DQ324826,,MO-SEP-A824-05
DQ324825,,MO-SEP-A823-05
DQ324824,,MO-SEP-A819-05
DQ324823,,NC-SEP-A552-05
DQ324822,,NC-SEP-A516-05
DQ324821,,NC-SEP-A498-05
DQ324820,,OH-SEP-A848-86
DQ324819,,MO-SEP-A827-05
DQ324818,,MO-SEP-A818-05
DQ324817,,MO-SEP-A815-05
DQ324816,,MO-SEP-A814-05
DQ324815,,MN-SEP-A809-05
DQ324814,,MN-SEP-A805-05
DQ324813,,NC-SEP-A489-05
DQ324812,,NC-SEP-A446-05
DQ324811,,TX-SEP-A313-04
DQ324810,,TX-SEP-A312-04
DQ324809,,NC-SEP-A306-04
DQ324808,,CA/SEP-A269/04
DQ324807,,NC-SEP-A255-04
DQ324806,,NC-SEP-A254-04
DQ324805,,NC-SEP-A252-04
DQ324804,,NC-SEP-A41-03
DQ324803,,VA-SEP-A17-03
DQ324802,,VA-SEP-A8-03
DQ344027,,Guangzhou
DQ139832,,BrG8
DQ139831,,BrG3
DQ139830,,BrG2-1
DQ139829,,BrG2-4
DQ139828,,BrG1-10
DQ139827,,BrG1-9
DQ139826,,BrG1-12
DQ139825,,BrG1-5
DQ139824,,BrG8
DQ139823,,BrG3
DQ139822,,BrG2-4
DQ139821,,BrG1-12
DQ139820,,BrG1-9
DQ139819,,BrG1-5
DQ139818,,BrG1-12
DQ139817,,BrG1-5
DQ139816,,BrG3
DQ139815,,BrG1-10
DQ139814,,BrG2-4
DQ139813,,BrG8
DQ139812,,BrG1-9
DQ066598,,VA/SEP-A33/03
DQ066597,,VA/SEP-A17/03
DQ066596,,VA/SEP-A8/03
DQ066595,,TX/SEP-A313/04
DQ066594,,TX/SEP-A312/04
DQ066593,,TX/SEP-A311/04
DQ066592,,TX/SEP-A310/04
DQ066591,,NC/SEP-A305/04
DQ066590,,NC/SEP-A255/04
DQ066589,,NC/SEP-A254/04
DQ066588,,NC/SEP-A253/04
DQ066587,,NC/SEP-A252/04
DQ066586,,NC/SEP-A226/03
DQ066585,,NC/SEP-A224/03
DQ066584,,NC/SEP-A222/03
DQ066583,,NC/SEP-A65/03
DQ066582,,NC/SEP-A61/03
DQ066581,,NC/SEP-A44/03
DQ066580,,NC/SEP-A41/03
DQ066579,,NC/SEP-A40/03
DQ066578,,CA/SEP-A273/04
DQ066577,,CA/SEP-A270/04
DQ066576,,CA/SEP-A269/04
DQ066575,,VA/SEP-A33/03
DQ066574,,VA/SEP-A17/03
DQ066573,,VA/SEP-A8/03
DQ066572,,TX/SEP-A313/04
DQ066571,,TX/SEP-A312/04
DQ066570,,TX/SEP-A311/04
DQ066569,,TX/SEP-A310/04
DQ066568,,NC/SEP-A305/04
DQ066567,,NC/SEP-A255/04
DQ066566,,NC/SEP-A254/04
DQ066565,,NC/SEP-A253/04
DQ066564,,NC/SEP-A252/04
DQ066563,,NC/SEP-A226/03
DQ066562,,NC/SEP-A224/03
DQ066561,,NC/SEP-A222/03
DQ066560,,NC/SEP-A65/03
DQ066559,,NC/SEP-A61/03
DQ066558,,NC/SEP-A44/03
DQ066557,,NC/SEP-A41/03
DQ066556,,NC/SEP-A40/03
DQ066555,,CA/SEP-A273/04
DQ066554,,CA/SEP-A270/04
DQ066553,,CA/SEP-A269/04
DQ070852,,Goiania/GO/12/95/Brazil
DQ028633,,Goiania/GO/12/94/Brazil
AY962551,,12-21
AY962550,,10-92
AY962549,,9-205
AY962548,,9-165
AY962547,,9-110
AY962546,,8-160
AY962545,,6-224
AY962544,,6-213
AY962543,,6-38
AY962542,,5-158
AY962541,,5-53
AY962540,,5-23
AY720892,,
AY720891,,
AY846639,,1166
AY846638,,1165
AY846637,,1158
AY846636,,1157
AY846635,,929
AY590262,,201-3
AY590261,,121-3
AY522552,,
AY522551,,
AY304470,,
AY304469,,
AY304468,,
AY304467,,
AY304466,,
AY304465,,
AY304464,,
AY304462,,
AY304463,,
AY304461,,
AY304460,,
AY304459,,
AY304458,,
AY304457,,
AY304456,,
AY304455,,
AY304454,,
AY304453,,
AY304451,,
AY188208,,
AY188207,,
AY188206,,
AY188205,,
AY188204,,
AY188203,,
AY188202,,
AY188201,,
AY188200,,
AY188199,,
AY188198,,
AY188197,,
AY188196,,
AY188195,,
AY188194,,
AY188193,,
AY188192,,
AY188191,,
AY188190,,
AY188189,,
AY188188,,
AY188187,,
AY188186,,
AY188185,,
AY188184,,
AY188183,,
AY196105,,4589
AY196104,,4540
AY196103,,4539
AY196102,,4265
AY196101,,4220
AY196100,,4074
AY196099,,4072
AY196098,,4071
AY196097,,4070
AY196096,,3914
AY196095,,3911
AF395738,,HUN214/99
AF395737,,HUN4329/96
AF395736,,HUN946/98
AF395735,,HUN1516/98
AF395734,,HUN222/98
AF395733,,HUN173/99
AY094092,,
AY094091,,
AY094090,,
AY094089,,
AY094088,,
AY094087,,
AY094086,,
AY094085,,
AY094084,,
AY094083,,
AY094082,,
AY094081,,
AY094080,,
AY094079,,
AY093655,,
AY093654,,
AY093653,,
AY093652,,
AY093651,,
AY093650,,
AY093649,,
AF361036,,
AF361035,,
AF361034,,
AF361033,,
AF361032,,
AF361031,,
AF361030,,
AF361029,,
AF361028,,
AF260508,,
AF211965,,
AF211964,,
AF211963,,
AF211962,,
AF211961,,
AF211960,,
AF211959,,
AF211958,,
AF211957,,
AF211956,,
AF211955,,
AF211954,,
AF211953,,
AF211952,,
AF216861,,
AF175261,,Melb8A
AF175260,,Melb2A
AF175259,,Melb4C
AF175258,,Melb1J
AF175257,,Melb1I
AF175256,,Melb1H
AF175255,,Melb1G
AF175254,,Melb1F
AF175253,,Melb1E
AF141381,,
S68561,,A88/2
JN799271,,HAstV-1/RJ-645/2010-BRA
JN799270,,HAstV-1/RJ-619/2010-BRA
JN799269,,HAstV-1/RJ-550/2009-BRA
JN799268,,HAstV-1/RJ-544/2009-BRA
JN799267,,HAstV-1/RJ-524/2009-BRA
JN799266,,HAstV-1/RJ-497/2009-BRA
HQ623148,,ofSH15
HQ623147,,toSH8
HQ623146,,SH22
HQ623145,,SH21
HQ623144,,SH20
HQ623143,,SH19
HQ623142,,SH18
HQ623141,,SH17
HQ623140,,SH16
HQ623139,,SH15
HQ623138,,SH14
HQ623137,,SH13
HQ623136,,SH12
HQ623135,,SH11
HQ623134,,SH10
HQ623133,,SH9
HQ623132,,SH8
HQ623131,,SH7
HQ623130,,SH6
HQ623129,,SH5
HQ623128,,SH4
HQ623127,,SH3
HQ623126,,SH2
HQ623125,,SH1
HM209124,,C2-200109
HM209123,,C1-200109
HM209122,,C1-261208
HM209121,,C1-031108
HM209120,,C2-031108
HM209119,,R2U-171008
HM209118,,C1-171008
HM209117,,C1-271206-2
HM209116,,C1-271206-1
HM209115,,E-110407
HM209114,,E-140307-1
HM209113,,E-140307-2
HM209112,,R2U-271206
HM209111,,R2D-271206
HM209110,,R3D-251006
HM209109,,R3U-251006
HM209108,,R2U-111206
HM209107,,R2D-111206
HM209106,,C1-111206
HM209105,,R1U-111206
HM209104,,R1D-111206
HM209103,,R2U-201106
HM209102,,R2D-201106
HM209101,,C1-201106
HM209100,,R1U-201106
HM209099,,R1D-201106
HM209098,,R2D-011106
HM209097,,R2U-011106
HM209096,,C1-011106
HM209095,,R2U-031006
HM209094,,R2D-031006
HM209093,,R1U-031006
HM209092,,R1D-031006
HM209091,,R2U-150806
HM209090,,C1-150806
HM209089,,C1-240706
HM209088,,C1-040706
HM209087,,C1-220606
HM237363,,Katano
AY320043,,
AY320042,,
AY324868,,
AY324867,,
AY324866,,
AY324865,,
AY324864,,
AY324863,,
AY324862,,
AY324861,,
AY324860,,
AY324859,,
AY324858,,
AY324857,,
AY324856,,
AY324855,,
AY324854,,
AY179509,,
ATVPOLY6A,,Oxford
FJ476309,,VF08-05/13
FJ476308,,VF08-07/1
FJ476307,,VF08-05/5
FJ476306,,VF07-13/5
FJ476305,,VF07-04/2
FJ476304,,VF07-04/1
FJ476303,,VF06-07/8
FJ476302,,VF06-07/6
FJ476301,,VF06-01/4
FJ476300,,VF06-01/3
FJ476299,,06V0062
FJ476298,,VF05-01/16
FJ476297,,VF04-01/11
FJ476296,,VF04-01/2
FJ476295,,P22-08.8.00
FJ476294,,612
FJ476293,,FP3
FJ476292,,11522
FJ476291,,1009
FJ829070,,Rus-Nsc07-2443
FJ402983,,
FJ227127,,WD0227
FJ227126,,WD0104
FJ227125,,WD0055
FJ227124,,WD0016
FJ227121,,WD0055
FJ227120,,WD0016
AF474921,,MdGER937
AF474920,,MdGER936
AF474919,,MdGER921
AF474918,,MdGER908
AF474917,,MdGER86
AF474916,,MdGER786
AF474915,,MdGER72
AF474914,,MdGER720
AF474913,,MdGER706
AF474912,,MdGER690
AF474911,,MdGER625
AF474910,,MdGER623
AF474909,,MdGER418
AF474908,,MdGER262
AF474907,,MdGER261
AF474906,,MdGER260
AF474905,,MdGER251
AF474904,,MdGER23
AF474903,,MdGER20
AF474902,,MdGER198
AF474901,,MdGER164
AF474900,,MdGER14
EF195478,,McDonaugh
EF195477,,99-00916
EF195476,,CM1233
EF195475,,JPK23
EF195474,,CSX349
EF195473,,DG637
EF195472,,PE1E6
EF195471,,DL497
EF195470,,DL15320
EF195469,,99-00923
EF195468,,99-00662
EF195467,,99-01576
EF195466,,99-01355
EF195465,,99-00747
EF195464,,99-00487
EF195463,,99-00131
EF195462,,CSX298
EF195461,,PD910848
EF195460,,99-01231
EF195459,,DG651
EF195458,,DL14572
EF195457,,99-03412
EF195456,,99-00691
EF195455,,P23795
EF195454,,prototype strain HAstV-7
EF195453,,prototype strain HAstV-6
EF195452,,prototype strain HAstV-5
EF195451,,prototype strain HAstV-4
EF195450,,prototype strain HAstV-3
EF195449,,F8.7-S99
EF195448,,F8.5-T5
EF195447,,F8.1-S124
EF195446,,F4.3-S124
EF195445,,F2.2-S144
EF195444,,F1.4-S13
EF195443,,UK1.12-96/v56665
EF195442,,UK1.11-96/v57034
EF195441,,UK1.9-94/v42078
EF195440,,UK1.7-93/v31457
EF195439,,UK1.5-82-1010
EF195438,,UK1.2-DaleyC
EF195437,,UK1.1-90v10003
EF195436,,2172
EF195435,,BcnB.6
EF195434,,BcnB.5
EF195433,,BcnB.4
EF195432,,BcnB.3
EF195431,,BcnB.2
EF195430,,BcnB.1
EF195429,,Bcn8.6
EF195428,,Bcn8.5
EF195427,,Bcn8.4
EF195426,,Bcn8.3
EF195425,,Bcn8.2
EF195424,,Bcn8.1
EF195423,,Bcn4.13
EF195422,,Bcn4.12
EF195421,,Bcn4.11
EF195420,,Bcn4.10
EF195419,,Bcn4.9
EF195418,,Bcn4.7
EF195417,,Bcn4.6
EF195416,,Bcn4.5
EF195415,,Bcn4.4
EF195414,,Bcn4.3
EF195413,,Bcn4.2
EF195412,,Bcn4.1
EF195411,,Bcn3.9
EF195410,,Bcn3.8
EF195409,,Bcn3.7
EF195408,,Bcn3.6
EF195407,,Bcn3.5
EF195406,,Bcn3.4
EF195405,,Bcn3.3
EF195404,,Bcn3.2
EF195403,,Bcn3.1
EF195402,,Bcn2.3
EF195401,,Bcn2.2
EF195400,,Bcn2.1
EF195399,,Bcn1.18
EF195398,,Bcn1.17
EF195397,,Bcn1.16
EF195396,,Bcn1.15
EF195395,,Bcn1.14
EF195394,,Bcn1.13
EF195393,,Bcn1.12
EF195392,,Bcn1.11
EF195391,,Bcn1.10
EF195390,,Bcn1.9
EF195389,,Bcn1.7
EF195388,,Bcn1.5
EF195387,,Bcn1.4
EF195386,,Bcn1.3
EF195385,,Bcn1.1
EF490428,,Madagascar/DR0038/2004
EF490427,,Madagascar/DR0034/2004
EF490426,,Madagascar/DR0075/2004
EF490425,,Madagascar/DG6013/2004
EF519313,,EP06
EF519312,,DR0038
AF290509,,
AF290508,,
AF290507,,
AF290506,,
AF290505,,
AF290504,,
AF292079,,
AF248738,,
AY027809,,
AF257229,,M270
AF257228,,M367
AF257227,,M234
AF257225,,M226
AF257224,,M370
AF257223,,M352
AF257222,,M321
AF257221,,M412
DQ990461,,PA-NSC087-BR
DQ990460,,PA-NSC087-BR
EF100670,,AM17/Bra/2004
DQ788612,,WH2009
DQ788611,,WH2051
DQ788610,,WH2109
DQ788609,,WH2447
DQ788608,,WH2255
DQ788607,,WH2137
DQ788606,,WH2128
DQ788605,,WH2119
DQ788604,,WH2112
DQ788603,,WH2096
DQ788602,,WH1787
DQ788601,,WH2412
DQ788600,,WH2370
DQ788599,,WH2151
DQ788598,,WH2116
DQ788597,,WH2093
DQ788596,,WH2012
DQ788595,,WH2003
DQ788594,,WH1847
DQ788593,,WH2209
DQ788592,,WH2158
DQ788591,,WH2131
DQ788590,,WH2102
DQ659100,,KUMA 05-123
DQ381361,,6363/3/03
AY007590,,BER/4/99/DEU
AY007589,,NEU/3.1/98/DEU
AY007587,,HEI/2.1/99/DEU
AY007586,,NEU/3.2/98/DEU
AY007584,,HEI/2.2/99/DEU
AY007583,,SWE/3.2/98/DEU
AY007582,,SWE/3.1/98/DEU
AY007581,,ROS/3.2/98/DEU
AY007580,,PIR/4/98/DEU
AY007579,,ORA/1/98/DEU
AY007578,,HEI/2.3/99/DEU
AY007591,,KOB/4/99/DEU
AY007588,,STU/3/99/DEU
AY007585,,BER/3/98/DEU
AY007577,,BLZ/12/97/DEU
AF056197,,Bristol
LC009661,,HAstV2008Feb
LC009660,,HAstV2008Feb
LC009659,,HAstV2008Feb
LC009658,,HAstV2008Mar
LC009657,,HAstV2008Jan
LC009656,,HAstV2008Feb
LC009655,,HAstV2007Dec
LC009654,,HAstV2007Dec
LC009653,,HAstV2007Oct
LC009652,,HAstV2008Feb
LC009651,,HAstV2008Mar
LC009650,,HAstV2007Dec
LC009649,,HAstV2008Mar
LC009648,,HAstV2007NoV
LC009647,,HAstV2007Dec
LC009646,,HAstV2008Mar
LC009645,,HAstV2008Jan
LC009644,,HAstV2008Feb
LC009643,,HAstV2008Feb
LC009642,,HAstV2008Jan
LC009641,,HAstV2007NoV
LC009640,,HAstV2007Dec
LC009639,,HAstV2007Dec
LC009638,,HAstV2007NoV
LC009637,,HAstV2007Dec
LC009636,,HAstV2008Jan
KM401565,,
KR007588,,A154-TT-02/2013/URY
KR007587,,A142-TT-10/2012/URY
KR007586,,A88-TT-11/2011/URY
KR007585,,A70-TT-09/2011/URY
KC294577,,20243
KC294576,,19560
LC009678,,VAAstV2008Mar
LC009677,,MLBAstV2008Mar
LC009676,,MLBAstV2008Jan
LC009675,,MLBAstV2008Feb
LC009674,,MLBAstV2007Dec
LC009673,,MLBAstV2008Feb
LC009672,,MLBAstV2008Feb
LC009671,,MLBAstV2008Mar
LC009670,,MLBAstV2008Feb
LC009669,,MLBAstV2007NoV
LC009668,,MLBAstV2008Feb
LC009667,,MLBAstV2008Feb
LC009666,,MLBAstV2007NoV
LC009665,,MLBAstV2007NoV
LC009664,,HAstV2007NoV
LC009663,,HAstV2007Oct
LC009662,,HAstV2008Mar
LC009684,,VAAstV2007Oct
LC009683,,VAAstV2007Oct
LC009682,,VAAstV2008Jan
LC009681,,VAAstV2007Oct
LC009680,,VAAstV2008Jan
LC009679,,VAAstV2008Jan
KP636526,,HAstVTUN7
KP636525,,HAstVTUN6
KP636524,,HAstVTUN5
KP636523,,HAstVTUN4
KP636522,,HAstVTUN3
KP636521,,HAstVTUN2
KP636520,,HAstVTUN1
S47249,,
JA816489,,
JA816485,,
KP258663,,HYD79
KP258662,,HYD74
KP258661,,HYD72
KP258660,,HYD70
KP404152,,
KP404151,,
KP404150,,
KP404149,,
KJ650566,,PAst-NER
KJ650565,,PAst-NER
KJ650564,,PAst-NER
KJ650563,,PAst-NER
KJ650562,,PAst-NER
KJ650561,,PAsT-NER-7P
KJ173710,,
KJ173709,,
KJ173708,,
KJ173707,,
KJ173706,,
KJ173705,,
KJ173704,,
KM875548,,2014/TAstV/BL.1
KJ920197,,HMO-CLondon2
KJ920196,,HMO-CLondon1
AB856999,,F13
AB856998,,F12
AB856997,,F11
AB856996,,F10
AB856995,,F9
AB856994,,F8
AB856993,,F7
AB856992,,F5
AB856991,,F4
AB856990,,F3
AB856989,,F2
AB856988,,F1
KM358468,,
KF039913,,Rus-Nsc10-N358
KF039912,,Rus-Nsc05-623
KF039911,,Rus-Nsc06-1029
KF039910,,Rus-Nsc05-430
KF753807,,
KF753806,,
KF753805,,
KF753804,,
KF854592,,AO03-04
KF854591,,FS04-03
KF854590,,AO07-02
KF854589,,AO04-03
KF854588,,AO05-01
KF854587,,LW04-03
KF854586,,FS07-02
KF854585,,FS04-04
KF854584,,AO06-02
KF854583,,AO05-02
KF854582,,FS06-02
KF854581,,FS05-01
KF854580,,FS05-02
KF854579,,LW05-01
KF854578,,FS03-04
AB607963,,IDH 2455
AB607962,,IDH 2392
AB607961,,IDH1451
AB607960,,IDH 198
AB616688,,IDH 2455
AB616687,,IDH 1482
AB616686,,IDH 1451
AB616685,,IDH 1309
AB551388,,MASTRO2310
AB551387,,MASTRO2211
AB551386,,MASTRO1482
AB551385,,MASTRO1448
AB551384,,MASTRO1387
AB551383,,MASTRO1371
AB551382,,MASTRO1309
AB551381,,MASTRO1300
AB551380,,MASTRO2392
AB551379,,MASTRO2310
AB551378,,MASTRO2211
AB551377,,MASTRO1448
AB551376,,MASTRO1387
AB551375,,IDH2455
AB551374,,IDH2392
AB551373,,IDH1482
AB551372,,IDH1387
AB551371,,IDH198
AB540662,,IDH1300
AB518708,,MASTRO1371
AB518707,,MASTRO1300
AB518706,,MASTRO1300
AB518705,,MASTRO1300
AB518704,,MASTRO1300
AB518703,,MASTRO1300
AB518702,,MASTRO1300
AB518701,,MASTRO1300
AB518700,,MASTRO1300
AB518699,,MASTRO1300
AB518698,,MASTRO1300
AB325804,,V1182
AB308374,,V1347
AB303403,,V1182
AB303402,,V1182
AB303401,,V1182
AB303400,,V1182
AB303399,,V1182
AB303398,,V1182
AB303397,,V1182
AB303396,,V1182
AB303395,,V1182
AB303394,,V1182
AB299405,,V1347
AB299404,,V1347
AB299403,,V1347
AB299402,,V1347
AB299401,,V1347
AB299400,,V1347
AB299399,,V1347
AB299398,,V1347
AB299397,,V1347
AB299396,,V1347
AB290149,,V1347
AB327186,,NK4128
AB265678,,V1347
AB264140,,V1347
AB264139,,V1347
AB265679,,
AB264146,,NK4272
AB264145,,NK4127
AB264144,,V1347
AB264143,,V1347
AB264142,,V1347
AB264141,,V1347
AB243067,,V1347/2004
AB242160,,India/NK4184/2005
AB242159,,India/V959/2003
AB242158,,India/V913/2002
AB241067,,NK4169
AB241066,,NK4121
AB241065,,NK4127
AB241064,,NK4128
AB037272,,"83-74, Tokushima, Japan"
AB031031,,
AB031030,,
AB013618,,
JX985720,,MPJ1569
JX985716,,MPJ14456
JX985712,,MPJ14156
JX985706,,MPJ13512
JX985703,,MPJ13478
JX985699,,MPJ13178
JX985698,,MPJ13134
JX985696,,MPJ13034
JX985695,,MPJ13012
JX985692,,MPJ10027
JX985691,,MPJ09338
JX985687,,MPJ07559
JX985678,,MPJ0111
JX544746,,
JX544745,,
JX544744,,
JX544743,,
JQ898337,,AstV-Casa
EU143851,,
EU143850,,
EU143849,,
EU143848,,
EU143847,,
EU143846,,
EU143845,,
EU143844,,
EU143843,,
AF206663,,
JF803961,,E58M2/Mor/09
JF803960,,EU53M2/Mor/09
JQ081297,,
JQ260764,,LVCA-1959-BRA
JQ260763,,LVCA-486-BRA
JQ260762,,LVCA-473-BRA
JQ260761,,LVCA-461-BRA
JQ260760,,LVCA-252-BRA
JQ260759,,LVCA-251-BRA
FJ227123,,WD0227
FJ227122,,WD0104
EF535793,,PAHST289/BR/1999
EF535792,,PAHST235/BR/1999
EF535791,,PAHST216/BR/1999
EF535790,,PAHST209/BR/1999
EF535789,,PAHST195/BR/1999
EF535788,,PAHST183/BR/1999
EF535787,,PAHST175/BR/1999
EF535786,,PAHST169/BR/1999
EF535785,,PAHST162/BR/1999
EF535784,,PAHST144/BR/1999
EF535783,,PAHST127/BR/1999
EF535782,,PAHST092/BR/1998
EF535781,,PAHST075/BR/1998
EF535780,,PAHST068/BR/1998
EF535779,,PAHST063/BR/1998
EF535778,,PAHST058/BR/1998
EF535777,,PAHST018/BR/1998
EF535776,,PAHSP330/BR/2000
EF535775,,PAHSP277/BR/1999
EF535774,,PAHSP250/BR/1999
EF535773,,PAHSP200/BR/1999
EF535772,,PAHSP192/BR/1999
EF535771,,PAHSP169/BR/1999
EF535770,,PAHSP116/BR/1998
EF535769,,PAHSP111/BR/1998
EF535768,,PAHSP062/BR/1998
EF535767,,PAHSP047/BR/1998
EF535766,,PAHSP008/BR/1998
EF535765,,PANSC493/BR/1994
EF535764,,PANSC491/BR/1994
EF535763,,PANSC482/BR/1994
EF535762,,PANSC401/BR/1994
EF535761,,PANSC337/BR/1994
EF535760,,PANSC309/BR/1994
EF535759,,PANSC304/BR/1993
EF535758,,PANSC302/BR/1993
EF535757,,PANSC301/BR/1993
EF535756,,PANSC299/BR/1993
EF535755,,PANSC297/BR/1993
EF535754,,PANSC291/BR/1993
EF535753,,PANSC290/BR/1993
EF535752,,PANSC283/BR/1993
EF535751,,PANSC281/BR/1993
EF535750,,PANSC275/BR/1993
EF535749,,PANSC257/BR/1993
EF535748,,PANSC250/BR/1993
EF535747,,PANSC238/BR/1993
EF535746,,PANSC230/BR/1993
EF535745,,PANSC229/BR/1993
EF535744,,PANSC162/BR/1993
EF535743,,PANSC132/BR/1993
EF535742,,PANSC074/BR/1993
EF535741,,PANSC039/BR/1993
EF535740,,PALONG24233-28/BR/1984
EF535739,,PALONG24182-23/BR/1983
EF535738,,PALONG24080-20/BR/1983
EF535737,,PALONG24072-21/BR/1983
EF535736,,PACRE16-68/BR/1993
EF535735,,PACRE15-67/BR/1993
EF535734,,PACRE14-66/BR/1993
EF535733,,PACRE08/BR/1993
EF547371,,AC10BR/2005
DQ917407,,PA-COD211-BR
DQ917406,,PA-COD381-BR
DQ917405,,PA-COD152-BR
DQ917404,,PA-COD208-BR
DQ917403,,PA-COD268-BR
DQ917402,,PA-COD255-BR
DQ917401,,PA-COD528-BR
DQ917400,,PA-COD462-BR
DQ917399,,PA-COD087-BR
DQ917398,,PA-COD007-BR
DQ917397,,PA-COD221-BR
DQ917396,,PA-COD325-BR
DQ917395,,PA-COD326-BR
DQ917394,,PA-COD328-BR
DQ917393,,PA-COD329-BR
DQ917392,,PA-COD523-BR
DQ917391,,PA-COD382-BR
DQ917390,,PA-COD379-BR
DQ917389,,PA-COD023-BR
DQ917388,,PA-COD302-BR
DQ917387,,PA-COD195-BR
DQ917386,,PA-COD009-BR
DQ917385,,PA-COD475-BR
DQ917384,,PA-COD045-BR
DQ917383,,PA-COD155-BR
DQ917382,,PA-COD409-BR
DQ917381,,PA-COD029-BR
DQ917380,,PA-COD529-BR
DQ917379,,PA-COD383-BR
DQ917378,,PA-COD090-BR
DQ917377,,PA-COD249-BR
DQ917376,,PA-COD517-BR
DQ917375,,PA-COD184-BR
DQ381360,,6363/3/03
DQ381359,,3911/04
DQ381358,,3911/04
DQ381357,,3910/04
DQ381356,,3910/04
DQ381355,,1729/04
DQ381354,,1729/04
DQ381353,,1722/9/04
DQ381352,,1722/9/04
DQ381351,,1722/8/04
DQ381350,,1722/8/04
DQ381349,,1722/6/04
DQ381348,,1722/6/04
DQ381347,,1722/5/04
DQ381346,,1722/5/04
DQ381345,,1722/4/04
DQ381344,,1722/4/04
DQ381343,,1722/3/04
DQ381342,,1722/3/04
DQ381341,,1722/2/04
DQ381340,,1722/2/04
DQ381339,,1722/1/04
DQ381338,,1722/1/04
DQ381337,,1649/04
DQ381336,,1649/04
DQ381335,,1586/04
DQ381334,,1586/04
DQ381333,,1297/02
DQ381332,,1297/02
DQ381331,,1232/00
DQ381330,,1232/00
DQ381329,,1229/04
DQ381328,,1229/04
DQ381327,,1182/02
DQ381326,,1182/02
DQ381325,,1047/04
DQ381324,,1047/04
DQ381323,,1011/04
DQ381322,,1011/04
DQ381321,,940/04
DQ381320,,940/04
DQ381319,,687/04
DQ381318,,687/04
DQ381317,,677/02
DQ381316,,677/02
DQ381315,,572/04
DQ381314,,572/04
DQ381313,,532/04
DQ381312,,532/04
DQ381311,,488/04
DQ381310,,488/04
DQ381309,,454/RS/05
DQ381308,,454/RS/05
DQ381307,,407/04
DQ381306,,407/04
DQ381305,,404/04
DQ381304,,404/04
DQ381303,,391/RS/05
DQ381302,,391/RS/05
DQ381301,,335/RS/05
DQ381300,,335/RS/05
DQ381299,,334/RS/05
DQ381298,,334/RS/05
DQ381297,,333/RS/05
DQ381296,,333/RS/05
DQ381295,,332/RS/05
DQ381294,,332/RS/05
DQ381293,,280/RS/05
DQ381292,,280/RS/05
DQ381291,,247/RS/05
DQ381290,,247/RS/05
DQ381289,,181/RS/05
DQ381288,,181/RS/05
DQ381287,,158/04
DQ381286,,158/04
DQ381285,,100/04
DQ381284,,100/04
DQ381283,,32/01
DQ381282,,32/01
DQ322271,,MG043/BR/2004
DQ322270,,MG040/BR/2004
DQ322269,,MG036/BR/2004
DQ322268,,MG027/BR/2004
DQ322267,,MG026/BR/2004
DQ322266,,MG024/BR/2004
DQ322265,,MG023/BR/2004
DQ322264,,MG018/BR/2004
DQ322263,,MG015/BR/2004
DQ322262,,MG014/BR/2004
DQ322261,,MG010/BR/2004
DQ322260,,MG007/BR/2004
DQ322259,,MG006/BR/2004
DQ322258,,MG005/BR/2004
DQ322257,,MG004/BR/2004
DQ322256,,MG003/BR/2004
DQ322255,,MG001/BR/2004
DQ071656,,MA191/BR/99
DQ071655,,MA177/BR/99
DQ071654,,MA170/BR/99
DQ071653,,MA169/BR/99
DQ071652,,MA167/BR/99
DQ071651,,MA166/BR/99
DQ071650,,MA124/BR/98
DQ071649,,MA027BR/97
DQ071648,,MA021/BR/97
AF292077,,
AF292076,,
AF292075,,
AF292074,,
AF257226,,M358
HAU49220,,MAV5
HAU49219,,RCH4B
HAU49218,,RCH4A
HAU49217,,RCH1B
HAU49216,,RCH1A
HAU49215,,RCH1F
HAU49214,,RCH1E
HAU49213,,RCH1D
HAU49212,,RCH1C
ATV38508,,
ATV38507,,
ATV38506,,
ATV38505,,
ATVPOLY5A,,Oxford
ATVPOLY3A,,Oxford
ATVPOLY2A,,Oxford
HUAIMMREAB,,
HUAIMMREAA,,
HUA3TERMS,,
JA764521,,
JA764520,,
JA764519,,
JA764518,,
JA764517,,
JA764516,,
JA764511,,
JA764509,,
JA764507,,
JA764505,,
JA764495,,
JA764493,,
HV511037,,
HQ330505,,ANV-VF08-60
HQ330504,,ANV-VF08-65
HQ330503,,ANV-VF08-39
HQ330502,,ANV-VF08-52
HQ330501,,ANV-VF08-21
HQ330500,,ANV-VF08-22
HQ330499,,ANV-VF08-53
HQ330498,,ANV-VF08-18/16
HQ330497,,ANV-05V0105
HQ330496,,ANV-06V0062
HQ330495,,ANV-VF06-01/4
HQ330494,,ANV-VF06-01/1
HQ330493,,ANV-VF05-1/8
HQ330492,,ANV-VF08-29b
HQ330491,,ANV-VF08-29a
HQ330490,,ANV-VF08-18/5
HQ330489,,ANV-VF08-18/14
HQ330488,,ANV-VF08-3b
HQ330487,,ANV-VF05-1/5
HQ330486,,ANV-Belgian-ELV1
HQ330485,,ANV-EF91-276-Cl3
HQ330484,,ANV-EF91-276-Cl5
HQ330483,,ANV-VF08-3a
HQ330482,,ANV-VF07-13/7
HQ330481,,ANV-VF04-1/2
HQ330506,,CAstV-11672
EF490429,,Madagascar/DT1004/2004
HI137387,,
HI137386,,
GQ174472,,
GQ174471,,
GQ174470,,
GQ174469,,
GQ174468,,
GQ174467,,
GQ174466,,
GQ174465,,
GQ174464,,
GQ174463,,
GQ174462,,
GQ174461,,
GQ174460,,
GQ174459,,
GQ174458,,
GQ174457,,
GQ174456,,
GQ174455,,
GQ174454,,
GQ174453,,
GQ174452,,
GQ174451,,
GQ174450,,
GQ174449,,
GQ174448,,
GQ174447,,
GQ174446,,
GQ174445,,
GQ174444,,
GQ174443,,
GQ174442,,
GQ174441,,
GQ174440,,
GQ174439,,
HAU15136,,Oxford reference strain
ATVCAPSID,,
FW337977,,
FW337976,,
FW337974,,
FV536969,,
FV536968,,
FV536967,,
FV536966,,
AF117209,,
AY304452,,
AY257977,,p23795
ATVPOLY4A,,Oxford
ATVPOLY1A,,Oxford
HC086778,,686
HC086792,,161317
HC086790,,7279
HC086788,,2388
HC086786,,2383
HC086784,,1736
HC086782,,715
HC086780,,714
HC086776,,637
HC086774,,19
HC086772,,19
HC086770,,19
HC086767,,
AY769615,,
FM213332,,
FM213331,,
FM213330,,
GN350554,,
GN350553,,
GN350552,,
GN350551,,
GN350550,,
GN350549,,
GN350548,,
GN350547,,
GN350546,,
GN350545,,
GN352052,,
GN352051,,
GN352050,,
GN352049,,
GN352048,,
GN352047,,
GN352046,,
GN352045,,
GN352044,,
GN352043,,
GN355918,,
GN355917,,
GN355916,,
GN355915,,
GN355914,,
GN355913,,
GN355912,,
GN355911,,
GN355910,,
GN355909,,
GN354838,,
GN354837,,
GN354836,,
GN354835,,
GN354834,,
GN354833,,
GN354832,,
GN354831,,
GN354830,,
GN354829,,
AB496913,,
DL470173,,
AB211059,,I/SD33/2004
DQ630763,,WH1859
EF138831,,
EF138830,,
EF138829,,
EF138828,,
EF138827,,
EF138826,,
EF138825,,
EF138824,,
EF138823,,
AB009985,,J1050
AB009984,,J153
AB000300,,S7 standard
AB000299,,S6 standard modi
AB000298,,O-1
AB000297,,S5 standard
AB000296,,S4 standard
AB000295,,O-35
AB000294,,O-28
AB000293,,O-14
AB000292,,O-13
AB000291,,S3 standard
AB000290,,NORAS 1128
AB000289,,OxfordAS 8811
AB000288,,S2 standard
AB000287,,JAPAS 115
AB000286,,816/93
AB000285,,P437/91
AB000284,,JAPAS 1526
AB000283,,S1 standard
AB000301,,SX PAKAS 706
AB025812,,O-33/87-25/Ehime1987
AB025811,,O-29/90-276/Ehime1990
AB025810,,O-27/92-676/Ehime1992
AB025809,,O-25/93-197/Ehime1993
AB025808,,O-24/93-439/Ehime1993
AB025807,,O-23/93-482/Ehime1993
AB025806,,O-22/93-525/Ehime1993
AB025805,,O-21/93-583/Ehime1993
AB025804,,O-20/93-601/Ehime1993
AB025803,,O-16/88-561/Ehime1988
AB025802,,O-15/88-532/Ehime1988
AB025801,,O-03/91-283/Ehime1991
AB037274,,"96-198, Beijing, China"
AB037273,,"96-146, Beijing, China"
EF583300,,
Z25771,,
Z16420,,
AB194280,,V1347
AB191789,,V1238
AB126674,,I/V834/2002
AB126673,,I/V814/2002
AB126672,,I/V813/2002
AB126671,,I/V782/2002
AB126670,,I/V770/2002
AB116554,,I/V789/2002
AB033998,,
Z11682,,
AB046864,,
AB105177,,Specimen 92 of 1984
AJ620760,,HUN-1854
AJ620759,,HUN-1830
AJ620758,,HUN-1760
AJ620757,,HUN-1562
AJ620756,,HUN-1284
AJ620755,,HUN-1276
AJ620754,,HUN-1065
AJ620753,,HUN-991
AJ620752,,HUN-867
AJ620751,,HUN-479
Z33883,,Oxford UK
AB005257,,
AX348182,,
Y08634,,sample B55
Y08633,,sample GII33
Y08631,,
Y08630,,sample 2784
Y08629,,sample 1306
Y08628,,sample 6190
Y08627,,sample 7783
Z66541,,
Z46658,,
HUANSSPS,,
