sequence_nm,id,Geo location,Collection date,Country,Host,Host_species,Host_genus,Host_fam,Host_fam_ru,class,aa83_1B,aa90_1B,nt86_1B,nt80_1B
PX237222/NA/pigeon-FSU1/pigeon/2025,PX237222,China,04-Jul-2025,,pigeon,Pigeon,Columba,Columbidae,Columbidae (голубиные),Aves,20.0,1.0,60.0,56.0
PV793827/NA/AstroviridaeCranefe81/Leucogeranus-leucogeranus/2024,PV793827,China,Jan-2024,,Leucogeranus leucogeranus,Leucogeranus leucogeranus,Leucogeranus,Gruidae,Gruidae (журавлиные),Aves,37.0,6.0,4.0,4.0
PV793829/NA/AstroviridaeGoosefe94/Anser-sp-/2024,PV793829,China,Jan-2024,,Anser sp.,Anser sp.,Anser,Anatidae,Anatidae (утиные),Aves,39.0,8.0,5.0,5.0
PV793828/NA/AstroviridaeGoosefe87/Anser-sp-/2024,PV793828,China,Jan-2024,,Anser sp.,Anser sp.,Anser,Anatidae,Anatidae (утиные),Aves,38.0,9.0,6.0,6.0
PV793826/NA/AstroviridaeCranefe67/Leucogeranus-leucogeranus/2024,PV793826,China,Jan-2024,,Leucogeranus leucogeranus,Leucogeranus leucogeranus,Leucogeranus,Gruidae,Gruidae (журавлиные),Aves,49.0,11.0,8.0,43.0
PV780437/NA/JX05/Anser-anser/2025,PV780437,China,28-Apr-2025,,Anser anser,Anser anser,Anser,Anatidae,Anatidae (утиные),Aves,14.0,4.0,2.0,2.0
PV780436/NA/JX04/Anser-anser/2023,PV780436,China,27-Jan-2023,,Anser anser,Anser anser,Anser,Anatidae,Anatidae (утиные),Aves,14.0,4.0,2.0,2.0
PV780435/NA/JX03/Anser-anser/2023,PV780435,China,27-Jan-2023,,Anser anser,Anser anser,Anser,Anatidae,Anatidae (утиные),Aves,14.0,4.0,2.0,2.0
PV780434/NA/JX02/Anser-anser/2023,PV780434,China,27-Jan-2023,,Anser anser,Anser anser,Anser,Anatidae,Anatidae (утиные),Aves,14.0,4.0,2.0,2.0
PP871812/NA/astro-vt-94/Canis-lupus-familiaris/2014,PP871812,Viet Nam,21-Dec-2014/02-Apr-2016,,Canis lupus familiaris,Canis lupus familiaris,Canis,Canidae,Canidae (псовые),Mammalia,35.0,3.0,41.0,40.0
PP871808/NA/astro-vt-90/Gallus-gallus/2015,PP871808,Viet Nam,16-Jun-2015/02-Apr-2016,,Gallus gallus,Gallus gallus,Gallus,Phasianidae,Phasianidae (фазановые),Aves,20.0,39.0,38.0,8.0
PP871804/NA/astro-vt-86/Canis-lupus-familiaris/2014,PP871804,Viet Nam,29-May-2014/16-Mar-2015,,Canis lupus familiaris,Canis lupus familiaris,Canis,Canidae,Canidae (псовые),Mammalia,35.0,3.0,41.0,40.0
PP871798/NA/astro-vt-80/Sus-scrofa-(wild-boar)/2015,PP871798,Viet Nam,09-Apr-2015/14-Apr-2015,,Sus scrofa (wild boar),Sus scrofa (wild boar),Sus,Suidae,Suidae (свиные),Mammalia,20.0,63.0,9.0,8.0
PP871786/NA/astro-vt-68/Gallus-gallus/2014,PP871786,Viet Nam,08-Jul-2014/11-Oct-2016,,Gallus gallus,Gallus gallus,Gallus,Phasianidae,Phasianidae (фазановые),Aves,20.0,63.0,9.0,8.0
PV600843/NA/HNJZ-2023/goose/2023,PV600843,China: Henan,2023,,goose,Goose,Anser,Anatidae,Anatidae (утиные),Aves,14.0,4.0,2.0,2.0
PV524668/NA/JXNC1/goose/2025,PV524668,China: Jiangxi,15-Mar-2025,,goose,Goose,Anser,Anatidae,Anatidae (утиные),Aves,14.0,4.0,2.0,2.0
PV169360/NA/NA/duck/2024,PV169360,China,2024,,duck,Duck,Anas,Anatidae,Anatidae (утиные),Aves,43.0,15.0,36.0,36.0
OR134528/NA/NA/Muscovy-duck/2022,OR134528,China,26-Oct-2022,,Muscovy duck,Muscovy duck,Cairina,Anatidae,Anatidae (утиные),Aves,43.0,15.0,36.0,36.0
OR134527/NA/NA/Muscovy-duck/2022,OR134527,China,22-Oct-2022,,Muscovy duck,Muscovy duck,Cairina,Anatidae,Anatidae (утиные),Aves,43.0,15.0,36.0,36.0
OR134526/NA/NA/Muscovy-duck/2022,OR134526,China,10-Nov-2022,,Muscovy duck,Muscovy duck,Cairina,Anatidae,Anatidae (утиные),Aves,43.0,15.0,36.0,36.0
OR134525/NA/NA/Muscovy-duck/2022,OR134525,China,16-Sep-2022,,Muscovy duck,Muscovy duck,Cairina,Anatidae,Anatidae (утиные),Aves,43.0,15.0,36.0,36.0
OR134524/NA/NA/Muscovy-duck/2022,OR134524,China,27-Nov-2022,,Muscovy duck,Muscovy duck,Cairina,Anatidae,Anatidae (утиные),Aves,43.0,15.0,36.0,36.0
OR134523/NA/NA/Muscovy-duck/2022,OR134523,China,12-Dec-2022,,Muscovy duck,Muscovy duck,Cairina,Anatidae,Anatidae (утиные),Aves,43.0,15.0,36.0,36.0
OR134522/NA/NA/Muscovy-duck/2022,OR134522,China,29-Oct-2022,,Muscovy duck,Muscovy duck,Cairina,Anatidae,Anatidae (утиные),Aves,43.0,15.0,36.0,36.0
OR134521/NA/NA/Muscovy-duck/2022,OR134521,China,22-Oct-2022,,Muscovy duck,Muscovy duck,Cairina,Anatidae,Anatidae (утиные),Aves,43.0,15.0,36.0,36.0
OR134520/NA/NA/Muscovy-duck/2022,OR134520,China,15-Oct-2022,,Muscovy duck,Muscovy duck,Cairina,Anatidae,Anatidae (утиные),Aves,43.0,15.0,36.0,36.0
OR134519/NA/NA/Muscovy-duck/2022,OR134519,China,12-Oct-2022,,Muscovy duck,Muscovy duck,Cairina,Anatidae,Anatidae (утиные),Aves,43.0,15.0,36.0,36.0
OR134518/NA/NA/Muscovy-duck/2022,OR134518,China,15-Aug-2022,,Muscovy duck,Muscovy duck,Cairina,Anatidae,Anatidae (утиные),Aves,43.0,15.0,36.0,36.0
PV093029/NA/NA/Neogale-vison/2023,PV093029,China,01-Jan-2023,,Neogale vison,Neogale vison,Neogale,Mustelidae,Mustelidae (куньи),Mammalia,35.0,2.0,1.0,1.0
PV093028/NA/NA/Neogale-vison/2023,PV093028,China,01-Jan-2023,,Neogale vison,Neogale vison,Neogale,Mustelidae,Mustelidae (куньи),Mammalia,35.0,2.0,1.0,1.0
PV093027/NA/NA/Neogale-vison/2023,PV093027,China,01-Jan-2023,,Neogale vison,Neogale vison,Neogale,Mustelidae,Mustelidae (куньи),Mammalia,35.0,2.0,1.0,1.0
PV093026/NA/NA/Neogale-vison/2023,PV093026,China,01-Jan-2023,,Neogale vison,Neogale vison,Neogale,Mustelidae,Mustelidae (куньи),Mammalia,35.0,2.0,1.0,1.0
PV093025/NA/NA/Neogale-vison/2023,PV093025,China,01-Jan-2023,,Neogale vison,Neogale vison,Neogale,Mustelidae,Mustelidae (куньи),Mammalia,35.0,2.0,1.0,1.0
PV093023/NA/NA/Neogale-vison/2023,PV093023,China,01-Jan-2023,,Neogale vison,Neogale vison,Neogale,Mustelidae,Mustelidae (куньи),Mammalia,20.0,63.0,9.0,8.0
PV093022/NA/NA/Neogale-vison/2023,PV093022,China,01-Jan-2023,,Neogale vison,Neogale vison,Neogale,Mustelidae,Mustelidae (куньи),Mammalia,20.0,63.0,9.0,8.0
PV093021/NA/NA/Neogale-vison/2023,PV093021,China,01-Jan-2023,,Neogale vison,Neogale vison,Neogale,Mustelidae,Mustelidae (куньи),Mammalia,40.0,10.0,7.0,7.0
PV093020/NA/NA/Neogale-vison/2023,PV093020,China,01-Jan-2023,,Neogale vison,Neogale vison,Neogale,Mustelidae,Mustelidae (куньи),Mammalia,40.0,10.0,7.0,7.0
PV093019/NA/NA/Neogale-vison/2023,PV093019,China,01-Jan-2023,,Neogale vison,Neogale vison,Neogale,Mustelidae,Mustelidae (куньи),Mammalia,40.0,10.0,7.0,7.0
PV093018/NA/NA/Neogale-vison/2023,PV093018,China,01-Jan-2023,,Neogale vison,Neogale vison,Neogale,Mustelidae,Mustelidae (куньи),Mammalia,40.0,10.0,7.0,7.0
PQ740944/NA/CH-HBXT-2022/goose/2022,PQ740944,China,2022,,goose,Goose,Anser,Anatidae,Anatidae (утиные),Aves,14.0,4.0,2.0,2.0
PP786658/NA/JY202323/goose/2023,PP786658,China,03-Feb-2023,,goose,Goose,Anser,Anatidae,Anatidae (утиные),Aves,8.0,17.0,15.0,14.0
PQ893528/NA/NSW-2021/Eolophus-roseicapilla/2021,PQ893528,Australia,Jan-2021,,Eolophus roseicapilla,Eolophus roseicapilla,Eolophus,Cacatuidae,Cacatuidae (какаду),Aves,45.0,38.0,37.0,37.0
PQ893527/NA/QLD-2021/Alisterus-scapularis/2021,PQ893527,Australia,Jan-2021,,Alisterus scapularis,Alisterus scapularis,Alisterus,Psittacidae,Psittacidae (попугаевые),Aves,46.0,40.0,39.0,38.0
PQ552759/NA/NA/duck/2024,PQ552759,China,2024,,duck,Duck,Anas,Anatidae,Anatidae (утиные),Aves,14.0,4.0,2.0,2.0
PQ435198/NA/NA/goose/2023,PQ435198,China,2023,,goose,Goose,Anser,Anatidae,Anatidae (утиные),Aves,14.0,4.0,2.0,2.0
PQ220257/NA/ASTV-1/Anser-indicus-(Bar-headed-goose)/2020,PQ220257,"China: Shigatse City, Tibet",2020-12,,Anser indicus (Bar-headed goose),Anser indicus (Bar-headed goose),Anser,Anatidae,Anatidae (утиные),Aves,49.0,45.0,44.0,43.0
PQ308726/NA/GAstV-GDFS-Goose-2024/goose/2024,PQ308726,China,2024,,goose,Goose,Anser,Anatidae,Anatidae (утиные),Aves,14.0,4.0,2.0,2.0
PP382210/NA/J2-2021/Jiangnan-White-Goose/2021,PP382210,China,14-Oct-2021,,Jiangnan White Goose,Jiangnan White Goose,Anser,Anatidae,Anatidae (утиные),Aves,14.0,4.0,2.0,2.0
PP382209/NA/J3-2021/Jiangnan-White-Goose/2021,PP382209,China,14-Oct-2021,,Jiangnan White Goose,Jiangnan White Goose,Anser,Anatidae,Anatidae (утиные),Aves,8.0,17.0,15.0,14.0
PP623814/NA/MP22-196/Mareca-falcata/2022,PP623814,China: Hong Kong,09-Nov-2022,,Mareca falcata,Mareca falcata,Mareca,Anatidae,Anatidae (утиные),Aves,4.0,53.0,53.0,51.0
OR827024/NA/GAstV-JSXZ/goose/2022,OR827024,China,06-Sep-2022,,goose,Goose,Anser,Anatidae,Anatidae (утиные),Aves,8.0,17.0,15.0,14.0
PP478076/NA/PL-pigeon-24-2023/carrier-pigeon/2023,PP478076,Poland,Apr-2023,,carrier pigeon,Pigeon,Columba,Columbidae,Columbidae (голубиные),Aves,20.0,1.0,60.0,56.0
PP478075/NA/PL-pigeon-4a-2023/carrier-pigeon/2023,PP478075,Poland,May-2023,,carrier pigeon,Pigeon,Columba,Columbidae,Columbidae (голубиные),Aves,20.0,1.0,60.0,56.0
MW588064/NA/NA/NA/NA,MW588064,United Kingdom,,,Cygnus olor,Cygnus olor,Cygnus,Anatidae,Anatidae (утиные),,52.0,48.0,47.0,46.0
MW588063/NA/NA/NA/NA,MW588063,United Kingdom,,,Cygnus olor,Cygnus olor,Cygnus,Anatidae,Anatidae (утиные),,2.0,51.0,51.0,49.0
MW588062/NA/NA/NA/NA,MW588062,United Kingdom,,,Cygnus olor,Cygnus olor,Cygnus,Anatidae,Anatidae (утиные),,2.0,51.0,51.0,49.0
PP966939/NA/GZ2301/goose/2023,PP966939,China,2023,,goose,Goose,Anser,Anatidae,Anatidae (утиные),Aves,14.0,4.0,2.0,2.0
PP711188/NA/Hplan-A-304122/Heteronotia-planiceps/2017,PP711188,Australia: Kimberley region Western Australia,2017,,Heteronotia planiceps,Heteronotia planiceps,Heteronotia,Gekkonidae,Gekkonidae (гекконовые),Lepidosauria,15.0,64.0,65.0,61.0
PP763758/NA/AAstV-Goose-CHN-2023-C102/goose/2023,PP763758,China: Sichuan province,Jun-2023,,goose,Goose,Anser,Anatidae,Anatidae (утиные),Aves,8.0,17.0,15.0,14.0
PP444710/NA/GAstV-GDCS-Goose-2023/goose/2023,PP444710,China,2023,,goose,Goose,Anser,Anatidae,Anatidae (утиные),Aves,14.0,4.0,2.0,2.0
PP444709/NA/GAstV-GXNN-Goose-2023/goose/2023,PP444709,China,2023,,goose,Goose,Anser,Anatidae,Anatidae (утиные),Aves,14.0,4.0,2.0,2.0
PP352010/NA/Hunan-CHN-2022/Pelophylax-nigromaculatus/2022,PP352010,China: Hunan,2022,,Pelophylax nigromaculatus,Pelophylax nigromaculatus,Pelophylax,Ranidae,Ranidae (лягушковые),Amphibia,21.0,24.0,22.0,22.0
PP108251/NA/NA/goose/2023,PP108251,China: Sichuan province,15-Aug-2023,,goose,Goose,Anser,Anatidae,Anatidae (утиные),Aves,8.0,17.0,15.0,14.0
OR965521/NA/AAstV-Goose-CHN-2023-MG-23/goose/2023,OR965521,China,Jul-2023,,goose,Goose,Anser,Anatidae,Anatidae (утиные),Aves,14.0,4.0,2.0,2.0
OR958817/NA/AAstV-Goose-CHN-2023-HR2306-1/goose/2023,OR958817,China,Jun-2023,,goose,Goose,Anser,Anatidae,Anatidae (утиные),Aves,14.0,4.0,2.0,2.0
OR906208/NA/HNxy2111/goose/2021,OR906208,China,2021,,goose,Goose,Anser,Anatidae,Anatidae (утиные),Aves,14.0,4.0,2.0,2.0
OR906207/NA/HNxy2106/goose/2021,OR906207,China,2021,,goose,Goose,Anser,Anatidae,Anatidae (утиные),Aves,14.0,4.0,2.0,2.0
OR924093/NA/NA/Goose/2021,OR924093,China,10-May-2021,,Goose,Goose,Anser,Anatidae,Anatidae (утиные),Aves,8.0,17.0,15.0,14.0
OR924092/NA/NA/Duck/2021,OR924092,China,02-Nov-2021,,Duck,Duck,Anas,Anatidae,Anatidae (утиные),Aves,38.0,7.0,17.0,16.0
OR924091/NA/NA/Goose/2021,OR924091,China,24-Mar-2021,,Goose,Goose,Anser,Anatidae,Anatidae (утиные),Aves,38.0,7.0,17.0,16.0
OR924090/NA/NA/Goose/2021,OR924090,China,09-Nov-2021,,Goose,Goose,Anser,Anatidae,Anatidae (утиные),Aves,38.0,7.0,17.0,16.0
OR924089/NA/NA/Duck/2021,OR924089,China,23-Mar-2021,,Duck,Duck,Anas,Anatidae,Anatidae (утиные),Aves,41.0,12.0,11.0,10.0
OR924088/NA/NA/Duck/2021,OR924088,China,23-Mar-2021,,Duck,Duck,Anas,Anatidae,Anatidae (утиные),Aves,41.0,12.0,11.0,10.0
OR924087/NA/NA/Duck/2021,OR924087,China,23-Mar-2021,,Duck,Duck,Anas,Anatidae,Anatidae (утиные),Aves,41.0,12.0,11.0,10.0
OR924086/NA/NA/Duck/2021,OR924086,China,23-Mar-2021,,Duck,Duck,Anas,Anatidae,Anatidae (утиные),Aves,41.0,12.0,11.0,10.0
OR907134/NA/NA/Goose/2022,OR907134,China,26-Oct-2022,,Goose,Goose,Anser,Anatidae,Anatidae (утиные),Aves,8.0,17.0,15.0,14.0
OR907133/NA/NA/Goose/2023,OR907133,China,21-Mar-2023,,Goose,Goose,Anser,Anatidae,Anatidae (утиные),Aves,8.0,17.0,15.0,14.0
OR907132/NA/NA/Goose/2023,OR907132,China,07-Mar-2023,,Goose,Goose,Anser,Anatidae,Anatidae (утиные),Aves,8.0,17.0,15.0,14.0
OR907131/NA/NA/Goose/2023,OR907131,China,21-Mar-2023,,Goose,Goose,Anser,Anatidae,Anatidae (утиные),Aves,8.0,17.0,15.0,14.0
OR907130/NA/NA/Duck/2022,OR907130,China,22-May-2022,,Duck,Duck,Anas,Anatidae,Anatidae (утиные),Aves,41.0,12.0,11.0,10.0
OR907129/NA/NA/Duck/2023,OR907129,China,01-Apr-2023,,Duck,Duck,Anas,Anatidae,Anatidae (утиные),Aves,41.0,12.0,11.0,10.0
OR907128/NA/NA/Duck/2023,OR907128,China,04-Apr-2023,,Duck,Duck,Anas,Anatidae,Anatidae (утиные),Aves,41.0,12.0,11.0,10.0
OR907127/NA/NA/Goose/2023,OR907127,China,21-Mar-2023,,Goose,Goose,Anser,Anatidae,Anatidae (утиные),Aves,41.0,12.0,11.0,10.0
OR907126/NA/NA/Duck/2023,OR907126,China,29-Mar-2023,,Duck,Duck,Anas,Anatidae,Anatidae (утиные),Aves,41.0,12.0,11.0,10.0
OR907125/NA/NA/Duck/2023,OR907125,China,10-May-2023,,Duck,Duck,Anas,Anatidae,Anatidae (утиные),Aves,41.0,12.0,11.0,10.0
OR902765/NA/NA/goose/2023,OR902765,China,19-Jun-2023,,goose,Goose,Anser,Anatidae,Anatidae (утиные),Aves,14.0,4.0,2.0,2.0
OR902764/NA/NA/goose/2023,OR902764,China,21-Jun-2023,,goose,Goose,Anser,Anatidae,Anatidae (утиные),Aves,14.0,4.0,2.0,2.0
OR902763/NA/NA/goose/2023,OR902763,China,25-Jun-2023,,goose,Goose,Anser,Anatidae,Anatidae (утиные),Aves,14.0,4.0,2.0,2.0
OR902762/NA/NA/goose/2023,OR902762,China,10-Jul-2023,,goose,Goose,Anser,Anatidae,Anatidae (утиные),Aves,14.0,4.0,2.0,2.0
OR902761/NA/NA/goose/2023,OR902761,China,21-Oct-2023,,goose,Goose,Anser,Anatidae,Anatidae (утиные),Aves,14.0,4.0,2.0,2.0
OR902760/NA/NA/goose/2023,OR902760,China,20-Mar-2023,,goose,Goose,Anser,Anatidae,Anatidae (утиные),Aves,38.0,7.0,17.0,16.0
OR902759/NA/NA/goose/2023,OR902759,China,20-May-2023,,goose,Goose,Anser,Anatidae,Anatidae (утиные),Aves,38.0,7.0,17.0,16.0
OQ986679/NA/GEIG/NA/2021,OQ986679,New Zealand: Pukenui/Anchor Island,Feb-2021/Mar-2021,,Gerygone igata,Gerygone igata,Gerygone,Acanthizidae,Acanthizidae (шипоклювковые),,19.0,22.0,20.0,20.0
OQ986609/NA/RHFU/NA/2021/reverse,OQ986609,New Zealand: Pukenui/Anchor Island,Feb-2021/Mar-2021,,Rhipidura fuliginosa,Rhipidura fuliginosa,Rhipidura,Rhipiduridae,Rhipiduridae (веерохвостковые),,22.0,25.0,23.0,23.0
OQ986608/NA/RHFU/NA/2021,OQ986608,New Zealand: Pukenui/Anchor Island,Feb-2021/Mar-2021,,Rhipidura fuliginosa,Rhipidura fuliginosa,Rhipidura,Rhipiduridae,Rhipiduridae (веерохвостковые),,24.0,27.0,25.0,25.0
OQ986607/NA/GEIG/NA/2021,OQ986607,New Zealand: Pukenui/Anchor Island,Feb-2021/Mar-2021,,Gerygone igata,Gerygone igata,Gerygone,Acanthizidae,Acanthizidae (шипоклювковые),,28.0,31.0,29.0,29.0
OQ986677/NA/GEIG/NA/2021,OQ986677,New Zealand: Pukenui/Anchor Island,Feb-2021/Mar-2021,,Gerygone igata,Gerygone igata,Gerygone,Acanthizidae,Acanthizidae (шипоклювковые),,30.0,33.0,31.0,31.0
OQ986606/NA/GEIG/NA/2021,OQ986606,New Zealand: Pukenui/Anchor Island,Feb-2021/Mar-2021,,Gerygone igata,Gerygone igata,Gerygone,Acanthizidae,Acanthizidae (шипоклювковые),,33.0,36.0,34.0,34.0
OP946449/NA/GAstV-SDHZ/laying-hens/2022,OP946449,China,2022,,laying hens,Laying hens,Gallus,Phasianidae,Phasianidae (фазановые),Aves,14.0,4.0,2.0,2.0
OR571426/NA/SDAU2022-3/chicken/2023,OR571426,China,2023,,chicken,Gallus gallus,Gallus,Phasianidae,Phasianidae (фазановые),Aves,35.0,3.0,41.0,40.0
OR286522/NA/SDAU2022-1/chicken/2022,OR286522,China,2022,,chicken,Gallus gallus,Gallus,Phasianidae,Phasianidae (фазановые),Aves,35.0,3.0,41.0,40.0
OR286521/NA/SDAU2022-2/chicken/2022,OR286521,China,2022,,chicken,Gallus gallus,Gallus,Phasianidae,Phasianidae (фазановые),Aves,35.0,3.0,41.0,40.0
OR545548/NA/AAstV-Chicken-CHN-2022-SQ2201/chicken/2022,OR545548,China,2022,,chicken,Gallus gallus,Gallus,Phasianidae,Phasianidae (фазановые),Aves,35.0,2.0,1.0,1.0
OR351273/NA/JS202103/Gallus-gallus/2021,OR351273,China,2021,,Gallus gallus,Gallus gallus,Gallus,Phasianidae,Phasianidae (фазановые),Aves,35.0,3.0,41.0,40.0
OR211592/NA/GAstV-HBLY/goose/2023,OR211592,China,2023,,goose,Goose,Anser,Anatidae,Anatidae (утиные),Aves,8.0,17.0,15.0,14.0
MW826483/NA/YSN01/bird/2019,MW826483,China,Jul-2019,,Montifringilla taczanowskii,Montifringilla taczanowskii,Montifringilla,Passeridae,Passeridae (воробьиные),Aves,42.0,14.0,12.0,11.0
MW826482/NA/YSN02/bird/2019,MW826482,China,Jul-2019,,Montifringilla taczanowskii,Montifringilla taczanowskii,Montifringilla,Passeridae,Passeridae (воробьиные),Aves,44.0,16.0,13.0,12.0
OQ787033/NA/JL01-0801-19/goose/2019,OQ787033,China: Ji Lin Province,2019-08-01,,goose,Goose,Anser,Anatidae,Anatidae (утиные),Aves,14.0,4.0,2.0,2.0
ON400505/NA/GAstV-GD2104/goose/2021,ON400505,China,01-Dec-2021,,goose,Goose,Anser,Anatidae,Anatidae (утиные),Aves,14.0,4.0,2.0,2.0
OQ909424/NA/Sichuan/goose/2021,OQ909424,China,09-May-2021,,goose,Goose,Anser,Anatidae,Anatidae (утиные),Aves,14.0,4.0,2.0,2.0
ON382522/NA/GAstV-GD2105/goose/2022,ON382522,China,15-Jan-2022,,goose,Goose,Anser,Anatidae,Anatidae (утиные),Aves,14.0,4.0,2.0,2.0
ON382521/NA/GAstV-GD2103/goose/2021,ON382521,China,16-Nov-2021,,goose,Goose,Anser,Anatidae,Anatidae (утиные),Aves,14.0,4.0,2.0,2.0
ON382520/NA/GAstV-GD2102/goose/2021,ON382520,China,16-Nov-2021,,goose,Goose,Anser,Anatidae,Anatidae (утиные),Aves,14.0,4.0,2.0,2.0
ON382519/NA/GAstV-GD2101/goose/2021,ON382519,China,26-Oct-2021,,goose,Goose,Anser,Anatidae,Anatidae (утиные),Aves,14.0,4.0,2.0,2.0
OQ685946/NA/CAstV-ck-TZ-Iringa-2151-IM162-2019/Gallus-gallus/2019,OQ685946,Tanzania: Iringa (Miomboni),11-Apr-2019,,Gallus gallus,Gallus gallus,Gallus,Phasianidae,Phasianidae (фазановые),Aves,35.0,3.0,41.0,40.0
OQ685945/NA/ANV-ck-TZ-Iringa-2151-IM162-2019/Gallus-gallus/2019,OQ685945,Tanzania: Iringa (Miomboni),11-Apr-2019,,Gallus gallus,Gallus gallus,Gallus,Phasianidae,Phasianidae (фазановые),Aves,20.0,63.0,9.0,8.0
OP776630/NA/NA/goose/2021,OP776630,China,2021,,goose,Goose,Anser,Anatidae,Anatidae (утиные),Aves,8.0,17.0,15.0,14.0
OP776629/NA/NA/goose/2021,OP776629,China,2021,,goose,Goose,Anser,Anatidae,Anatidae (утиные),Aves,14.0,4.0,2.0,2.0
OP272633/NA/AH33-3/goose/2021,OP272633,China,2021,,goose,Goose,Anser,Anatidae,Anatidae (утиные),Aves,8.0,17.0,15.0,14.0
OP169001/NA/AAstV-Chicken-CHN-2021-HA2101/chicken/2021,OP169001,China,2021,,chicken,Gallus gallus,Gallus,Phasianidae,Phasianidae (фазановые),Aves,35.0,2.0,1.0,1.0
OP179660/NA/NA/goose/2022,OP179660,China,25-Jun-2022,,goose,Goose,Anser,Anatidae,Anatidae (утиные),Aves,14.0,4.0,2.0,2.0
OP621341/NA/NA/goose/2019,OP621341,China: Shandong province,2019-10-09,,goose,Goose,Anser,Anatidae,Anatidae (утиные),Aves,14.0,4.0,2.0,2.0
OP621340/NA/NA/goose/2019,OP621340,China: Jiangxi province,2019-12-02,,goose,Goose,Anser,Anatidae,Anatidae (утиные),Aves,14.0,4.0,2.0,2.0
OP621339/NA/NA/goose/2019,OP621339,China: Jiangxi province,2019-12-02,,goose,Goose,Anser,Anatidae,Anatidae (утиные),Aves,14.0,4.0,2.0,2.0
OP621338/NA/NA/goose/2018,OP621338,China: Jiangxi province,2018-03-29,,goose,Goose,Anser,Anatidae,Anatidae (утиные),Aves,14.0,4.0,2.0,2.0
OP621337/NA/NA/goose/2018,OP621337,China: Jiangsu province,2018-02-06,,goose,Goose,Anser,Anatidae,Anatidae (утиные),Aves,14.0,4.0,2.0,2.0
OP621336/NA/NA/goose/2018,OP621336,China: Hebei province,2018-04-22,,goose,Goose,Anser,Anatidae,Anatidae (утиные),Aves,14.0,4.0,2.0,2.0
OP621335/NA/NA/goose/2021,OP621335,China: Anhui province,2021-05-08,,goose,Goose,Anser,Anatidae,Anatidae (утиные),Aves,14.0,4.0,2.0,2.0
OP621334/NA/NA/goose/2019,OP621334,China: Anhui province,2019-11-15,,goose,Goose,Anser,Anatidae,Anatidae (утиные),Aves,14.0,4.0,2.0,2.0
OP621333/NA/NA/goose-embryo/2019,OP621333,China: Jiangxi province,2019-12-16,,goose embryo,Goose,Anser,Anatidae,Anatidae (утиные),Aves,14.0,4.0,2.0,2.0
OP621332/NA/NA/goose/2020,OP621332,China: Shandong province,2020-11-18,,goose,Goose,Anser,Anatidae,Anatidae (утиные),Aves,14.0,4.0,2.0,2.0
OP621331/NA/NA/goose/2019,OP621331,China: Shandong province,2019-05-03,,goose,Goose,Anser,Anatidae,Anatidae (утиные),Aves,14.0,4.0,2.0,2.0
OP621330/NA/NA/goose/2021,OP621330,China: Jiangxi province,2021-03-16,,goose,Goose,Anser,Anatidae,Anatidae (утиные),Aves,14.0,4.0,2.0,2.0
OP484924/NA/NA/goose/2018,OP484924,China: Hebei province,2018-04-11,,goose,Goose,Anser,Anatidae,Anatidae (утиные),Aves,14.0,4.0,2.0,2.0
OP484923/NA/NA/goose/2018,OP484923,China: Guangdong province,2018-03-09,,goose,Goose,Anser,Anatidae,Anatidae (утиные),Aves,14.0,4.0,2.0,2.0
ON954324/NA/NA/goose/2021,ON954324,China,2021,,goose,Goose,Anser,Anatidae,Anatidae (утиные),Aves,14.0,4.0,2.0,2.0
OM469237/NA/ANV-PB55-SI14-Switzerland-2019/Gallus-gallus-domesticus-(broiler)/2019,OM469237,Switzerland,2019,,Gallus gallus domesticus (broiler),Gallus gallus,Gallus,Phasianidae,Phasianidae (фазановые),Aves,20.0,63.0,9.0,8.0
OM469236/NA/ANV-PB5-HI5-Switzerland-2019/Gallus-gallus-domesticus-(broiler)/2019,OM469236,Switzerland,2019,,Gallus gallus domesticus (broiler),Gallus gallus,Gallus,Phasianidae,Phasianidae (фазановые),Aves,20.0,63.0,9.0,8.0
OM469235/NA/ANV-PB15-HI11-Switzerland-2019/Gallus-gallus-domesticus-(broiler)/2019,OM469235,Switzerland,2019,,Gallus gallus domesticus (broiler),Gallus gallus,Gallus,Phasianidae,Phasianidae (фазановые),Aves,20.0,63.0,9.0,8.0
OM469234/NA/ANV-PB1-HI5-Switzerland-2019/Gallus-gallus-domesticus-(broiler)/2019,OM469234,Switzerland,2019,,Gallus gallus domesticus (broiler),Gallus gallus,Gallus,Phasianidae,Phasianidae (фазановые),Aves,20.0,63.0,9.0,8.0
OM469233/NA/ANV-PB11-HI6-Switzerland-2019/Gallus-gallus-domesticus-(broiler)/2019,OM469233,Switzerland,2019,,Gallus gallus domesticus (broiler),Gallus gallus,Gallus,Phasianidae,Phasianidae (фазановые),Aves,20.0,63.0,9.0,8.0
OM469232/NA/ANV-PB7-HI6-Switzerland-2019/Gallus-gallus-domesticus-(broiler)/2019,OM469232,Switzerland,2019,,Gallus gallus domesticus (broiler),Gallus gallus,Gallus,Phasianidae,Phasianidae (фазановые),Aves,20.0,63.0,9.0,8.0
OM469231/NA/ANV-PB21-SI5-Switzerland-2019/Gallus-gallus-domesticus-(broiler)/2019,OM469231,Switzerland,2019,,Gallus gallus domesticus (broiler),Gallus gallus,Gallus,Phasianidae,Phasianidae (фазановые),Aves,20.0,63.0,9.0,8.0
OM469230/NA/ANV-PB31-SI19-Switzerland-2019/Gallus-gallus-domesticus-(broiler)/2019,OM469230,Switzerland,2019,,Gallus gallus domesticus (broiler),Gallus gallus,Gallus,Phasianidae,Phasianidae (фазановые),Aves,20.0,63.0,9.0,8.0
OM469229/NA/ANV-PB23-SI7-Switzerland-2019/Gallus-gallus-domesticus-(broiler)/2019,OM469229,Switzerland,2019,,Gallus gallus domesticus (broiler),Gallus gallus,Gallus,Phasianidae,Phasianidae (фазановые),Aves,20.0,63.0,9.0,8.0
ON205965/NA/AAstv-CHN-Goose-2018/goose/2018,ON205965,China,May-2018,,goose,Goose,Anser,Anatidae,Anatidae (утиные),Aves,14.0,4.0,2.0,2.0
OM811458/NA/Astv-Goose-Heilongjiang-ZYL01-2018/goose/2018,OM811458,China,31-Dec-2018,,goose,Goose,Anser,Anatidae,Anatidae (утиные),Aves,14.0,4.0,2.0,2.0
ON156528/NA/NA/goose/2022,ON156528,China,10-Jan-2022,,goose,Goose,Anser,Anatidae,Anatidae (утиные),Aves,14.0,4.0,2.0,2.0
ON964512/NA/NA/Gallus-gallus/2020,ON964512,China:Hunan,Dec-2020,,Gallus gallus,Gallus gallus,Gallus,Phasianidae,Phasianidae (фазановые),Aves,20.0,63.0,9.0,8.0
ON745304/NA/ZJCX/landaise/2021,ON745304,China,15-Jun-2021,,landaise,Landaise,Anser,Anatidae,Anatidae (утиные),Aves,14.0,4.0,2.0,2.0
OM937013/NA/NA/goose/2017,OM937013,China: Shandong,2017-05,,goose,Goose,Anser,Anatidae,Anatidae (утиные),Aves,14.0,4.0,2.0,2.0
OL762473/NA/JXGZ/goose/2020,OL762473,China,Mar-2020,,goose,Goose,Anser,Anatidae,Anatidae (утиные),Aves,14.0,4.0,2.0,2.0
OM066895/NA/AAstV-Goose-CHN-2021-ZY02/goose/2021,OM066895,China,Apr-2021,,goose,Goose,Anser,Anatidae,Anatidae (утиные),Aves,14.0,4.0,2.0,2.0
OM066894/NA/AAstV-Goose-CHN-2021-HR2110-1/goose/2021,OM066894,China,Oct-2021,,goose,Goose,Anser,Anatidae,Anatidae (утиные),Aves,14.0,4.0,2.0,2.0
OM066893/NA/AAstV-Goose-CHN-2021-HR2105-2/goose/2021,OM066893,China,May-2021,,goose,Goose,Anser,Anatidae,Anatidae (утиные),Aves,14.0,4.0,2.0,2.0
OM066892/NA/AAstV-Goose-CHN-2021-HR2105-1/goose/2021,OM066892,China,May-2021,,goose,Goose,Anser,Anatidae,Anatidae (утиные),Aves,14.0,4.0,2.0,2.0
OL853843/NA/HLJ/goose/2019,OL853843,China,2019,,goose,Goose,Anser,Anatidae,Anatidae (утиные),Aves,14.0,4.0,2.0,2.0
OM100603/NA/AstV-JS04-Goose-0919-20/goose/2020,OM100603,China,19-Sep-2020,,goose,Goose,Anser,Anatidae,Anatidae (утиные),Aves,14.0,4.0,2.0,2.0
OM100602/NA/AstV-JS03-Goose-0702-20/goose/2020,OM100602,China,02-Jul-2020,,goose,Goose,Anser,Anatidae,Anatidae (утиные),Aves,14.0,4.0,2.0,2.0
OM100601/NA/AstV-JS02-Goose-0518-20/goose/2020,OM100601,China,18-May-2020,,goose,Goose,Anser,Anatidae,Anatidae (утиные),Aves,14.0,4.0,2.0,2.0
OM100600/NA/AstV-JS01-Goose-0518-20/goose/2020,OM100600,China,18-May-2020,,goose,Goose,Anser,Anatidae,Anatidae (утиные),Aves,14.0,4.0,2.0,2.0
OM100599/NA/AstV-HN05-Goose-0514-20/goose/2020,OM100599,China,14-May-2020,,goose,Goose,Anser,Anatidae,Anatidae (утиные),Aves,14.0,4.0,2.0,2.0
OM100598/NA/AstV-HN04-Goose-0514-20/goose/2020,OM100598,China,14-May-2020,,goose,Goose,Anser,Anatidae,Anatidae (утиные),Aves,14.0,4.0,2.0,2.0
OM100597/NA/AstV-HB06-Goose-1226-19/goose/2019,OM100597,China,26-Dec-2019,,goose,Goose,Anser,Anatidae,Anatidae (утиные),Aves,14.0,4.0,2.0,2.0
OM100596/NA/AstV-HB05-Goose-0812-19/goose/2019,OM100596,China,12-Aug-2019,,goose,Goose,Anser,Anatidae,Anatidae (утиные),Aves,14.0,4.0,2.0,2.0
OM100595/NA/AstV-HB04-Goose-0811-19/goose/2019,OM100595,China,12-Aug-2019,,goose,Goose,Anser,Anatidae,Anatidae (утиные),Aves,14.0,4.0,2.0,2.0
OM100594/NA/AstV-HB03-Goose-0810-19/goose/2019,OM100594,China,11-Aug-2019,,goose,Goose,Anser,Anatidae,Anatidae (утиные),Aves,14.0,4.0,2.0,2.0
OM100593/NA/AstV-AN06-Goose-0714-19/goose/2019,OM100593,China,14-Jul-2019,,goose,Goose,Anser,Anatidae,Anatidae (утиные),Aves,14.0,4.0,2.0,2.0
OM100592/NA/AstV-AH05-Goose-0711-19/goose/2019,OM100592,China,11-Jul-2019,,goose,Goose,Anser,Anatidae,Anatidae (утиные),Aves,14.0,4.0,2.0,2.0
OM100591/NA/AstV-AH04-Goose-0614-19/goose/2019,OM100591,China,14-Jun-2019,,goose,Goose,Anser,Anatidae,Anatidae (утиные),Aves,14.0,4.0,2.0,2.0
OM100590/NA/AstV-AH03-Goose-0422-19/goose/2019,OM100590,China,22-Apr-2019,,goose,Goose,Anser,Anatidae,Anatidae (утиные),Aves,14.0,4.0,2.0,2.0
OM455389/NA/HeB-BD4-2019/goose/2019,OM455389,China: Hebei,16-Sep-2019,,goose,Goose,Anser,Anatidae,Anatidae (утиные),Aves,14.0,4.0,2.0,2.0
OM455388/NA/HeB-BD1-2021/goose/2021,OM455388,China: Hebei,24-Jan-2021,,goose,Goose,Anser,Anatidae,Anatidae (утиные),Aves,14.0,4.0,2.0,2.0
OM264914/NA/NA/goslings/2019,OM264914,China: Hebei,04-Jan-2019,,goslings,Gosling,Anser,Anatidae,Anatidae (утиные),Aves,8.0,17.0,15.0,14.0
OM264913/NA/NA/goslings/2019,OM264913,China: Hebei,06-Jul-2019,,goslings,Gosling,Anser,Anatidae,Anatidae (утиные),Aves,8.0,17.0,15.0,14.0
OM264912/NA/NA/goslings/2019,OM264912,China: Hebei,15-Jul-2019,,goslings,Gosling,Anser,Anatidae,Anatidae (утиные),Aves,8.0,17.0,15.0,14.0
OM264911/NA/NA/goslings/2019,OM264911,China: Hebei,19-Jul-2019,,goslings,Gosling,Anser,Anatidae,Anatidae (утиные),Aves,8.0,17.0,15.0,14.0
OM200916/NA/NA/goslings/2019,OM200916,China: Hebei,20-Jul-2019,,goslings,Gosling,Anser,Anatidae,Anatidae (утиные),Aves,8.0,17.0,15.0,14.0
OL982615/NA/JSZ29/goose/2020,OL982615,China,11-Oct-2020,,goose,Goose,Anser,Anatidae,Anatidae (утиные),Aves,14.0,4.0,2.0,2.0
OL982614/NA/JSCZ15/goose/2015,OL982614,China,11-Nov-2015,,goose,Goose,Anser,Anatidae,Anatidae (утиные),Aves,14.0,4.0,2.0,2.0
OL982613/NA/XSSH/goose/2020,OL982613,China,10-Jun-2020,,goose,Goose,Anser,Anatidae,Anatidae (утиные),Aves,14.0,4.0,2.0,2.0
OL963558/NA/JSW10/goose/2020,OL963558,China,24-Sep-2020,,goose,Goose,Anser,Anatidae,Anatidae (утиные),Aves,14.0,4.0,2.0,2.0
OL963557/NA/JSW1/goose/2020,OL963557,China,03-Sep-2020,,goose,Goose,Anser,Anatidae,Anatidae (утиные),Aves,14.0,4.0,2.0,2.0
OL963556/NA/JSSQ/goose/2020,OL963556,China,11-Jul-2020,,goose,Goose,Anser,Anatidae,Anatidae (утиные),Aves,14.0,4.0,2.0,2.0
OL963555/NA/JSCZ/goose/2020,OL963555,China,15-Jun-2020,,goose,Goose,Anser,Anatidae,Anatidae (утиные),Aves,14.0,4.0,2.0,2.0
OP020131/NA/NA/50-day-old-Landes-geese/2022,OP020131,China: Shandong province,2022-01-16,,50-day-old Landes geese,Lande geese,Anser,Anatidae,Anatidae (утиные),Aves,14.0,4.0,2.0,2.0
OL536330/NA/HeB-BD1-2020/goose/2020,OL536330,China: Hebei,21-Oct-2020,,goose,Goose,Anser,Anatidae,Anatidae (утиные),Aves,14.0,4.0,2.0,2.0
MW385412/NA/NA/Crow/2017,MW385412,China,28-Dec-2017,,Crow,Crow,Corvus,Corvidae,Corvidae (врановые),Aves,17.0,19.0,18.0,17.0
MW786757/NA/SCCD/goose/2018,MW786757,China,Sep-2018,,goose,Goose,Anser,Anatidae,Anatidae (утиные),Aves,8.0,17.0,15.0,14.0
MW505493/NA/NA/goose/2019,MW505493,"China: Liaoning Province, Anshan",21-Aug-2019,,goose,Goose,Anser,Anatidae,Anatidae (утиные),Aves,14.0,4.0,2.0,2.0
MW505492/NA/NA/goose/2019,MW505492,"China: Jiangsu Province, Xuzhou",20-Jun-2019,,goose,Goose,Anser,Anatidae,Anatidae (утиные),Aves,14.0,4.0,2.0,2.0
MW505491/NA/NA/goose/2019,MW505491,"China: Heilongjiang Province, Yichun",06-Jun-2019,,goose,Goose,Anser,Anatidae,Anatidae (утиные),Aves,14.0,4.0,2.0,2.0
MW505490/NA/NA/goose/2019,MW505490,"China: Heilongjiang Province, Jixi",21-Jun-2019,,goose,Goose,Anser,Anatidae,Anatidae (утиные),Aves,14.0,4.0,2.0,2.0
MW505489/NA/NA/goose/2019,MW505489,"China: Heilongjiang Province, Shuangyashan",21-Jun-2019,,goose,Goose,Anser,Anatidae,Anatidae (утиные),Aves,14.0,4.0,2.0,2.0
MW505488/NA/NA/goose/2019,MW505488,"China: Heilongjiang Province, Jiamusi",16-Jul-2019,,goose,Goose,Anser,Anatidae,Anatidae (утиные),Aves,14.0,4.0,2.0,2.0
MW505487/NA/NA/goose/2019,MW505487,"China: Heilongjiang Province, Harbin",11-Jun-2019,,goose,Goose,Anser,Anatidae,Anatidae (утиные),Aves,14.0,4.0,2.0,2.0
MW505486/NA/NA/goose/2019,MW505486,"China: Shandong Province, Weifang",05-Jul-2019,,goose,Goose,Anser,Anatidae,Anatidae (утиные),Aves,14.0,4.0,2.0,2.0
MW505485/NA/NA/goose/2019,MW505485,"China: Jilin Province, Shulan",05-Aug-2019,,goose,Goose,Anser,Anatidae,Anatidae (утиные),Aves,14.0,4.0,2.0,2.0
MZ648231/NA/AAstV-Goose-CHN-2021-ZM/goose/2021,MZ648231,China,2021,,goose,Goose,Anser,Anatidae,Anatidae (утиные),Aves,14.0,4.0,2.0,2.0
MZ819185/NA/ZJC14/goose/2020,MZ819185,China,Jun-2020,,goose,Goose,Anser,Anatidae,Anatidae (утиные),Aves,8.0,17.0,15.0,14.0
MZ819184/NA/ZJLD/goose/2020,MZ819184,China,Jun-2020,,goose,Goose,Anser,Anatidae,Anatidae (утиные),Aves,14.0,4.0,2.0,2.0
MZ819183/NA/JRMS/goose/2020,MZ819183,China,Jun-2020,,goose,Goose,Anser,Anatidae,Anatidae (утиные),Aves,14.0,4.0,2.0,2.0
MW536497/NA/YC20/goose/2020,MW536497,China,10-Aug-2020,,goose,Goose,Anser,Anatidae,Anatidae (утиные),Aves,14.0,4.0,2.0,2.0
OK148600/NA/NA/goose/2020,OK148600,China,02-Oct-2020,,goose,Goose,Anser,Anatidae,Anatidae (утиные),Aves,14.0,4.0,2.0,2.0
OM273310/NA/NA/goose/2021,OM273310,China: Shandong province,21-Aug-2021,,goose,Goose,Anser,Anatidae,Anatidae (утиные),Aves,14.0,4.0,2.0,2.0
OM273309/NA/NA/goose/2021,OM273309,China: Shandong province,16-Jul-2021,,goose,Goose,Anser,Anatidae,Anatidae (утиные),Aves,14.0,4.0,2.0,2.0
OM273308/NA/NA/goose/2021,OM273308,China: Shandong province,30-Jun-2021,,goose,Goose,Anser,Anatidae,Anatidae (утиные),Aves,14.0,4.0,2.0,2.0
OM273307/NA/NA/goose/2021,OM273307,China: Shandong province,07-May-2021,,goose,Goose,Anser,Anatidae,Anatidae (утиные),Aves,14.0,4.0,2.0,2.0
OM273306/NA/NA/goose/2021,OM273306,China: Shandong province,26-Apr-2021,,goose,Goose,Anser,Anatidae,Anatidae (утиные),Aves,14.0,4.0,2.0,2.0
OM273305/NA/NA/goose/2021,OM273305,China: Shandong province,15-Apr-2021,,goose,Goose,Anser,Anatidae,Anatidae (утиные),Aves,14.0,4.0,2.0,2.0
OM273304/NA/NA/goose/2021,OM273304,China: Shandong province,10-Apr-2021,,goose,Goose,Anser,Anatidae,Anatidae (утиные),Aves,14.0,4.0,2.0,2.0
OM273303/NA/NA/goose/2021,OM273303,China: Shandong province,28-Mar-2021,,goose,Goose,Anser,Anatidae,Anatidae (утиные),Aves,14.0,4.0,2.0,2.0
OM273302/NA/NA/goose/2021,OM273302,China: Shandong province,12-Mar-2021,,goose,Goose,Anser,Anatidae,Anatidae (утиные),Aves,14.0,4.0,2.0,2.0
MW217578/NA/DAstV-SDZZ/duck/2020,MW217578,China,2020,,duck,Duck,Anas,Anatidae,Anatidae (утиные),Aves,43.0,15.0,36.0,36.0
OL762472/NA/JXYC/goose/NA,OL762472,China,,,goose,Goose,Anser,Anatidae,Anatidae (утиные),Aves,8.0,17.0,15.0,14.0
OL762471/NA/JXGZ/goose/NA,OL762471,China,,,goose,Goose,Anser,Anatidae,Anatidae (утиные),Aves,8.0,17.0,15.0,14.0
MZ540211/NA/NA/goose/2019,MZ540211,China,2019,,goose,Goose,Anser,Anatidae,Anatidae (утиные),Aves,14.0,4.0,2.0,2.0
OL652659/NA/DAstV-SDWF/duck/2021,OL652659,China,2021,,duck,Duck,Anas,Anatidae,Anatidae (утиные),Aves,43.0,15.0,36.0,36.0
MZ150559/NA/ANV-Chicken-CHN-2020-AH202017/chicken/2020,MZ150559,China,2020,,chicken,Gallus gallus,Gallus,Phasianidae,Phasianidae (фазановые),Aves,20.0,63.0,9.0,8.0
OK571391/NA/ZJC14/goslings/2020,OK571391,China,10-Jun-2020,,goslings,Gosling,Anser,Anatidae,Anatidae (утиные),Aves,8.0,17.0,15.0,14.0
OK571390/NA/JRMS/goose/2020,OK571390,China,03-Dec-2020,,goose,Goose,Anser,Anatidae,Anatidae (утиные),Aves,14.0,4.0,2.0,2.0
OK571389/NA/ZJLD/goose/2020,OK571389,China,10-Jun-2020,,goose,Goose,Anser,Anatidae,Anatidae (утиные),Aves,14.0,4.0,2.0,2.0
MW353015/NA/TZ03/goose/2019,MW353015,China,07-Aug-2019,,goose,Goose,Anser,Anatidae,Anatidae (утиные),Aves,8.0,17.0,15.0,14.0
KT946725/NA/D10-5628-HK/spotted-dove/NA,KT946725,Hong Kong,,,spotted dove,Spotted dove,Streptopelia,Columbidae,Columbidae (голубиные),Aves,20.0,1.0,64.0,56.0
KT946724/NA/D11-440-HK/feral-pigeon/NA,KT946724,Hong Kong,,,feral pigeon,Feral pigeon,Columba,Columbidae,Columbidae (голубиные),Aves,20.0,1.0,60.0,56.0
KT946723/NA/D11-336-2-HK/spotted-dove/NA,KT946723,Hong Kong,,,spotted dove,Spotted dove,Streptopelia,Columbidae,Columbidae (голубиные),Aves,20.0,1.0,64.0,56.0
KT946722/NA/D11-116-HK/spotted-dove/NA,KT946722,Hong Kong,,,spotted dove,Spotted dove,Streptopelia,Columbidae,Columbidae (голубиные),Aves,20.0,1.0,64.0,56.0
KT946720/NA/D11-515-HK/house-crow/NA,KT946720,Hong Kong,,,house crow,House crow,Corvus,Corvidae,Corvidae (врановые),Aves,18.0,21.0,67.0,19.0
KT946719/NA/D11-467-HK/house-crow/NA,KT946719,Hong Kong,,,house crow,House crow,Corvus,Corvidae,Corvidae (врановые),Aves,18.0,21.0,67.0,19.0
KT946718/NA/D11-139-HK/house-crow/NA,KT946718,Hong Kong,,,house crow,House crow,Corvus,Corvidae,Corvidae (врановые),Aves,18.0,21.0,67.0,19.0
MZ576222/NA/JX01-China-2021/goose/2021,MZ576222,China,2021-05-20,,goose,Goose,Anser,Anatidae,Anatidae (утиные),Aves,14.0,4.0,2.0,2.0
MZ375139/NA/3PE-RDRP-2/Phrynocephalus-erythrurus/2020,MZ375139,China,2020,,Phrynocephalus erythrurus,Phrynocephalus erythrurus,Phrynocephalus,Agamidae,Agamidae (агамовые),Lepidosauria,25.0,28.0,26.0,26.0
MZ367612/NA/HNNY0620/Muscovy-duck/2020,MZ367612,China,20-Jun-2020,,Muscovy-duck,Muscovy duck,Cairina,Anatidae,Anatidae (утиные),Aves,14.0,4.0,2.0,2.0
MW826371/NA/XZN01/bird/2018,MW826371,China,Apr-2018,,bird,bird,bird,,,Aves,31.0,34.0,32.0,32.0
MK746105/NA/AAstV-Chicken-CHN-2017-NJ1701/chicken/2017,MK746105,China,2017,,chicken,Gallus gallus,Gallus,Phasianidae,Phasianidae (фазановые),Aves,35.0,2.0,1.0,1.0
MW846319/NA/CAstV-Chicken-CHN-2020-GD202013/chicken/2020,MW846319,China,2020,,chicken,Gallus gallus,Gallus,Phasianidae,Phasianidae (фазановые),Aves,35.0,3.0,41.0,40.0
MW684833/NA/Chicken-NLD-2019-V-M-053-astro-2/Gallus-gallus-domesticus-(broiler)/2019,MW684833,Netherlands,2019,,Gallus gallus domesticus (broiler),Gallus gallus,Gallus,Phasianidae,Phasianidae (фазановые),Aves,20.0,63.0,9.0,8.0
MW684832/NA/Chicken-NLD-2019-V-M-048-astro-2/Gallus-gallus-domesticus-(broiler)/2019,MW684832,Netherlands,2019,,Gallus gallus domesticus (broiler),Gallus gallus,Gallus,Phasianidae,Phasianidae (фазановые),Aves,20.0,63.0,9.0,8.0
MW684831/NA/Chicken-NLD-2019-V-M-047-astro-4/Gallus-gallus-domesticus-(broiler)/2019,MW684831,Netherlands,2019,,Gallus gallus domesticus (broiler),Gallus gallus,Gallus,Phasianidae,Phasianidae (фазановые),Aves,35.0,3.0,41.0,40.0
MW684830/NA/Chicken-NLD-2019-V-M-046-astro-12/Gallus-gallus-domesticus-(broiler)/2019,MW684830,Netherlands,2019,,Gallus gallus domesticus (broiler),Gallus gallus,Gallus,Phasianidae,Phasianidae (фазановые),Aves,35.0,3.0,41.0,40.0
MW684829/NA/Chicken-NLD-2019-V-M-041-astro-13/Gallus-gallus-domesticus-(broiler)/2019,MW684829,Netherlands,2019,,Gallus gallus domesticus (broiler),Gallus gallus,Gallus,Phasianidae,Phasianidae (фазановые),Aves,20.0,63.0,9.0,8.0
MW684827/NA/Chicken-NLD-2019-V-M-039-astro-3/Gallus-gallus-domesticus-(broiler)/2019,MW684827,Netherlands,2019,,Gallus gallus domesticus (broiler),Gallus gallus,Gallus,Phasianidae,Phasianidae (фазановые),Aves,20.0,63.0,9.0,8.0
MW684826/NA/Chicken-NLD-2019-V-M-039-astro-2/Gallus-gallus-domesticus-(broiler)/2019,MW684826,Netherlands,2019,,Gallus gallus domesticus (broiler),Gallus gallus,Gallus,Phasianidae,Phasianidae (фазановые),Aves,20.0,63.0,9.0,8.0
MW684825/NA/Chicken-NLD-2019-V-M-038-astro-6/Gallus-gallus-domesticus-(broiler)/2019,MW684825,Netherlands,2019,,Gallus gallus domesticus (broiler),Gallus gallus,Gallus,Phasianidae,Phasianidae (фазановые),Aves,20.0,63.0,9.0,8.0
MW684824/NA/Chicken-NLD-2019-V-M-038-astro-5/Gallus-gallus-domesticus-(broiler)/2019,MW684824,Netherlands,2019,,Gallus gallus domesticus (broiler),Gallus gallus,Gallus,Phasianidae,Phasianidae (фазановые),Aves,20.0,63.0,9.0,8.0
MW684823/NA/Chicken-NLD-2019-V-M-038-astro-4/Gallus-gallus-domesticus-(broiler)/2019,MW684823,Netherlands,2019,,Gallus gallus domesticus (broiler),Gallus gallus,Gallus,Phasianidae,Phasianidae (фазановые),Aves,35.0,3.0,41.0,40.0
MW684822/NA/Chicken-NLD-2019-V-M-036-astro-4/Gallus-gallus-domesticus-(broiler)/2019,MW684822,Netherlands,2019,,Gallus gallus domesticus (broiler),Gallus gallus,Gallus,Phasianidae,Phasianidae (фазановые),Aves,20.0,63.0,9.0,8.0
MW684821/NA/Chicken-NLD-2019-V-M-034-astro-2/Gallus-gallus-domesticus-(broiler)/2019,MW684821,Netherlands,2019,,Gallus gallus domesticus (broiler),Gallus gallus,Gallus,Phasianidae,Phasianidae (фазановые),Aves,20.0,63.0,9.0,8.0
MW684820/NA/Chicken-NLD-2019-V-M-033-astro-3/Gallus-gallus-domesticus-(broiler)/2019,MW684820,Netherlands,2019,,Gallus gallus domesticus (broiler),Gallus gallus,Gallus,Phasianidae,Phasianidae (фазановые),Aves,20.0,63.0,9.0,8.0
MW684819/NA/Chicken-NLD-2019-V-M-030-astro-12/Gallus-gallus-domesticus-(broiler)/2019,MW684819,Netherlands,2019,,Gallus gallus domesticus (broiler),Gallus gallus,Gallus,Phasianidae,Phasianidae (фазановые),Aves,20.0,63.0,9.0,8.0
MW684818/NA/Chicken-NLD-2019-V-M-015-astro-2/Gallus-gallus-domesticus-(broiler)/2019,MW684818,Netherlands,2019,,Gallus gallus domesticus (broiler),Gallus gallus,Gallus,Phasianidae,Phasianidae (фазановые),Aves,20.0,63.0,9.0,8.0
MW684817/NA/Environment-NLD-2019-VE-7-astro-14/Gallus-gallus-domesticus-(broiler)/2019,MW684817,Netherlands,2019,,Gallus gallus domesticus (broiler),Gallus gallus,Gallus,Phasianidae,Phasianidae (фазановые),Aves,35.0,3.0,41.0,40.0
MT708902/NA/AAstV-Goose-CHN-2019-DY-19/Anser-anser/2019,MT708902,China,Sep-2019,,Anser anser,Anser anser,Anser,Anatidae,Anatidae (утиные),Aves,14.0,4.0,2.0,2.0
MT993596/NA/MW10-1o/Arenaria-interpres-(ruddy-turnstone)/2015,MT993596,Australia,2015,,Arenaria interpres (ruddy turnstone),Arenaria interpres (ruddy turnstone),Arenaria,Scolopacidae,Scolopacidae (бекасовые),Aves,5.0,54.0,54.0,52.0
MT993595/NA/MW09-1o/Arenaria-interpres-(ruddy-turnstone)/2015,MT993595,Australia,2015,,Arenaria interpres (ruddy turnstone),Arenaria interpres (ruddy turnstone),Arenaria,Scolopacidae,Scolopacidae (бекасовые),Aves,6.0,56.0,56.0,54.0
MT993583/NA/MW06-2o/Arenaria-interpres-(ruddy-turnstone)/2014,MT993583,Australia,2014,,Arenaria interpres (ruddy turnstone),Arenaria interpres (ruddy turnstone),Arenaria,Scolopacidae,Scolopacidae (бекасовые),Aves,10.0,59.0,58.0,57.0
MN149395/NA/D390/Jinding-ducks/2013,MN149395,China,13-Oct-2013,,Jinding ducks,Jinding ducks,Anas,Anatidae,Anatidae (утиные),Aves,43.0,15.0,36.0,36.0
MN149394/NA/D200/Jinding-ducks/2013,MN149394,China,13-Oct-2013,,Jinding ducks,Jinding ducks,Anas,Anatidae,Anatidae (утиные),Aves,43.0,15.0,36.0,36.0
MN149393/NA/D120/Jinding-ducks/2013,MN149393,China,13-Oct-2013,,Jinding ducks,Jinding ducks,Anas,Anatidae,Anatidae (утиные),Aves,43.0,15.0,36.0,36.0
MW592379/NA/HNXX-6-China-2020/goose/2020,MW592379,China,2020,,goose,Goose,Anser,Anatidae,Anatidae (утиные),Aves,14.0,4.0,2.0,2.0
MW592378/NA/HNSQ-6-China-2020/goose/2020,MW592378,China,2020,,goose,Goose,Anser,Anatidae,Anatidae (утиные),Aves,14.0,4.0,2.0,2.0
MW592377/NA/HNKF-1-China-2020/goose/2020,MW592377,China,2020,,goose,Goose,Anser,Anatidae,Anatidae (утиные),Aves,14.0,4.0,2.0,2.0
MW345727/NA/SDPD/goose/2019,MW345727,China,Jan-2019,,goose,Goose,Anser,Anatidae,Anatidae (утиные),Aves,14.0,4.0,2.0,2.0
MW340534/NA/SCCD/goose/2019,MW340534,China,Jan-2019,,goose,Goose,Anser,Anatidae,Anatidae (утиные),Aves,8.0,17.0,15.0,14.0
MW413813/NA/XT1/goose/2020,MW413813,China: HeBei,05-May-2020,,goose,Goose,Anser,Anatidae,Anatidae (утиные),Aves,14.0,4.0,2.0,2.0
MT934439/NA/NA/goose/2019,MT934439,China,May-2019,,goose,Goose,Anser,Anatidae,Anatidae (утиные),Aves,14.0,4.0,2.0,2.0
MT934438/NA/NA/goose/2019,MT934438,China,May-2019,,goose,Goose,Anser,Anatidae,Anatidae (утиные),Aves,14.0,4.0,2.0,2.0
MT934437/NA/NA/goose/2019,MT934437,China,May-2019,,goose,Goose,Anser,Anatidae,Anatidae (утиные),Aves,14.0,4.0,2.0,2.0
MT585644/NA/VF16-03-164b/Gallus-gallus-broiler-chicken/2016,MT585644,United Kingdom: Northern Ireland,2016,,Gallus gallus broiler chicken,Gallus gallus,Gallus,Phasianidae,Phasianidae (фазановые),Aves,20.0,63.0,9.0,8.0
MT585643/NA/VF14-92-A2/Gallus-gallus-broiler-chicken/NA,MT585643,United Kingdom,,,Gallus gallus broiler chicken,Gallus gallus,Gallus,Phasianidae,Phasianidae (фазановые),Aves,20.0,63.0,9.0,8.0
MN109957/NA/NA/goose/2018,MN109957,China: Guangdong,11-Oct-2018,,goose,Goose,Anser,Anatidae,Anatidae (утиные),Aves,14.0,4.0,2.0,2.0
MN109956/NA/NA/goose/2018,MN109956,China: Guangdong,25-Aug-2018,,goose,Goose,Anser,Anatidae,Anatidae (утиные),Aves,14.0,4.0,2.0,2.0
MN109955/NA/NA/goose/2018,MN109955,China: Guangdong,09-Mar-2018,,goose,Goose,Anser,Anatidae,Anatidae (утиные),Aves,14.0,4.0,2.0,2.0
MN109954/NA/NA/goose/2018,MN109954,China: Guangdong,01-Jul-2018,,goose,Goose,Anser,Anatidae,Anatidae (утиные),Aves,14.0,4.0,2.0,2.0
MN127959/NA/NA/goose/2018,MN127959,China: Guangdong,18-Dec-2018,,goose,Goose,Anser,Anatidae,Anatidae (утиные),Aves,14.0,4.0,2.0,2.0
MN127958/NA/NA/goose/2018,MN127958,China: Guangdong,30-Nov-2018,,goose,Goose,Anser,Anatidae,Anatidae (утиные),Aves,14.0,4.0,2.0,2.0
MN127957/NA/NA/goose/2018,MN127957,China: Guangdong,29-Nov-2018,,goose,Goose,Anser,Anatidae,Anatidae (утиные),Aves,14.0,4.0,2.0,2.0
MN127956/NA/NA/goose/2018,MN127956,China: Guangdong,25-Nov-2018,,goose,Goose,Anser,Anatidae,Anatidae (утиные),Aves,14.0,4.0,2.0,2.0
MN127955/NA/NA/goose/2019,MN127955,China: Guangdong,16-Jan-2019,,goose,Goose,Anser,Anatidae,Anatidae (утиные),Aves,14.0,4.0,2.0,2.0
MN127954/NA/NA/goose/2019,MN127954,China: Guangdong,16-Jan-2019,,goose,Goose,Anser,Anatidae,Anatidae (утиные),Aves,14.0,4.0,2.0,2.0
MN127953/NA/NA/goose/2019,MN127953,China: Guangdong,03-Jan-2019,,goose,Goose,Anser,Anatidae,Anatidae (утиные),Aves,14.0,4.0,2.0,2.0
MN127952/NA/NA/goose/2018,MN127952,China: Guangdong,19-Dec-2018,,goose,Goose,Anser,Anatidae,Anatidae (утиные),Aves,14.0,4.0,2.0,2.0
MN127951/NA/NA/goose/2018,MN127951,China: Guangdong,20-Nov-2018,,goose,Goose,Anser,Anatidae,Anatidae (утиные),Aves,14.0,4.0,2.0,2.0
MN103532/NA/NA/goose/2018,MN103532,China,2018-07-01,,goose,Goose,Anser,Anatidae,Anatidae (утиные),Aves,14.0,4.0,2.0,2.0
MT491732/NA/IBS543-2017/Gallus-gallus/2017,MT491732,Malaysia,2017,,Gallus gallus,Gallus gallus,Gallus,Phasianidae,Phasianidae (фазановые),Aves,35.0,3.0,41.0,40.0
MT491731/NA/UPM1019-2018/Gallus-gallus/2018,MT491731,Malaysia,Jan-2018,,Gallus gallus,Gallus gallus,Gallus,Phasianidae,Phasianidae (фазановые),Aves,35.0,3.0,41.0,40.0
MT491730/NA/IBS503-2017/Gallus-gallus/2017,MT491730,Malaysia,2017,,Gallus gallus,Gallus gallus,Gallus,Phasianidae,Phasianidae (фазановые),Aves,35.0,3.0,41.0,40.0
MT789787/NA/CAstV-CA-SK-Chicken-19-0981-19/chicken/2019,MT789787,,24-Apr-2019,,chicken,Gallus gallus,Gallus,Phasianidae,Phasianidae (фазановые),Aves,35.0,3.0,41.0,40.0
MT789786/NA/CAstV-CA-SK-Chicken-19-0935-19/chicken/2019,MT789786,,16-Apr-2019,,chicken,Gallus gallus,Gallus,Phasianidae,Phasianidae (фазановые),Aves,35.0,3.0,41.0,40.0
MT789785/NA/CAstV-CA-SK-Chicken-18-0942-18/chicken/2018,MT789785,,19-Jun-2018,,chicken,Gallus gallus,Gallus,Phasianidae,Phasianidae (фазановые),Aves,35.0,3.0,41.0,40.0
MT789784/NA/CAstV-CA-AB-Chicken-17-0823-17/chicken/2017,MT789784,,09-Aug-2017,,chicken,Gallus gallus,Gallus,Phasianidae,Phasianidae (фазановые),Aves,35.0,3.0,41.0,40.0
MT789783/NA/CAstV-CA-AB-Chicken-17-0773b-17/chicken/2017,MT789783,,25-Jul-2017,,chicken,Gallus gallus,Gallus,Phasianidae,Phasianidae (фазановые),Aves,35.0,3.0,41.0,40.0
MT789782/NA/CAstV-CA-AB-Chicken-17-0773a-17/chicken/2017,MT789782,,25-Jul-2017,,chicken,Gallus gallus,Gallus,Phasianidae,Phasianidae (фазановые),Aves,35.0,3.0,41.0,40.0
MT789781/NA/CAstV-CA-AB-Chicken-15-1262d-15/chicken/2015,MT789781,,19-Nov-2015,,chicken,Gallus gallus,Gallus,Phasianidae,Phasianidae (фазановые),Aves,35.0,3.0,41.0,40.0
MT789780/NA/CAstV-CA-AB-Chicken-15-1262c-15/chicken/2015,MT789780,,19-Nov-2015,,chicken,Gallus gallus,Gallus,Phasianidae,Phasianidae (фазановые),Aves,35.0,3.0,41.0,40.0
MT789779/NA/CAstV-CA-AB-Chicken-15-1262b-15/chicken/2015,MT789779,,19-Nov-2015,,chicken,Gallus gallus,Gallus,Phasianidae,Phasianidae (фазановые),Aves,35.0,3.0,41.0,40.0
MT789778/NA/CAstV-CA-AB-Chicken-15-1262a-15/chicken/2015,MT789778,,19-Nov-2015,,chicken,Gallus gallus,Gallus,Phasianidae,Phasianidae (фазановые),Aves,35.0,3.0,41.0,40.0
MT789777/NA/CAstV-CA-AB-Chicken-14-1235d-14/chicken/2014,MT789777,,09-Dec-2014,,chicken,Gallus gallus,Gallus,Phasianidae,Phasianidae (фазановые),Aves,35.0,3.0,41.0,40.0
MT789776/NA/CAstV-CA-AB-Chicken-14-1235c-14/chicken/2014,MT789776,,08-Dec-2014,,chicken,Gallus gallus,Gallus,Phasianidae,Phasianidae (фазановые),Aves,35.0,3.0,41.0,40.0
MT789775/NA/CAstV-CA-AB-Chicken-14-1235b-14/chicken/2014,MT789775,,08-Dec-2014,,chicken,Gallus gallus,Gallus,Phasianidae,Phasianidae (фазановые),Aves,35.0,3.0,41.0,40.0
MT789774/NA/CAstV-CA-AB-Chicken-14-1235a-14/chicken/2014,MT789774,,08-Dec-2014,,chicken,Gallus gallus,Gallus,Phasianidae,Phasianidae (фазановые),Aves,35.0,3.0,41.0,40.0
MN307120/NA/AstV-HN03-Goose-0402-19/goose/2019,MN307120,China,02-Apr-2019,,goose,Goose,Anser,Anatidae,Anatidae (утиные),Aves,14.0,4.0,2.0,2.0
MN307119/NA/AstV-HB02-Goose-0310-19/goose/2019,MN307119,China,10-Mar-2019,,goose,Goose,Anser,Anatidae,Anatidae (утиные),Aves,14.0,4.0,2.0,2.0
MN307118/NA/AstV-HB01-Goose-0123-19/goose/2019,MN307118,China,03-Jan-2019,,goose,Goose,Anser,Anatidae,Anatidae (утиные),Aves,14.0,4.0,2.0,2.0
MN307117/NA/AstV-HN02-Goose-1119-18/goose/2018,MN307117,China,19-Nov-2018,,goose,Goose,Anser,Anatidae,Anatidae (утиные),Aves,14.0,4.0,2.0,2.0
MN307116/NA/AstV-AH02-Goose-0715-18/goose/2018,MN307116,China,15-Jul-2018,,goose,Goose,Anser,Anatidae,Anatidae (утиные),Aves,14.0,4.0,2.0,2.0
MN307115/NA/AstV-AH01-Goose-0512-18/goose/2018,MN307115,China,12-May-2018,,goose,Goose,Anser,Anatidae,Anatidae (утиные),Aves,14.0,4.0,2.0,2.0
MN307114/NA/AstV-HN01-Goose-0103-18/goose/2018,MN307114,China,03-Jan-2018,,goose,Goose,Anser,Anatidae,Anatidae (утиные),Aves,14.0,4.0,2.0,2.0
MN894548/NA/NA/goose/2019,MN894548,China: Hubei province,16-Jun-2019,,goose,Goose,Anser,Anatidae,Anatidae (утиные),Aves,14.0,4.0,2.0,2.0
MN807051/NA/AAstV-Chicken-CHN-2018-CZ1801/Gallus-gallus/2018,MN807051,China,2018,,Gallus gallus,Gallus gallus,Gallus,Phasianidae,Phasianidae (фазановые),Aves,35.0,2.0,1.0,1.0
MN809622/NA/AstV-SDTA/duck/NA,MN809622,China,,,duck,Duck,Anas,Anatidae,Anatidae (утиные),Aves,14.0,4.0,2.0,2.0
MT138011/NA/prf038ast1/NA/2018,MT138011,,2018,,nan,,,,,,47.0,41.0,40.0,39.0
MT138010/NA/prf037ast2/NA/2018,MT138010,,2018,,nan,,,,,,47.0,41.0,40.0,39.0
MT138007/NA/ltr178ast1/NA/2018,MT138007,,2018,,nan,,,,,,47.0,43.0,42.0,41.0
MT138005/NA/hwf041ast1/NA/2018,MT138005,,2018,,nan,,,,,,47.0,44.0,43.0,42.0
MT138002/NA/cra070ast1/NA/2018,MT138002,,2018,,nan,,,,,,50.0,46.0,45.0,44.0
MT137999/NA/coa196ast1/NA/2018,MT137999,,2018,,Periparus ater,Periparus ater,Periparus,Paridae,Paridae (синицевые),,23.0,26.0,24.0,24.0
MT137996/NA/cfe153ast01/NA/2018,MT137996,,2018,,nan,,,,,,1.0,50.0,49.0,48.0
MT138009/NA/prf037ast1nc/NA/2018,MT138009,,2018,,nan,,,,,,3.0,52.0,52.0,50.0
MT137995/NA/bun145astnc1/NA/2018,MT137995,,2018,,nan,,,,,,26.0,55.0,55.0,53.0
MT137994/NA/bsk136ast01/NA/2018,MT137994,,2018,,nan,,,,,,7.0,57.0,57.0,55.0
MT137992/NA/bfb201ast01/NA/2018,MT137992,,2018,,nan,,,,,,9.0,58.0,66.0,62.0
MT137991/NA/bbr144ast1/NA/2018,MT137991,,2018,,Prunella montanella,Prunella montanella,Prunella,Prunellidae,Prunellidae (завирушковые),,11.0,60.0,61.0,58.0
MN920672/NA/ytb090ast01/NA/2018,MN920672,China,2018,,nan,,,,,,9.0,58.0,66.0,62.0
MN920671/NA/ytb089ast01/NA/2018,MN920671,China,2018,,nan,,,,,,9.0,58.0,66.0,62.0
MN920670/NA/ybw202ast01/NA/2018,MN920670,China,2018,,nan,,,,,,16.0,18.0,16.0,15.0
MN920669/NA/ybb150ast01/NA/2018,MN920669,China,2018,,nan,,,,,,9.0,20.0,19.0,18.0
MN920668/NA/war204ast1/NA/2018,MN920668,China,2018,,nan,,,,,,26.0,23.0,21.0,21.0
MN920667/NA/tom152ast2/NA/2018,MN920667,China,2018,,Petroica macrocephala,Petroica macrocephala,Petroica,Petroicidae,Petroicidae (австралийские малиновки),,23.0,26.0,24.0,24.0
MN920663/NA/spa143ast1/NA/2018,MN920663,China,2018,,nan,,,,,,26.0,29.0,27.0,27.0
MN149392/NA/D17/Jinding-ducks/2013,MN149392,China,13-Oct-2013,,Jinding ducks,Jinding ducks,Anas,Anatidae,Anatidae (утиные),Aves,43.0,15.0,36.0,36.0
MN428645/NA/AHAU5/goose/2018,MN428645,China: Anhui,2018,,goose,Goose,Anser,Anatidae,Anatidae (утиные),Aves,14.0,4.0,2.0,2.0
MN428644/NA/AHAU4/goose/2018,MN428644,China: Anhui,2018,,goose,Goose,Anser,Anatidae,Anatidae (утиные),Aves,14.0,4.0,2.0,2.0
MN428643/NA/AHAU3/goose/2018,MN428643,China: Anhui,2018,,goose,Goose,Anser,Anatidae,Anatidae (утиные),Aves,14.0,4.0,2.0,2.0
MN428642/NA/GD-AHAU2/goose/2018,MN428642,China: Anhui,2018,,goose,Goose,Anser,Anatidae,Anatidae (утиные),Aves,14.0,4.0,2.0,2.0
MN428641/NA/AHAU1/goose/2018,MN428641,China: Anhui,2018,,goose,Goose,Anser,Anatidae,Anatidae (утиные),Aves,14.0,4.0,2.0,2.0
MN175321/NA/NA/goose/2018,MN175321,China: Heilongjiang province,09-Jul-2018,,goose,Goose,Anser,Anatidae,Anatidae (утиные),Aves,14.0,4.0,2.0,2.0
MN732559/NA/NA/Gallus-gallus-(broiler)/2017,MN732559,China,2017,,Gallus gallus (broiler),Gallus gallus,Gallus,Phasianidae,Phasianidae (фазановые),Aves,20.0,63.0,9.0,8.0
MN732558/NA/NA/Gallus-gallus-(broiler)/2018,MN732558,China,2018,,Gallus gallus (broiler),Gallus gallus,Gallus,Phasianidae,Phasianidae (фазановые),Aves,20.0,63.0,9.0,8.0
MN725026/NA/NA/chicken/2018,MN725026,China,2018,,chicken,Gallus gallus,Gallus,Phasianidae,Phasianidae (фазановые),Aves,35.0,2.0,1.0,1.0
MN725025/NA/NA/chicken/2018,MN725025,China,2018,,chicken,Gallus gallus,Gallus,Phasianidae,Phasianidae (фазановые),Aves,35.0,2.0,1.0,1.0
MN068024/NA/GTF-07/goose/2018,MN068024,China,Apr-2018,,goose,Goose,Anser,Anatidae,Anatidae (утиные),Aves,14.0,4.0,2.0,2.0
MN068023/NA/GTF-04/goose/2018,MN068023,China,Apr-2018,,goose,Goose,Anser,Anatidae,Anatidae (утиные),Aves,14.0,4.0,2.0,2.0
MN337323/NA/XX/goose/2018,MN337323,China,10-Jul-2018,,goose,Goose,Anser,Anatidae,Anatidae (утиные),Aves,14.0,4.0,2.0,2.0
MN399857/NA/SDXT/duck/2019,MN399857,China,15-Mar-2019,,duck,Duck,Anas,Anatidae,Anatidae (утиные),Aves,14.0,4.0,2.0,2.0
KT886453/NA/CAstV-Poland-G059-2014/Gallus-gallus/2014,KT886453,Poland,Feb-2014,,Gallus gallus,Gallus gallus,Gallus,Phasianidae,Phasianidae (фазановые),Aves,35.0,3.0,41.0,40.0
MK125058/NA/JSHA/gosling/2016,MK125058,China,2016,,gosling,Gosling,Anser,Anatidae,Anatidae (утиные),Aves,14.0,4.0,2.0,2.0
MK096775/NA/PasAstV-3/Passeriformes/2016,MK096775,French Guiana,Oct-2016,,Passeriformes,Passeriformes,Passer,Passeridae,Passeridae (воробьиные),Aves,51.0,47.0,46.0,45.0
MK096774/NA/PasAstV-2/Passeriformes/2016,MK096774,French Guiana,Oct-2016,,Passeriformes,Passeriformes,Passer,Passeridae,Passeridae (воробьиные),Aves,53.0,49.0,48.0,47.0
MK096773/NA/PasAstV-1/Passeriformes/NA,MK096773,French Guiana,,,Passeriformes,Passeriformes,Passer,Passeridae,Passeridae (воробьиные),Aves,27.0,30.0,28.0,28.0
MG661261/NA/NA/NA/2015,MG661261,China,2015,,rhesus monkey,Rhesus monkey,Macaca,Cercopithecidae,Cercopithecidae (мартышковые),,36.0,5.0,50.0,3.0
MH712856/NA/NA/duck/2012,MH712856,China,06-Feb-2012,,duck,Duck,Anas,Anatidae,Anatidae (утиные),Aves,43.0,15.0,36.0,36.0
MH807626/NA/NA/goose/2018,MH807626,China,08-Jan-2018,,goose,Goose,Anser,Anatidae,Anatidae (утиные),Aves,14.0,4.0,2.0,2.0
KY807085/NA/HN1G/Lingxian-White-Goose/2014,KY807085,China,20-May-2014,,Lingxian White Goose,Lingxian White Goose,Anser,Anatidae,Anatidae (утиные),Aves,14.0,4.0,2.0,2.0
MH453801/NA/AstV-Red-necked-Avocet-MW09-Interior/Red-necked-Avocet/2013,MH453801,Australia: Innaminka Regional Reserve,2013,,Red-necked Avocet,Red-necked Avocet,Recurvirostra,Recurvirostridae,Recurvirostridae (шилоклювковые),Aves,10.0,59.0,59.0,57.0
MH453800/NA/AstV-Red-necked-Avocet-MW08-Interior/Red-necked-Avocet/2013,MH453800,Australia: Western Port Bay,2013,,Red-necked Avocet,Red-necked Avocet,Recurvirostra,Recurvirostridae,Recurvirostridae (шилоклювковые),Aves,12.0,61.0,62.0,59.0
MG599931/NA/NA/Polypedates-megacephalus/NA,MG599931,China,,,Polypedates megacephalus,Polypedates megacephalus,Polypedates,Rhacophoridae,Rhacophoridae (веслоногие лягушки),Amphibia,29.0,32.0,30.0,30.0
MG599918/NA/NA/Hemidactylus-bowringii/NA,MG599918,China,,,Hemidactylus bowringii,Hemidactylus bowringii,Hemidactylus,Gekkonidae,Gekkonidae (гекконовые),Lepidosauria,32.0,35.0,33.0,33.0
MG599917/NA/NA/Gekko-similignum/NA,MG599917,China,,,Gekko similignum,Gekko similignum,Gekko,Gekkonidae,Gekkonidae (гекконовые),Lepidosauria,34.0,37.0,35.0,35.0
MG599916/NA/NA/Cynops-orientalis/NA,MG599916,China,,,Cynops orientalis,Cynops orientalis,Cynops,Salamandridae,Salamandridae (саламандровые),Amphibia,54.0,65.0,14.0,13.0
MG599910/NA/NA/Duttaphrynus-melanostictus/NA,MG599910,China,,,Duttaphrynus melanostictus,Duttaphrynus melanostictus,Duttaphrynus,Bufonidae,Bufonidae (жабовые),Amphibia,36.0,5.0,3.0,3.0
MH410610/NA/NA/goslings/2017,MH410610,China: Anhui province,Aug-2017,,goslings,Gosling,Anser,Anatidae,Anatidae (утиные),Aves,8.0,17.0,15.0,14.0
NC_034567/NA/FLX/Hortobagy-goose/2014,NC_034567,China,04-Jun-2014,,Hortobagy goose,Hortobagy goose,Anser,Anatidae,Anatidae (утиные),Aves,8.0,17.0,15.0,14.0
NC_012437/NA/NA/duck/2008,NC_012437,China,09-Jul-2008,,duck,Duck,Anas,Anatidae,Anatidae (утиные),Aves,43.0,15.0,36.0,36.0
NC_005790/NA/NA/NA/NA,NC_005790,,,,turkey,turkey,Meleagris,Phasianidae,Phasianidae (фазановые),Aves,13.0,62.0,63.0,60.0
NC_002470/NA/NA/turkey/NA,NC_002470,,,,turkey,turkey,Meleagris,Phasianidae,Phasianidae (фазановые),Aves,40.0,10.0,7.0,7.0
MG934571/NA/GD/goose/2017,MG934571,China: Guangdong,01-Nov-2017,,goose,Goose,Anser,Anatidae,Anatidae (утиные),Aves,14.0,4.0,2.0,2.0
MF768270/NA/NA/pigeon/2014,MF768270,China,2014-03-01,,pigeon,Pigeon,Columba,Columbidae,Columbidae (голубиные),Aves,20.0,1.0,64.0,56.0
MH052598/NA/NA/goose/2017,MH052598,China,16-Nov-2017,,goose,Goose,Anser,Anatidae,Anatidae (утиные),Aves,14.0,4.0,2.0,2.0
MF772821/NA/NA/Lande-geese/2017,MF772821,China: Shandong province,2017-04,,Lande geese,Lande geese,Anser,Anatidae,Anatidae (утиные),Aves,14.0,4.0,2.0,2.0
KY646154/NA/HB2015/Beijing-duck/2015,KY646154,China,2015,,Beijing duck,Beijing duck,Duck,Anatidae,Anatidae (утиные),Aves,43.0,15.0,36.0,36.0
KX397576/NA/CkP5/chicken/NA,KX397576,USA,,,chicken,Gallus gallus,Gallus,Phasianidae,Phasianidae (фазановые),Aves,35.0,3.0,41.0,40.0
KX397575/NA/CC-CkAstV/chicken/NA,KX397575,USA,,,chicken,Gallus gallus,Gallus,Phasianidae,Phasianidae (фазановые),Aves,35.0,3.0,41.0,40.0
KY271027/NA/FLX/Hortobagy-goose/2014,KY271027,China,04-Jun-2014,,Hortobagy goose,Hortobagy goose,Anser,Anatidae,Anatidae (утиные),Aves,8.0,17.0,15.0,14.0
KY038163/NA/CAstV-INDIA-ANAND-2016/chicken/2016,KY038163,India,24-Feb-2016,,chicken,Gallus gallus,Gallus,Phasianidae,Phasianidae (фазановые),Aves,35.0,3.0,41.0,40.0
FJ919228/NA/NA/duck/NA,FJ919228,China,,,duck,Duck,Anas,Anatidae,Anatidae (утиные),Aves,43.0,15.0,36.0,36.0
FJ919227/NA/NA/duck/NA,FJ919227,China,,,duck,Duck,Anas,Anatidae,Anatidae (утиные),Aves,43.0,15.0,36.0,36.0
FJ919226/NA/NA/duck/NA,FJ919226,China,,,duck,Duck,Anas,Anatidae,Anatidae (утиные),Aves,43.0,15.0,36.0,36.0
FJ919225/NA/NA/duck/NA,FJ919225,China,,,duck,Duck,Anas,Anatidae,Anatidae (утиные),Aves,43.0,15.0,36.0,36.0
JF414802/NA/GA2011/chicken/2007,JF414802,USA,Aug-2007,,chicken,Gallus gallus,Gallus,Phasianidae,Phasianidae (фазановые),Aves,35.0,3.0,41.0,40.0
KM254166/NA/AstroQ45-2013/chicken/2013,KM254166,South Korea,Aug-2013,,chicken,Gallus gallus,Gallus,Phasianidae,Phasianidae (фазановые),Aves,20.0,63.0,9.0,8.0
JX624774/NA/NA/Pekin-duck/NA,JX624774,China,,,Pekin duck,Beijing duck,Anas,Anatidae,Anatidae (утиные),Aves,38.0,7.0,17.0,16.0
KM985703/NA/VIC-6b/Gallus-gallus/2010,KM985703,Australia,28-Jul-2010,,Gallus gallus,Gallus gallus,Gallus,Phasianidae,Phasianidae (фазановые),Aves,20.0,63.0,9.0,8.0
KM985702/NA/VIC-6a/Gallus-gallus/2010,KM985702,Australia,28-Jul-2010,,Gallus gallus,Gallus gallus,Gallus,Phasianidae,Phasianidae (фазановые),Aves,20.0,63.0,9.0,8.0
KJ020899/NA/NA/duck/2013,KJ020899,China,22-Jun-2013,,duck,Duck,Anas,Anatidae,Anatidae (утиные),Aves,41.0,12.0,11.0,10.0
KF753807/NA/NA/NA/2012,KF753807,China,15-Sep-2012,,duck,Duck,Anas,Anatidae,Anatidae (утиные),Aves,13.0,13.0,10.0,9.0
KF753806/NA/NA/NA/2012,KF753806,China,15-Sep-2012,,duck,Duck,Anas,Anatidae,Anatidae (утиные),Aves,13.0,13.0,10.0,9.0
KF753805/NA/NA/NA/2012,KF753805,China,15-Sep-2012,,duck,Duck,Anas,Anatidae,Anatidae (утиные),Aves,13.0,13.0,10.0,9.0
KF753804/NA/NA/NA/2012,KF753804,China,15-Sep-2012,,duck,Duck,Anas,Anatidae,Anatidae (утиные),Aves,13.0,13.0,10.0,9.0
JX439643/NA/NA/duck/2012,JX439643,China,01-Jan-2012,,duck,Duck,Anas,Anatidae,Anatidae (утиные),Aves,43.0,15.0,36.0,36.0
Y15936/NA/NA/turkey/NA,Y15936,,,,turkey,turkey,Meleagris,Phasianidae,Phasianidae (фазановые),Aves,40.0,10.0,7.0,7.0
FJ434664/NA/NA/duck/2008,FJ434664,China,09-Jul-2008,,duck,Duck,Anas,Anatidae,Anatidae (утиные),Aves,43.0,15.0,36.0,36.0
EU143851/NA/NA/NA/NA,EU143851,,,,turkey,turkey,Meleagris,Phasianidae,Phasianidae (фазановые),Aves,13.0,62.0,63.0,60.0
EU143850/NA/NA/NA/NA,EU143850,,,,turkey,turkey,Meleagris,Phasianidae,Phasianidae (фазановые),Aves,13.0,62.0,63.0,60.0
EU143849/NA/NA/NA/NA,EU143849,,,,turkey,turkey,Meleagris,Phasianidae,Phasianidae (фазановые),Aves,13.0,62.0,63.0,60.0
EU143848/NA/NA/NA/NA,EU143848,,,,turkey,turkey,Meleagris,Phasianidae,Phasianidae (фазановые),Aves,13.0,62.0,63.0,60.0
EU143847/NA/NA/NA/NA,EU143847,,,,turkey,turkey,Meleagris,Phasianidae,Phasianidae (фазановые),Aves,13.0,62.0,63.0,60.0
EU143846/NA/NA/NA/NA,EU143846,,,,turkey,turkey,Meleagris,Phasianidae,Phasianidae (фазановые),Aves,13.0,62.0,63.0,60.0
EU143845/NA/NA/NA/NA,EU143845,,,,turkey,turkey,Meleagris,Phasianidae,Phasianidae (фазановые),Aves,13.0,62.0,63.0,60.0
EU143844/NA/NA/NA/NA,EU143844,,,,turkey,turkey,Meleagris,Phasianidae,Phasianidae (фазановые),Aves,13.0,62.0,63.0,60.0
EU143843/NA/NA/NA/NA,EU143843,,,,turkey,turkey,Meleagris,Phasianidae,Phasianidae (фазановые),Aves,13.0,62.0,63.0,60.0
AF206663/NA/NA/NA/NA,AF206663,,,,turkey,turkey,Meleagris,Phasianidae,Phasianidae (фазановые),Aves,13.0,62.0,63.0,60.0
JF832365/NA/4175/Gallus-gallus/2006,JF832365,USA: GA,Nov-2006,,Gallus gallus,Gallus gallus,Gallus,Phasianidae,Phasianidae (фазановые),Aves,48.0,42.0,41.0,40.0
HV511037/NA/NA/NA/NA,HV511037,,,,nan,,,,,,20.0,63.0,9.0,8.0
HQ889774/NA/NA/pigeon/2010,HQ889774,China: Shanghai,Sep-2010,,pigeon,Pigeon,Columba,Columbidae,Columbidae (голубиные),Aves,20.0,63.0,9.0,8.0
HM029238/NA/NA/chicken/2009,HM029238,China: Sichuan,2009,,chicken,Gallus gallus,Gallus,Phasianidae,Phasianidae (фазановые),Aves,20.0,63.0,9.0,8.0
AB033998/NA/NA/NA/NA,AB033998,,,,chicken,Gallus gallus,Gallus,Phasianidae,Phasianidae (фазановые),Aves,20.0,63.0,9.0,8.0
